INSERT INTO Dias (id_dia,nombre_dia) VALUES (1,'Lunes');
INSERT INTO Dias (id_dia,nombre_dia) VALUES (2,'Martes');
INSERT INTO Dias (id_dia,nombre_dia) VALUES (3,'Miercoles');
INSERT INTO Dias (id_dia,nombre_dia) VALUES (4,'Jueves');
INSERT INTO Dias (id_dia,nombre_dia) VALUES (5,'Viernes');
INSERT INTO Dias (id_dia,nombre_dia) VALUES (6,'Sabado');
INSERT INTO Dias (id_dia,nombre_dia) VALUES (7,'Domingo');

INSERT INTO Direccion (id_direccion,calle,numero_ext,numero_int,colonia,ciudad,CP) VALUES (1,'rdiet St.',642,325,'Ulster','GA','3473F');
INSERT INTO Direccion (id_direccion,calle,numero_ext,numero_int,colonia,ciudad,CP) VALUES (2,'P.O.Nulla St.',518,502,'AZ','Ankara','6176');
INSERT INTO Direccion (id_direccion,calle,numero_ext,numero_int,colonia,ciudad,CP) VALUES (3,'Ap Donec Road',998,610,'SP','Vienna','9461H');
INSERT INTO Direccion (id_direccion,calle,numero_ext,numero_int,colonia,ciudad,CP) VALUES (4,'P.O.itae St.',16,251,'IM','Oost-Vlaanderen','03545');
INSERT INTO Direccion (id_direccion,calle,numero_ext,numero_int,colonia,ciudad,CP) VALUES (5,'St.',154,627,'Vienna','MetropolitanSantiago','05394');
INSERT INTO Direccion (id_direccion,calle,numero_ext,numero_int,colonia,ciudad,CP) VALUES (6,'Ap Lorem St.',669,318,'Illes Balears','Balıkesir','8490N');
INSERT INTO Direccion (id_direccion,calle,numero_ext,numero_int,colonia,ciudad,CP) VALUES (7,'Duis Road',738,634,'Queensland','L','18397');
INSERT INTO Direccion (id_direccion,calle,numero_ext,numero_int,colonia,ciudad,CP) VALUES (8,'a Av.',166,267,'ON','Ulster','53963');
INSERT INTO Direccion (id_direccion,calle,numero_ext,numero_int,colonia,ciudad,CP) VALUES (9,'Ap Leo. Road',183,974,'NO','O','03923');
INSERT INTO Direccion (id_direccion,calle,numero_ext,numero_int,colonia,ciudad,CP) VALUES (10,' Street',97,676,'İzm','West-Vlaanderen','27492');
INSERT INTO Direccion (id_direccion,calle,numero_ext,numero_int,colonia,ciudad,CP) VALUES (11,'Ut, Street',96,887,'Queensland','Leinster','7677Z');
INSERT INTO Direccion (id_direccion,calle,numero_ext,numero_int,colonia,ciudad,CP) VALUES (12,'Ipsum Ave',896,739,'TN','Emilia-Romagna','88133');
INSERT INTO Direccion (id_direccion,calle,numero_ext,numero_int,colonia,ciudad,CP) VALUES (13,'P.O.In, St.',292,206,'Oo.','Goias','20433');
INSERT INTO Direccion (id_direccion,calle,numero_ext,numero_int,colonia,ciudad,CP) VALUES (14,'Ap Pharetra, St.',858,716,'CT','Sicilia','21415');
INSERT INTO Direccion (id_direccion,calle,numero_ext,numero_int,colonia,ciudad,CP) VALUES (15,'Varius. Rd.',421,947,'Sicilia','SIC','78161');
INSERT INTO Direccion (id_direccion,calle,numero_ext,numero_int,colonia,ciudad,CP) VALUES (16,'Ap Convallis, St.',272,998,'Maule','Henegouwen','96123');
INSERT INTO Direccion (id_direccion,calle,numero_ext,numero_int,colonia,ciudad,CP) VALUES (17,'Ap Dolor Avenue',729,348,'AG','North Island','20812');
INSERT INTO Direccion (id_direccion,calle,numero_ext,numero_int,colonia,ciudad,CP) VALUES (18,'P.O.Etiam Ave',913,101,'Alaska','KT','7434I');
INSERT INTO Direccion (id_direccion,calle,numero_ext,numero_int,colonia,ciudad,CP) VALUES (19,'Pox Lacus. Road',193,795,'Georgia','Provence-Alpes Azur','7154');
INSERT INTO Direccion (id_direccion,calle,numero_ext,numero_int,colonia,ciudad,CP) VALUES (20,'Ap Ac Rd.',373,129,'C','Bihar','49039');
INSERT INTO Direccion (id_direccion,calle,numero_ext,numero_int,colonia,ciudad,CP) VALUES (21,'P.O.Urna St.',727,470,'Berlin','Andhra Pradesh','45052');
INSERT INTO Direccion (id_direccion,calle,numero_ext,numero_int,colonia,ciudad,CP) VALUES (22,'am Street',591,411,'Wielkopolskie','MAR','A40EL');
INSERT INTO Direccion (id_direccion,calle,numero_ext,numero_int,colonia,ciudad,CP) VALUES (23,'Ap Suscipit, St.',772,913,'Pembrokeshire','North Island','4663');
INSERT INTO Direccion (id_direccion,calle,numero_ext,numero_int,colonia,ciudad,CP) VALUES (24,'Tempor Av.',101,677,'ON','CN','9294');
INSERT INTO Direccion (id_direccion,calle,numero_ext,numero_int,colonia,ciudad,CP) VALUES (25,'Ap Semper, Rd.',388,428,'North Island','Bremen','1359B');
INSERT INTO Direccion (id_direccion,calle,numero_ext,numero_int,colonia,ciudad,CP) VALUES (26,'Diam. Rd.',512,87,'Victoria','Lazio','16411');
INSERT INTO Direccion (id_direccion,calle,numero_ext,numero_int,colonia,ciudad,CP) VALUES (27,'s. Avenue',162,882,'Antalya','SI','30691');
INSERT INTO Direccion (id_direccion,calle,numero_ext,numero_int,colonia,ciudad,CP) VALUES (28,'Ap In Rd.',358,269,'NI','Aragon','3793G');
INSERT INTO Direccion (id_direccion,calle,numero_ext,numero_int,colonia,ciudad,CP) VALUES (29,'P.O.Non Street',243,895,'Pomorskie','VII','29090');
INSERT INTO Direccion (id_direccion,calle,numero_ext,numero_int,colonia,ciudad,CP) VALUES (30,'. Road',56,449,'Madrid','Bremen','D96JO');
INSERT INTO Direccion (id_direccion,calle,numero_ext,numero_int,colonia,ciudad,CP) VALUES (31,'P.O.Proin St.',59,890,'OP','SP','05544');
INSERT INTO Direccion (id_direccion,calle,numero_ext,numero_int,colonia,ciudad,CP) VALUES (32,'Ap Nec Road',896,756,'Tennessee','LIG','79264');
INSERT INTO Direccion (id_direccion,calle,numero_ext,numero_int,colonia,ciudad,CP) VALUES (33,'tas Rd.',979,95,'Lubuskie','Benue','7032');
INSERT INTO Direccion (id_direccion,calle,numero_ext,numero_int,colonia,ciudad,CP) VALUES (34,'. Street',565,785,'Missouri','Baden','45917');
INSERT INTO Direccion (id_direccion,calle,numero_ext,numero_int,colonia,ciudad,CP) VALUES (35,'s. Road',543,757,'Victoria','Piemonte','70713');
INSERT INTO Direccion (id_direccion,calle,numero_ext,numero_int,colonia,ciudad,CP) VALUES (36,'P.O.Odio, Street',361,74,'Quebec','DE','68249');
INSERT INTO Direccion (id_direccion,calle,numero_ext,numero_int,colonia,ciudad,CP) VALUES (37,'Vivamus Ave',15,227,'Connacht','NI','75831');
INSERT INTO Direccion (id_direccion,calle,numero_ext,numero_int,colonia,ciudad,CP) VALUES (38,'Aliquam Rd.',890,364,'Connecticut','British Columbia','2684');
INSERT INTO Direccion (id_direccion,calle,numero_ext,numero_int,colonia,ciudad,CP) VALUES (39,'Quam. Rd.',55,865,'X','WB','06746');
INSERT INTO Direccion (id_direccion,calle,numero_ext,numero_int,colonia,ciudad,CP) VALUES (40,'Ap Id, Street',588,71,'North Island','Comunitat Valenciana','GP1T6');
INSERT INTO Direccion (id_direccion,calle,numero_ext,numero_int,colonia,ciudad,CP) VALUES (41,'Mi St.',841,538,'Luxemburg','ON','73136');
INSERT INTO Direccion (id_direccion,calle,numero_ext,numero_int,colonia,ciudad,CP) VALUES (42,'m Av.',801,848,'São Paulo','Ontario','1368');
INSERT INTO Direccion (id_direccion,calle,numero_ext,numero_int,colonia,ciudad,CP) VALUES (43,'P.O.Mi St.',765,91,'Ontario','Campania','25455');
INSERT INTO Direccion (id_direccion,calle,numero_ext,numero_int,colonia,ciudad,CP) VALUES (44,'P.O.A St.',713,932,'ON','Wie','24317');
INSERT INTO Direccion (id_direccion,calle,numero_ext,numero_int,colonia,ciudad,CP) VALUES (45,'Mauris Av.',851,480,'IA','Vlaams-Brabant','50370');
INSERT INTO Direccion (id_direccion,calle,numero_ext,numero_int,colonia,ciudad,CP) VALUES (46,'get, Av.',244,656,'TAS','Schleswig-Holstein','2413');
INSERT INTO Direccion (id_direccion,calle,numero_ext,numero_int,colonia,ciudad,CP) VALUES (47,'P.O.Scelerisque Av.',734,778,'OG','RM','26622');
INSERT INTO Direccion (id_direccion,calle,numero_ext,numero_int,colonia,ciudad,CP) VALUES (48,'P.O.dipiscing Rd.',766,936,'CH','PR','14476');
INSERT INTO Direccion (id_direccion,calle,numero_ext,numero_int,colonia,ciudad,CP) VALUES (49,'P.O.Turpis St.',841,657,'CO','VII','C43KW');
INSERT INTO Direccion (id_direccion,calle,numero_ext,numero_int,colonia,ciudad,CP) VALUES (50,' Rd.',570,209,'Delta','X','10219');
INSERT INTO Direccion (id_direccion,calle,numero_ext,numero_int,colonia,ciudad,CP) VALUES (51,'Road',107,191,'Wie','Gaz','40850');
INSERT INTO Direccion (id_direccion,calle,numero_ext,numero_int,colonia,ciudad,CP) VALUES (52,'r, Street',713,901,'BU','TN','49128');
INSERT INTO Direccion (id_direccion,calle,numero_ext,numero_int,colonia,ciudad,CP) VALUES (53,'t.',346,130,'AB','Vienna','3212');
INSERT INTO Direccion (id_direccion,calle,numero_ext,numero_int,colonia,ciudad,CP) VALUES (54,'Ap Nunc Ave',503,117,'RM','Queensland','96994');
INSERT INTO Direccion (id_direccion,calle,numero_ext,numero_int,colonia,ciudad,CP) VALUES (55,'P.O.Ultricies Ave',500,893,'MetropolitanSantiago','Nottinghamshire','16621');
INSERT INTO Direccion (id_direccion,calle,numero_ext,numero_int,colonia,ciudad,CP) VALUES (56,'P.O.Quisque Avenue',476,828,'N.','IL','40277');
INSERT INTO Direccion (id_direccion,calle,numero_ext,numero_int,colonia,ciudad,CP) VALUES (57,'is. Street',948,416,'QC','RM','4228');
INSERT INTO Direccion (id_direccion,calle,numero_ext,numero_int,colonia,ciudad,CP) VALUES (58,'Ap rcu Road',368,971,'SP','North Island','75');
INSERT INTO Direccion (id_direccion,calle,numero_ext,numero_int,colonia,ciudad,CP) VALUES (59,'v.',149,914,'SP','Wyoming','4257');
INSERT INTO Direccion (id_direccion,calle,numero_ext,numero_int,colonia,ciudad,CP) VALUES (60,'er Avenue',390,280,'NI','Sicilia','33591');
INSERT INTO Direccion (id_direccion,calle,numero_ext,numero_int,colonia,ciudad,CP) VALUES (61,'Ap Arcu. Street',484,360,'Ist','İzm','44015');
INSERT INTO Direccion (id_direccion,calle,numero_ext,numero_int,colonia,ciudad,CP) VALUES (62,'Ap Sit Road',841,340,'Andalucia','SJ','70164');
INSERT INTO Direccion (id_direccion,calle,numero_ext,numero_int,colonia,ciudad,CP) VALUES (63,'Ap Consequat St.',605,756,'Wie','Bur','29731');
INSERT INTO Direccion (id_direccion,calle,numero_ext,numero_int,colonia,ciudad,CP) VALUES (64,'m Avenue',752,805,'NI','HH','88778');
INSERT INTO Direccion (id_direccion,calle,numero_ext,numero_int,colonia,ciudad,CP) VALUES (65,'d.',672,473,'AK','DS','2419');
INSERT INTO Direccion (id_direccion,calle,numero_ext,numero_int,colonia,ciudad,CP) VALUES (66,'m. Road',799,35,'Heredia','San Jose','35193');
INSERT INTO Direccion (id_direccion,calle,numero_ext,numero_int,colonia,ciudad,CP) VALUES (67,'Ave',58,476,'C','HH','63163');
INSERT INTO Direccion (id_direccion,calle,numero_ext,numero_int,colonia,ciudad,CP) VALUES (68,'P.O.Egestas. Road',267,158,'łodzkie','BC','51422');
INSERT INTO Direccion (id_direccion,calle,numero_ext,numero_int,colonia,ciudad,CP) VALUES (69,'Ap Metus Rd.',188,172,'SJ','NI','54467');
INSERT INTO Direccion (id_direccion,calle,numero_ext,numero_int,colonia,ciudad,CP) VALUES (70,'Ap Malesuada Av.',99,166,'North Island','OR','33747');
INSERT INTO Direccion (id_direccion,calle,numero_ext,numero_int,colonia,ciudad,CP) VALUES (71,'bitur Rd.',587,224,'İzm','AN','F91VU');
INSERT INTO Direccion (id_direccion,calle,numero_ext,numero_int,colonia,ciudad,CP) VALUES (72,'d.',510,408,'Saarland','Stockholms lan','65733');
INSERT INTO Direccion (id_direccion,calle,numero_ext,numero_int,colonia,ciudad,CP) VALUES (73,'Ap Arcu. Rd.',352,259,'Lombardia','Vienna','91762');
INSERT INTO Direccion (id_direccion,calle,numero_ext,numero_int,colonia,ciudad,CP) VALUES (74,'P.O.Nonummy Road',817,957,'California','Yukon','VY0T5');
INSERT INTO Direccion (id_direccion,calle,numero_ext,numero_int,colonia,ciudad,CP) VALUES (75,'P.O.Fermentum St.',787,72,'III','VIC','19473');
INSERT INTO Direccion (id_direccion,calle,numero_ext,numero_int,colonia,ciudad,CP) VALUES (76,'Ap Ipsum St.',587,584,'VI','UT','67892');
INSERT INTO Direccion (id_direccion,calle,numero_ext,numero_int,colonia,ciudad,CP) VALUES (77,'Ap Sed Street',329,69,'Munster','BC','R55AG');
INSERT INTO Direccion (id_direccion,calle,numero_ext,numero_int,colonia,ciudad,CP) VALUES (78,'t Street',746,218,'BE','Veneto','63');
INSERT INTO Direccion (id_direccion,calle,numero_ext,numero_int,colonia,ciudad,CP) VALUES (79,'P.O.Lorem Ave',670,799,'Gavleborgs lan','BE','82165');
INSERT INTO Direccion (id_direccion,calle,numero_ext,numero_int,colonia,ciudad,CP) VALUES (80,' Rd.',578,852,'South Island','Leinster','69804');
INSERT INTO Direccion (id_direccion,calle,numero_ext,numero_int,colonia,ciudad,CP) VALUES (81,'Rutrum Street',714,408,'AB','BE','66387');
INSERT INTO Direccion (id_direccion,calle,numero_ext,numero_int,colonia,ciudad,CP) VALUES (82,'or Av.',400,571,'SIC','F','79584');
INSERT INTO Direccion (id_direccion,calle,numero_ext,numero_int,colonia,ciudad,CP) VALUES (83,'Ap Sit Street',350,364,'Wie','FVG','7747');
INSERT INTO Direccion (id_direccion,calle,numero_ext,numero_int,colonia,ciudad,CP) VALUES (84,'Ap In Rd.',510,693,'Toscana','Kansas','75152');
INSERT INTO Direccion (id_direccion,calle,numero_ext,numero_int,colonia,ciudad,CP) VALUES (85,'Ac, St.',780,795,'CT','Manitoba','4238');
INSERT INTO Direccion (id_direccion,calle,numero_ext,numero_int,colonia,ciudad,CP) VALUES (86,' Avenue',614,886,'Namen','Ist','11108');
INSERT INTO Direccion (id_direccion,calle,numero_ext,numero_int,colonia,ciudad,CP) VALUES (87,'Ap Et St.',951,938,'Leinster','Bremen','S36RY');
INSERT INTO Direccion (id_direccion,calle,numero_ext,numero_int,colonia,ciudad,CP) VALUES (88,'. St.',554,565,'Wie','ON','80715');
INSERT INTO Direccion (id_direccion,calle,numero_ext,numero_int,colonia,ciudad,CP) VALUES (89,'P.O.Purus, Rd.',625,1000,'MP','Montana','13564');
INSERT INTO Direccion (id_direccion,calle,numero_ext,numero_int,colonia,ciudad,CP) VALUES (90,'Ap Erat Road',856,312,'BE','QC','7118');
INSERT INTO Direccion (id_direccion,calle,numero_ext,numero_int,colonia,ciudad,CP) VALUES (91,'Sapien. Ave',15,975,'AG','Stockholms lan','95243');
INSERT INTO Direccion (id_direccion,calle,numero_ext,numero_int,colonia,ciudad,CP) VALUES (92,'Eu, St.',119,737,'Gaz','Georgia','49614');
INSERT INTO Direccion (id_direccion,calle,numero_ext,numero_int,colonia,ciudad,CP) VALUES (93,'tis. Road',551,600,'KY','PR','75719');
INSERT INTO Direccion (id_direccion,calle,numero_ext,numero_int,colonia,ciudad,CP) VALUES (94,'Ap Molestie Rd.',674,435,'Ulster','Pennsylvania','5992T');
INSERT INTO Direccion (id_direccion,calle,numero_ext,numero_int,colonia,ciudad,CP) VALUES (95,'ntum Avenue',658,845,'Ontario','Cumberland','34881');
INSERT INTO Direccion (id_direccion,calle,numero_ext,numero_int,colonia,ciudad,CP) VALUES (96,'Rutrum Ave',777,585,'Vienna','C','4230');
INSERT INTO Direccion (id_direccion,calle,numero_ext,numero_int,colonia,ciudad,CP) VALUES (97,'Pox Integer Rd.',982,118,'KS','NSW','81979');
INSERT INTO Direccion (id_direccion,calle,numero_ext,numero_int,colonia,ciudad,CP) VALUES (98,'am Av.',482,946,'L','WM','10262');
INSERT INTO Direccion (id_direccion,calle,numero_ext,numero_int,colonia,ciudad,CP) VALUES (99,'rtis Rd.',491,645,'Arizona','Kahramanmaraş','YK4G3');
INSERT INTO Direccion (id_direccion,calle,numero_ext,numero_int,colonia,ciudad,CP) VALUES (100,'on St.',154,393,'Bihar','Henegouwen','74024');
INSERT INTO Direccion (id_direccion,calle,numero_ext,numero_int,colonia,ciudad,CP) VALUES (101,'Ap Nonummy Street',39,116,'Bursa','Dolnośląskie','37693');
INSERT INTO Direccion (id_direccion,calle,numero_ext,numero_int,colonia,ciudad,CP) VALUES (102,'Ap urpis Rd.',162,297,'Istanbul','CT','31926');
INSERT INTO Direccion (id_direccion,calle,numero_ext,numero_int,colonia,ciudad,CP) VALUES (103,'ve',375,755,'NA','IL','93863');
INSERT INTO Direccion (id_direccion,calle,numero_ext,numero_int,colonia,ciudad,CP) VALUES (104,'P.O.Montes, Street',655,889,'Devon','L','61315');
INSERT INTO Direccion (id_direccion,calle,numero_ext,numero_int,colonia,ciudad,CP) VALUES (105,'Odio St.',881,339,'Piemonte','Wie','1102');
INSERT INTO Direccion (id_direccion,calle,numero_ext,numero_int,colonia,ciudad,CP) VALUES (106,'P.O.Quisque Road',952,707,'Stockholms lan','North Island','42794');
INSERT INTO Direccion (id_direccion,calle,numero_ext,numero_int,colonia,ciudad,CP) VALUES (107,'Metus St.',252,593,'VIC','Drenthe','38218');
INSERT INTO Direccion (id_direccion,calle,numero_ext,numero_int,colonia,ciudad,CP) VALUES (108,'P.O.Faucibus. Ave',825,651,'Quebec','Maranhão','88497');
INSERT INTO Direccion (id_direccion,calle,numero_ext,numero_int,colonia,ciudad,CP) VALUES (109,'gilla, Rd.',453,400,'AN','Luik','F83TE');
INSERT INTO Direccion (id_direccion,calle,numero_ext,numero_int,colonia,ciudad,CP) VALUES (110,'P.O.Mauris St.',24,12,'VIC','Victoria','92791');
INSERT INTO Direccion (id_direccion,calle,numero_ext,numero_int,colonia,ciudad,CP) VALUES (111,'Ap Sed Rd.',940,523,'CA','Pays de la Loire','73869');
INSERT INTO Direccion (id_direccion,calle,numero_ext,numero_int,colonia,ciudad,CP) VALUES (112,'Est Road',935,493,'Alajuela','Haryana','11845');
INSERT INTO Direccion (id_direccion,calle,numero_ext,numero_int,colonia,ciudad,CP) VALUES (113,'Nunc Road',219,58,'Galicia','RM','26122');
INSERT INTO Direccion (id_direccion,calle,numero_ext,numero_int,colonia,ciudad,CP) VALUES (114,'Ap A, Road',560,323,'Ist','Alaska','RR9R6');
INSERT INTO Direccion (id_direccion,calle,numero_ext,numero_int,colonia,ciudad,CP) VALUES (115,'Box Eget Street',66,710,'IX','West Bengal','1220');
INSERT INTO Direccion (id_direccion,calle,numero_ext,numero_int,colonia,ciudad,CP) VALUES (116,'Ap Dolor St.',449,774,'Ontario','Luik','16488');
INSERT INTO Direccion (id_direccion,calle,numero_ext,numero_int,colonia,ciudad,CP) VALUES (117,'Ap Neque. Av.',224,558,'Oo.','Sicilia','17518');
INSERT INTO Direccion (id_direccion,calle,numero_ext,numero_int,colonia,ciudad,CP) VALUES (118,'Ap Donec Rd.',460,764,'IX','Utah','14096');
INSERT INTO Direccion (id_direccion,calle,numero_ext,numero_int,colonia,ciudad,CP) VALUES (119,'P.O.Quis St.',535,732,'C','Carinthia','2868');
INSERT INTO Direccion (id_direccion,calle,numero_ext,numero_int,colonia,ciudad,CP) VALUES (120,'Rd.',601,799,'Antwerpen','Bremen','1947F');
INSERT INTO Direccion (id_direccion,calle,numero_ext,numero_int,colonia,ciudad,CP) VALUES (121,'Mauris St.',515,921,'LOM','Bihar','22027');
INSERT INTO Direccion (id_direccion,calle,numero_ext,numero_int,colonia,ciudad,CP) VALUES (122,'Orci, St.',273,331,'Stm','British Columbia','67435');
INSERT INTO Direccion (id_direccion,calle,numero_ext,numero_int,colonia,ciudad,CP) VALUES (123,'umsan Rd.',142,245,'PI','Victoria','9822');
INSERT INTO Direccion (id_direccion,calle,numero_ext,numero_int,colonia,ciudad,CP) VALUES (124,'P.O.Lacus. Av.',384,583,'Washington','PB','21143');
INSERT INTO Direccion (id_direccion,calle,numero_ext,numero_int,colonia,ciudad,CP) VALUES (125,'Rd.',694,521,'Kano','NI','47787');
INSERT INTO Direccion (id_direccion,calle,numero_ext,numero_int,colonia,ciudad,CP) VALUES (126,'Eu, St.',32,29,'Ontario','Louisiana','Z89GP');
INSERT INTO Direccion (id_direccion,calle,numero_ext,numero_int,colonia,ciudad,CP) VALUES (127,'P.O.Non, Rd.',496,888,'O','Gl','82729');
INSERT INTO Direccion (id_direccion,calle,numero_ext,numero_int,colonia,ciudad,CP) VALUES (128,'am Rd.',239,192,'Staffordshire','Zeeland','21506');
INSERT INTO Direccion (id_direccion,calle,numero_ext,numero_int,colonia,ciudad,CP) VALUES (129,'Ap Dui. Av.',23,384,'FL','Antalya','90351');
INSERT INTO Direccion (id_direccion,calle,numero_ext,numero_int,colonia,ciudad,CP) VALUES (130,'Amet Rd.',976,302,'Canarias','VIC','47625');
INSERT INTO Direccion (id_direccion,calle,numero_ext,numero_int,colonia,ciudad,CP) VALUES (131,'e. St.',40,54,'Marche','QLD','07642');
INSERT INTO Direccion (id_direccion,calle,numero_ext,numero_int,colonia,ciudad,CP) VALUES (132,'P.O.ellus Avenue',711,422,'UP','QC','51969');
INSERT INTO Direccion (id_direccion,calle,numero_ext,numero_int,colonia,ciudad,CP) VALUES (133,'P.O.Egestas. Avenue',111,491,'Ist','RJ','5113');
INSERT INTO Direccion (id_direccion,calle,numero_ext,numero_int,colonia,ciudad,CP) VALUES (134,'Box Dui. Street',309,555,'U','Cartago','90997');
INSERT INTO Direccion (id_direccion,calle,numero_ext,numero_int,colonia,ciudad,CP) VALUES (135,'Ap Quisque Ave',592,752,'VB','IM','3734');
INSERT INTO Direccion (id_direccion,calle,numero_ext,numero_int,colonia,ciudad,CP) VALUES (136,'Id Av.',249,165,'Alberta','VIC','5174');
INSERT INTO Direccion (id_direccion,calle,numero_ext,numero_int,colonia,ciudad,CP) VALUES (137,'Ap Nec St.',368,746,'Guanacaste','AN','74101');
INSERT INTO Direccion (id_direccion,calle,numero_ext,numero_int,colonia,ciudad,CP) VALUES (138,'s Avenue',37,641,'Iowa','Jonkopings lan','2619');
INSERT INTO Direccion (id_direccion,calle,numero_ext,numero_int,colonia,ciudad,CP) VALUES (139,'Lectus Street',361,385,'SP','Vienna','45784');
INSERT INTO Direccion (id_direccion,calle,numero_ext,numero_int,colonia,ciudad,CP) VALUES (140,' Rd.',896,578,'SC','Diyarbakır','51');
INSERT INTO Direccion (id_direccion,calle,numero_ext,numero_int,colonia,ciudad,CP) VALUES (141,'P.O.Eget, Rd.',74,953,'Vienna','ile-de-France','2069');
INSERT INTO Direccion (id_direccion,calle,numero_ext,numero_int,colonia,ciudad,CP) VALUES (142,'.Adipiscing Street',979,253,'Guanacaste','WB','4586');
INSERT INTO Direccion (id_direccion,calle,numero_ext,numero_int,colonia,ciudad,CP) VALUES (143,'Ap Non Road',121,98,'DS','Flintshire','13372');
INSERT INTO Direccion (id_direccion,calle,numero_ext,numero_int,colonia,ciudad,CP) VALUES (144,'Ap Vel Av.',338,895,'Indiana','Uttar Pradesh','86549');
INSERT INTO Direccion (id_direccion,calle,numero_ext,numero_int,colonia,ciudad,CP) VALUES (145,'P.O.Sit Rd.',444,410,'MA','Piemonte','48');
INSERT INTO Direccion (id_direccion,calle,numero_ext,numero_int,colonia,ciudad,CP) VALUES (146,'Ap Imperdiet Ave',551,247,'OR','Zeeland','52049');
INSERT INTO Direccion (id_direccion,calle,numero_ext,numero_int,colonia,ciudad,CP) VALUES (147,'Ap Est, Av.',645,730,'North Westphalia','Sląskie','90498');
INSERT INTO Direccion (id_direccion,calle,numero_ext,numero_int,colonia,ciudad,CP) VALUES (148,'Enim. Road',830,287,'Minas Gerais','QLD','70177');
INSERT INTO Direccion (id_direccion,calle,numero_ext,numero_int,colonia,ciudad,CP) VALUES (149,'Non Road',208,582,'Galicia','Wie','9577');
INSERT INTO Direccion (id_direccion,calle,numero_ext,numero_int,colonia,ciudad,CP) VALUES (150,'tibus St.',509,468,'QC','Namen','2953');
INSERT INTO Direccion (id_direccion,calle,numero_ext,numero_int,colonia,ciudad,CP) VALUES (151,'Et Rd.',389,729,'Dr','Valparaiso','13755');
INSERT INTO Direccion (id_direccion,calle,numero_ext,numero_int,colonia,ciudad,CP) VALUES (152,'P.O.Enim. Street',892,545,'NT','UP','3474');
INSERT INTO Direccion (id_direccion,calle,numero_ext,numero_int,colonia,ciudad,CP) VALUES (153,'Box Aliquam Ave',617,230,'Vienna','Nairnshire','1066');
INSERT INTO Direccion (id_direccion,calle,numero_ext,numero_int,colonia,ciudad,CP) VALUES (154,'Montes, St.',986,237,'VT','Waals-Brabant','35');
INSERT INTO Direccion (id_direccion,calle,numero_ext,numero_int,colonia,ciudad,CP) VALUES (155,'Ap Sem Avenue',561,385,'BE','South Island','8408');
INSERT INTO Direccion (id_direccion,calle,numero_ext,numero_int,colonia,ciudad,CP) VALUES (156,'St.',715,713,'Arkansas','Andalucia','71021');
INSERT INTO Direccion (id_direccion,calle,numero_ext,numero_int,colonia,ciudad,CP) VALUES (157,' St.',298,916,'OV','Maranhão','7861N');
INSERT INTO Direccion (id_direccion,calle,numero_ext,numero_int,colonia,ciudad,CP) VALUES (158,'Et, Av.',321,520,'NW','AN','34224');
INSERT INTO Direccion (id_direccion,calle,numero_ext,numero_int,colonia,ciudad,CP) VALUES (159,'Ap tiam Rd.',857,905,'lodzkie','SP','RS2M8');
INSERT INTO Direccion (id_direccion,calle,numero_ext,numero_int,colonia,ciudad,CP) VALUES (160,'or. St.',922,511,'Hampshire','Lagos','42617');
INSERT INTO Direccion (id_direccion,calle,numero_ext,numero_int,colonia,ciudad,CP) VALUES (161,'P.O.Nulla Road',365,897,'Henegouwen','BE','6454W');
INSERT INTO Direccion (id_direccion,calle,numero_ext,numero_int,colonia,ciudad,CP) VALUES (162,' Av.',507,761,'Rio Grande do Sul','Wie','8156');
INSERT INTO Direccion (id_direccion,calle,numero_ext,numero_int,colonia,ciudad,CP) VALUES (163,'Avenue',36,148,'Katsina','HB','5732V');
INSERT INTO Direccion (id_direccion,calle,numero_ext,numero_int,colonia,ciudad,CP) VALUES (164,'P.O.Eu, Road',4,929,'SA','Uttar Pradesh','4747');
INSERT INTO Direccion (id_direccion,calle,numero_ext,numero_int,colonia,ciudad,CP) VALUES (165,'P.O.Mauris Street',828,783,'Brussels fdstedelijk','AN','WF1SD');
INSERT INTO Direccion (id_direccion,calle,numero_ext,numero_int,colonia,ciudad,CP) VALUES (166,'Massa St.',893,130,'Comunitat Valenciana','Sląskie','87633');
INSERT INTO Direccion (id_direccion,calle,numero_ext,numero_int,colonia,ciudad,CP) VALUES (167,'u. Avenue',903,332,'Mer','NA','5954');
INSERT INTO Direccion (id_direccion,calle,numero_ext,numero_int,colonia,ciudad,CP) VALUES (168,'Ap Cras Road',159,89,'Illes Balears','Stockholms lan','81367');
INSERT INTO Direccion (id_direccion,calle,numero_ext,numero_int,colonia,ciudad,CP) VALUES (169,'Ap ascetur Av.',988,134,'RJ','Alajuela','6213');
INSERT INTO Direccion (id_direccion,calle,numero_ext,numero_int,colonia,ciudad,CP) VALUES (170,'uam Avenue',519,67,'Alsace','MG','99230');
INSERT INTO Direccion (id_direccion,calle,numero_ext,numero_int,colonia,ciudad,CP) VALUES (171,'etuer Rd.',502,229,'OR','Minas Gerais','2395');
INSERT INTO Direccion (id_direccion,calle,numero_ext,numero_int,colonia,ciudad,CP) VALUES (172,'Ap Congue Rd.',9,405,'Ontario','ID','NG3Y8');
INSERT INTO Direccion (id_direccion,calle,numero_ext,numero_int,colonia,ciudad,CP) VALUES (173,'Ap Erat Av.',339,160,'MV','British Columbia','6599');
INSERT INTO Direccion (id_direccion,calle,numero_ext,numero_int,colonia,ciudad,CP) VALUES (174,'P.O.Ipsum. St.',702,71,'Istanbul','LOM','14955');
INSERT INTO Direccion (id_direccion,calle,numero_ext,numero_int,colonia,ciudad,CP) VALUES (175,'Ap Feugiat Rd.',498,658,'Murcia','SJ','37442');
INSERT INTO Direccion (id_direccion,calle,numero_ext,numero_int,colonia,ciudad,CP) VALUES (176,'Box Tellus. St.',387,270,'SI','Jonkopings lan','84266');
INSERT INTO Direccion (id_direccion,calle,numero_ext,numero_int,colonia,ciudad,CP) VALUES (177,'A, St.',699,460,'F','Berlin','02');
INSERT INTO Direccion (id_direccion,calle,numero_ext,numero_int,colonia,ciudad,CP) VALUES (178,'Ante, St.',390,932,'Mazowieckie','NW','8548');
INSERT INTO Direccion (id_direccion,calle,numero_ext,numero_int,colonia,ciudad,CP) VALUES (179,'Fermentum St.',206,216,'Antalya','CT','44272');
INSERT INTO Direccion (id_direccion,calle,numero_ext,numero_int,colonia,ciudad,CP) VALUES (180,'r. St.',553,689,'ON','ON','03309');
INSERT INTO Direccion (id_direccion,calle,numero_ext,numero_int,colonia,ciudad,CP) VALUES (181,'ignissim Street',314,812,'F','C','46344');
INSERT INTO Direccion (id_direccion,calle,numero_ext,numero_int,colonia,ciudad,CP) VALUES (182,'Ap Eget Av.',687,168,'ON','Istanbul','64130');
INSERT INTO Direccion (id_direccion,calle,numero_ext,numero_int,colonia,ciudad,CP) VALUES (183,'P.O.Lectus Av.',623,347,'Wielkopolskie','Vienna','5695');
INSERT INTO Direccion (id_direccion,calle,numero_ext,numero_int,colonia,ciudad,CP) VALUES (184,'Ap Augue St.',50,623,'ON','SJ','09474');
INSERT INTO Direccion (id_direccion,calle,numero_ext,numero_int,colonia,ciudad,CP) VALUES (185,'Purus, Rd.',929,210,'ON','Podkarpackie','50006');
INSERT INTO Direccion (id_direccion,calle,numero_ext,numero_int,colonia,ciudad,CP) VALUES (186,'Sed Avenue',792,16,'Kano','AL','9700');
INSERT INTO Direccion (id_direccion,calle,numero_ext,numero_int,colonia,ciudad,CP) VALUES (187,'Fusce Road',853,707,'North Island','PM','8323B');
INSERT INTO Direccion (id_direccion,calle,numero_ext,numero_int,colonia,ciudad,CP) VALUES (188,'Feugiat. Street',937,39,'ZP','Mazowieckie','00807');
INSERT INTO Direccion (id_direccion,calle,numero_ext,numero_int,colonia,ciudad,CP) VALUES (189,'Ap Donec Street',75,372,'ON','Jonkopings lan','31306');
INSERT INTO Direccion (id_direccion,calle,numero_ext,numero_int,colonia,ciudad,CP) VALUES (190,'Ap Mi Rd.',637,226,'LA','Nebraska','35907');
INSERT INTO Direccion (id_direccion,calle,numero_ext,numero_int,colonia,ciudad,CP) VALUES (191,'lis, Av.',268,421,'Cartago','ON','19074');
INSERT INTO Direccion (id_direccion,calle,numero_ext,numero_int,colonia,ciudad,CP) VALUES (192,'urient Road',945,940,'CT','OR','53052');
INSERT INTO Direccion (id_direccion,calle,numero_ext,numero_int,colonia,ciudad,CP) VALUES (193,'Ap Mattis St.',166,404,'Franche-Comte','SP','9324C');
INSERT INTO Direccion (id_direccion,calle,numero_ext,numero_int,colonia,ciudad,CP) VALUES (194,'P.O.aecenas Road',398,580,'MB','Castilla y Leon','60103');
INSERT INTO Direccion (id_direccion,calle,numero_ext,numero_int,colonia,ciudad,CP) VALUES (195,'Ap Lobortis St.',215,931,'HA','PM','2577');
INSERT INTO Direccion (id_direccion,calle,numero_ext,numero_int,colonia,ciudad,CP) VALUES (196,'Libero. Ave',138,114,'San Jose','AN','63738');
INSERT INTO Direccion (id_direccion,calle,numero_ext,numero_int,colonia,ciudad,CP) VALUES (197,'ellus Road',826,920,'Rivers','South Island','07591');
INSERT INTO Direccion (id_direccion,calle,numero_ext,numero_int,colonia,ciudad,CP) VALUES (198,'ibus Rd.',384,597,'Vienna','Wyoming','57262');
INSERT INTO Direccion (id_direccion,calle,numero_ext,numero_int,colonia,ciudad,CP) VALUES (199,'Ap Metus. Road',928,867,'Los Rios','N.','92434');
INSERT INTO Direccion (id_direccion,calle,numero_ext,numero_int,colonia,ciudad,CP) VALUES (200,'Ap Duis Avenue',13,883,'San Jose','Madrid','7989');
INSERT INTO Direccion (id_direccion,calle,numero_ext,numero_int,colonia,ciudad,CP) VALUES (201,'P.O.Dui, Av.',906,157,'North Island','NB','06038');
INSERT INTO Direccion (id_direccion,calle,numero_ext,numero_int,colonia,ciudad,CP) VALUES (202,'P.O.Neque Road',246,124,'Berlin','CT','95865');
INSERT INTO Direccion (id_direccion,calle,numero_ext,numero_int,colonia,ciudad,CP) VALUES (203,'t.',675,829,'Ontario','LA','21447');
INSERT INTO Direccion (id_direccion,calle,numero_ext,numero_int,colonia,ciudad,CP) VALUES (204,'Vel Avenue',577,337,'North Island','U','68063');
INSERT INTO Direccion (id_direccion,calle,numero_ext,numero_int,colonia,ciudad,CP) VALUES (205,'endisse St.',542,136,'Wie','Dalarnas lan','40560');
INSERT INTO Direccion (id_direccion,calle,numero_ext,numero_int,colonia,ciudad,CP) VALUES (206,'tum. Road',972,75,'Western Australia','BA','82202');
INSERT INTO Direccion (id_direccion,calle,numero_ext,numero_int,colonia,ciudad,CP) VALUES (207,'Ap Urna. Ave',625,266,'Catalunya','AN','73262');
INSERT INTO Direccion (id_direccion,calle,numero_ext,numero_int,colonia,ciudad,CP) VALUES (208,'P.O.Vestibulum. Rd.',894,70,'Madhya Pradesh','Pomorskie','7055');
INSERT INTO Direccion (id_direccion,calle,numero_ext,numero_int,colonia,ciudad,CP) VALUES (209,'Box Libero. Av.',593,169,'Rio de Janeiro','ON','61846');
INSERT INTO Direccion (id_direccion,calle,numero_ext,numero_int,colonia,ciudad,CP) VALUES (210,'s Rd.',893,85,'Quebec','North Island','86885');
INSERT INTO Direccion (id_direccion,calle,numero_ext,numero_int,colonia,ciudad,CP) VALUES (211,'P.O.Viverra. Ave',682,101,'AB','ERM','55749');
INSERT INTO Direccion (id_direccion,calle,numero_ext,numero_int,colonia,ciudad,CP) VALUES (212,'Box Mauris. Rd.',294,709,'AN','West Bengal','71966');
INSERT INTO Direccion (id_direccion,calle,numero_ext,numero_int,colonia,ciudad,CP) VALUES (213,'us. Rd.',391,726,'SJ','West-Vlaanderen','2279K');
INSERT INTO Direccion (id_direccion,calle,numero_ext,numero_int,colonia,ciudad,CP) VALUES (214,'Ap Mi Av.',527,867,'NI','LB','52576');
INSERT INTO Direccion (id_direccion,calle,numero_ext,numero_int,colonia,ciudad,CP) VALUES (215,'Augue, Road',776,250,'LK','Ontario','87120');
INSERT INTO Direccion (id_direccion,calle,numero_ext,numero_int,colonia,ciudad,CP) VALUES (216,'Rd.',168,84,'Şanlıurfa','C','7097');
INSERT INTO Direccion (id_direccion,calle,numero_ext,numero_int,colonia,ciudad,CP) VALUES (217,'um Rd.',461,864,'NB','GL','9252');
INSERT INTO Direccion (id_direccion,calle,numero_ext,numero_int,colonia,ciudad,CP) VALUES (218,' Av.',922,725,'ile-de-France','RI','02319');
INSERT INTO Direccion (id_direccion,calle,numero_ext,numero_int,colonia,ciudad,CP) VALUES (219,'s Av.',228,858,'Ktn','RM','16020');
INSERT INTO Direccion (id_direccion,calle,numero_ext,numero_int,colonia,ciudad,CP) VALUES (220,'a Ave',923,92,'Connacht','ON','4045');
INSERT INTO Direccion (id_direccion,calle,numero_ext,numero_int,colonia,ciudad,CP) VALUES (221,'in Av.',30,204,'Bursa','Kocaeli','36023');
INSERT INTO Direccion (id_direccion,calle,numero_ext,numero_int,colonia,ciudad,CP) VALUES (222,'Ap Tellus Rd.',210,357,'AQ','Odisha','88997');
INSERT INTO Direccion (id_direccion,calle,numero_ext,numero_int,colonia,ciudad,CP) VALUES (223,'Ap Quis Street',126,5,'Małopolskie','N.','51309');
INSERT INTO Direccion (id_direccion,calle,numero_ext,numero_int,colonia,ciudad,CP) VALUES (224,'P.O.Vitae Avenue',254,248,'Nebraska','La Rioja','50526');
INSERT INTO Direccion (id_direccion,calle,numero_ext,numero_int,colonia,ciudad,CP) VALUES (225,'. St.',905,86,'Maharastra','Yorkshire','42918');
INSERT INTO Direccion (id_direccion,calle,numero_ext,numero_int,colonia,ciudad,CP) VALUES (226,'. Av.',195,883,'Rivers','Leinster','85114');
INSERT INTO Direccion (id_direccion,calle,numero_ext,numero_int,colonia,ciudad,CP) VALUES (227,'Av.',57,802,'Bremen','U','00486');
INSERT INTO Direccion (id_direccion,calle,numero_ext,numero_int,colonia,ciudad,CP) VALUES (228,'Eu Road',558,903,'Ontario','ON','44515');
INSERT INTO Direccion (id_direccion,calle,numero_ext,numero_int,colonia,ciudad,CP) VALUES (229,'Ap Gravida Road',810,395,'C','Uttar Pradesh','7076');
INSERT INTO Direccion (id_direccion,calle,numero_ext,numero_int,colonia,ciudad,CP) VALUES (230,'Ap Porttitor St.',449,463,'C','Małopolskie','35109');
INSERT INTO Direccion (id_direccion,calle,numero_ext,numero_int,colonia,ciudad,CP) VALUES (231,'mus Road',367,327,'Sląskie','Cartago','57120');
INSERT INTO Direccion (id_direccion,calle,numero_ext,numero_int,colonia,ciudad,CP) VALUES (232,'Box Cras Avenue',888,628,'Munster','Vorarlberg','11113');
INSERT INTO Direccion (id_direccion,calle,numero_ext,numero_int,colonia,ciudad,CP) VALUES (233,'stie Street',680,230,'Nord-Pas-de-Calais','Haute-Normandie','5584');
INSERT INTO Direccion (id_direccion,calle,numero_ext,numero_int,colonia,ciudad,CP) VALUES (234,'Ap Non Road',147,513,'VB','G','94042');
INSERT INTO Direccion (id_direccion,calle,numero_ext,numero_int,colonia,ciudad,CP) VALUES (235,'Etiam St.',743,943,'AN','Provence-Alpes-Azur','92566');
INSERT INTO Direccion (id_direccion,calle,numero_ext,numero_int,colonia,ciudad,CP) VALUES (236,'P.O.Vulputate Avenue',928,952,'Stockholms lan','PIE','94431');
INSERT INTO Direccion (id_direccion,calle,numero_ext,numero_int,colonia,ciudad,CP) VALUES (237,'Ap Amet, Road',340,666,'Alsace','Istanbul','96359');
INSERT INTO Direccion (id_direccion,calle,numero_ext,numero_int,colonia,ciudad,CP) VALUES (238,'Est Avenue',89,159,'ST','F','63264');
INSERT INTO Direccion (id_direccion,calle,numero_ext,numero_int,colonia,ciudad,CP) VALUES (239,'St.',485,794,'Antwerpen','Luxemburg','94251');
INSERT INTO Direccion (id_direccion,calle,numero_ext,numero_int,colonia,ciudad,CP) VALUES (240,'Ap Etiam Street',496,547,'Pomorskie','Shropshire','04532');
INSERT INTO Direccion (id_direccion,calle,numero_ext,numero_int,colonia,ciudad,CP) VALUES (241,'Road',905,794,'Leinster','PE','23654');
INSERT INTO Direccion (id_direccion,calle,numero_ext,numero_int,colonia,ciudad,CP) VALUES (242,'Ap Id Road',173,831,'Kano','Stockholms lan','56101');
INSERT INTO Direccion (id_direccion,calle,numero_ext,numero_int,colonia,ciudad,CP) VALUES (243,'Cras Rd.',922,981,'OV','Luxemburg','15531');
INSERT INTO Direccion (id_direccion,calle,numero_ext,numero_int,colonia,ciudad,CP) VALUES (244,'P.O.Eget Rd.',247,245,'RU','CA','18756');
INSERT INTO Direccion (id_direccion,calle,numero_ext,numero_int,colonia,ciudad,CP) VALUES (245,'Nisl. Rd.',558,591,'Vienna','QLD','41522');
INSERT INTO Direccion (id_direccion,calle,numero_ext,numero_int,colonia,ciudad,CP) VALUES (246,'Ligula. Rd.',193,529,'PV','F','E02RX');
INSERT INTO Direccion (id_direccion,calle,numero_ext,numero_int,colonia,ciudad,CP) VALUES (247,'Box Nunc Street',308,954,'CA','UT','73926');
INSERT INTO Direccion (id_direccion,calle,numero_ext,numero_int,colonia,ciudad,CP) VALUES (248,'etra. Road',204,525,'Assam','Kansas','BD8DX');
INSERT INTO Direccion (id_direccion,calle,numero_ext,numero_int,colonia,ciudad,CP) VALUES (249,'Blandit Rd.',275,481,'HA','North Island','57681');
INSERT INTO Direccion (id_direccion,calle,numero_ext,numero_int,colonia,ciudad,CP) VALUES (250,'eo. Avenue',106,285,'łodzkie','Tarapaca','20543');
INSERT INTO Direccion (id_direccion,calle,numero_ext,numero_int,colonia,ciudad,CP) VALUES (251,'P.O.Duis Av.',585,74,'Catalunya','Istanbul','57469');
INSERT INTO Direccion (id_direccion,calle,numero_ext,numero_int,colonia,ciudad,CP) VALUES (252,'P.O.nim, Rd.',405,305,'C','Provence-Alpes-Azur','48');
INSERT INTO Direccion (id_direccion,calle,numero_ext,numero_int,colonia,ciudad,CP) VALUES (253,'Ap Cursus Rd.',19,733,'Gelderland','Manitoba','20');
INSERT INTO Direccion (id_direccion,calle,numero_ext,numero_int,colonia,ciudad,CP) VALUES (254,'Ap Nunc Ave',534,405,'Minas Gerais','Parana','00051');
INSERT INTO Direccion (id_direccion,calle,numero_ext,numero_int,colonia,ciudad,CP) VALUES (255,'Sapien. St.',521,436,'Kujawsko-pomorskie','BC','6069');
INSERT INTO Direccion (id_direccion,calle,numero_ext,numero_int,colonia,ciudad,CP) VALUES (256,' Rd.',189,503,'SP','Anambra','19560');
INSERT INTO Direccion (id_direccion,calle,numero_ext,numero_int,colonia,ciudad,CP) VALUES (257,'Ap nte Av.',111,50,'Kon','C','MC5A4');
INSERT INTO Direccion (id_direccion,calle,numero_ext,numero_int,colonia,ciudad,CP) VALUES (258,'Lacus. Av.',375,857,'L.','LU','YG9J3');
INSERT INTO Direccion (id_direccion,calle,numero_ext,numero_int,colonia,ciudad,CP) VALUES (259,'P.O.Molestie St.',660,71,'Wielkopolskie','RS','7012');
INSERT INTO Direccion (id_direccion,calle,numero_ext,numero_int,colonia,ciudad,CP) VALUES (260,'Ac St.',163,52,'IX','BE','58104');
INSERT INTO Direccion (id_direccion,calle,numero_ext,numero_int,colonia,ciudad,CP) VALUES (261,'t.',605,493,'Washington','Valparaiso','76205');
INSERT INTO Direccion (id_direccion,calle,numero_ext,numero_int,colonia,ciudad,CP) VALUES (262,'P.O.Ut Rd.',643,918,'RJ','Maine','32360');
INSERT INTO Direccion (id_direccion,calle,numero_ext,numero_int,colonia,ciudad,CP) VALUES (263,'Ap Suspendisse Road',998,143,'C','Alberta','8741');
INSERT INTO Direccion (id_direccion,calle,numero_ext,numero_int,colonia,ciudad,CP) VALUES (264,'Ap Pede. Road',39,856,'Munster','HB','90759');
INSERT INTO Direccion (id_direccion,calle,numero_ext,numero_int,colonia,ciudad,CP) VALUES (265,'Sed, St.',730,969,'Cartago','Warmińsko-mazurskie','81178');
INSERT INTO Direccion (id_direccion,calle,numero_ext,numero_int,colonia,ciudad,CP) VALUES (266,'uam Ave',553,194,'LOM','RM','45888');
INSERT INTO Direccion (id_direccion,calle,numero_ext,numero_int,colonia,ciudad,CP) VALUES (267,'uet, Av.',993,377,'E','LX','4723');
INSERT INTO Direccion (id_direccion,calle,numero_ext,numero_int,colonia,ciudad,CP) VALUES (268,'Ap Sagittis Av.',770,307,'Lorraine','Kano','41560');
INSERT INTO Direccion (id_direccion,calle,numero_ext,numero_int,colonia,ciudad,CP) VALUES (269,'Tortor Rd.',95,30,'BC','MetropolitanSantiago','04861');
INSERT INTO Direccion (id_direccion,calle,numero_ext,numero_int,colonia,ciudad,CP) VALUES (270,'P.O.Pede, Road',153,944,'New South Wales','ZP','52365');
INSERT INTO Direccion (id_direccion,calle,numero_ext,numero_int,colonia,ciudad,CP) VALUES (271,'Eget Avenue',584,969,'Ov','Ontario','16302');
INSERT INTO Direccion (id_direccion,calle,numero_ext,numero_int,colonia,ciudad,CP) VALUES (272,'Felis Rd.',630,863,'Namen','CAM','9363');
INSERT INTO Direccion (id_direccion,calle,numero_ext,numero_int,colonia,ciudad,CP) VALUES (273,'P.O.Id, Road',62,784,'North Island','DS','D37TN');
INSERT INTO Direccion (id_direccion,calle,numero_ext,numero_int,colonia,ciudad,CP) VALUES (274,'Leo. Ave',729,503,'Hawaii','KY','6144');
INSERT INTO Direccion (id_direccion,calle,numero_ext,numero_int,colonia,ciudad,CP) VALUES (275,'Sit Street',500,893,'Emilia-Romagna','North Island','6191');
INSERT INTO Direccion (id_direccion,calle,numero_ext,numero_int,colonia,ciudad,CP) VALUES (276,'Et St.',176,448,'CA','NA','38554');
INSERT INTO Direccion (id_direccion,calle,numero_ext,numero_int,colonia,ciudad,CP) VALUES (277,'ttis St.',321,543,'Ontario','Bavaria','0894D');
INSERT INTO Direccion (id_direccion,calle,numero_ext,numero_int,colonia,ciudad,CP) VALUES (278,'P.O.Facilisis St.',187,740,'HB','Berkshire','4550');
INSERT INTO Direccion (id_direccion,calle,numero_ext,numero_int,colonia,ciudad,CP) VALUES (279,'is. Avenue',45,677,'Munster','UP','28921');
INSERT INTO Direccion (id_direccion,calle,numero_ext,numero_int,colonia,ciudad,CP) VALUES (280,'Ut Rd.',75,40,'KD','Kano','XK5S5');
INSERT INTO Direccion (id_direccion,calle,numero_ext,numero_int,colonia,ciudad,CP) VALUES (281,'or Rd.',491,507,'Wielkopolskie','Ontario','5474');
INSERT INTO Direccion (id_direccion,calle,numero_ext,numero_int,colonia,ciudad,CP) VALUES (282,'in Av.',572,365,'Kentucky','AB','42642');
INSERT INTO Direccion (id_direccion,calle,numero_ext,numero_int,colonia,ciudad,CP) VALUES (283,'Ap Vulputate St.',725,132,'Sicilia','BE','53574');
INSERT INTO Direccion (id_direccion,calle,numero_ext,numero_int,colonia,ciudad,CP) VALUES (284,' St.',50,379,'Vlaams-Brabant','Gujarat','3925');
INSERT INTO Direccion (id_direccion,calle,numero_ext,numero_int,colonia,ciudad,CP) VALUES (285,'ibus Av.',309,347,'L','BR','10170');
INSERT INTO Direccion (id_direccion,calle,numero_ext,numero_int,colonia,ciudad,CP) VALUES (286,'P.O.Risus Av.',58,137,'Provence-Alpes-Cote','Munster','2377');
INSERT INTO Direccion (id_direccion,calle,numero_ext,numero_int,colonia,ciudad,CP) VALUES (287,'a. St.',56,69,'South Australia','AU','24584');
INSERT INTO Direccion (id_direccion,calle,numero_ext,numero_int,colonia,ciudad,CP) VALUES (288,'P.O.Fringilla Avenue',57,445,'HI','ON','48898');
INSERT INTO Direccion (id_direccion,calle,numero_ext,numero_int,colonia,ciudad,CP) VALUES (289,'imentum. Road',259,202,'SF','MD','22740');
INSERT INTO Direccion (id_direccion,calle,numero_ext,numero_int,colonia,ciudad,CP) VALUES (290,'P.O.Sed St.',237,899,'Cornwall','Quebec','99828');
INSERT INTO Direccion (id_direccion,calle,numero_ext,numero_int,colonia,ciudad,CP) VALUES (291,'P.O.Curabitur Av.',88,45,'Ontario','PD','38768');
INSERT INTO Direccion (id_direccion,calle,numero_ext,numero_int,colonia,ciudad,CP) VALUES (292,'Ap Nunc Av.',124,831,'Cantabria','WA','43044');
INSERT INTO Direccion (id_direccion,calle,numero_ext,numero_int,colonia,ciudad,CP) VALUES (293,'P.O.Ultricies Rd.',877,976,'Adana','Maharastra','61');
INSERT INTO Direccion (id_direccion,calle,numero_ext,numero_int,colonia,ciudad,CP) VALUES (294,'. Ave',307,997,'Ada','Şanlıurfa','85535');
INSERT INTO Direccion (id_direccion,calle,numero_ext,numero_int,colonia,ciudad,CP) VALUES (295,'uet Av.',995,85,'Quebec','BE','1705');
INSERT INTO Direccion (id_direccion,calle,numero_ext,numero_int,colonia,ciudad,CP) VALUES (296,'Ap Sed, Rd.',281,706,'Brussels fdstedelijk','Abruzzo','88198');
INSERT INTO Direccion (id_direccion,calle,numero_ext,numero_int,colonia,ciudad,CP) VALUES (297,'gilla St.',366,674,'Wie','Iowa','7882F');
INSERT INTO Direccion (id_direccion,calle,numero_ext,numero_int,colonia,ciudad,CP) VALUES (298,' St.',42,202,'GO','SO','10101');
INSERT INTO Direccion (id_direccion,calle,numero_ext,numero_int,colonia,ciudad,CP) VALUES (299,'ue Street',363,969,'PIE','Oost-Vlaanderen','BG2J0');
INSERT INTO Direccion (id_direccion,calle,numero_ext,numero_int,colonia,ciudad,CP) VALUES (300,'Ligula. Rd.',982,604,'W','Vienna','36686');
INSERT INTO Direccion (id_direccion,calle,numero_ext,numero_int,colonia,ciudad,CP) VALUES (301,'or. Street',306,716,'łodzkie','Durham','53541');
INSERT INTO Direccion (id_direccion,calle,numero_ext,numero_int,colonia,ciudad,CP) VALUES (302,'P.O.Nec, Road',107,693,'Aquitaine','Berlin','58168');
INSERT INTO Direccion (id_direccion,calle,numero_ext,numero_int,colonia,ciudad,CP) VALUES (303,'Ap Pharetra, St.',666,917,'AN','A','87');
INSERT INTO Direccion (id_direccion,calle,numero_ext,numero_int,colonia,ciudad,CP) VALUES (304,'Ap Mauris Street',295,997,'South Island','Victoria','69844');
INSERT INTO Direccion (id_direccion,calle,numero_ext,numero_int,colonia,ciudad,CP) VALUES (305,'ger Street',423,542,'Texas','VEN','3722');
INSERT INTO Direccion (id_direccion,calle,numero_ext,numero_int,colonia,ciudad,CP) VALUES (306,'P.O.Lacus. St.',288,196,'Alberta','Rajasthan','EP3FL');
INSERT INTO Direccion (id_direccion,calle,numero_ext,numero_int,colonia,ciudad,CP) VALUES (307,'Ap Eleifend Ave',388,889,'Balıkesir','C','1433');
INSERT INTO Direccion (id_direccion,calle,numero_ext,numero_int,colonia,ciudad,CP) VALUES (308,' Rd.',150,413,'Missouri','PUG','82542');
INSERT INTO Direccion (id_direccion,calle,numero_ext,numero_int,colonia,ciudad,CP) VALUES (309,'Sit St.',720,442,'Flevoland','IL','33017');
INSERT INTO Direccion (id_direccion,calle,numero_ext,numero_int,colonia,ciudad,CP) VALUES (310,'Nibh Avenue',461,208,'Victoria','New Brunswick','09753');
INSERT INTO Direccion (id_direccion,calle,numero_ext,numero_int,colonia,ciudad,CP) VALUES (311,'Elit. Ave',277,505,'Victoria','N.','28569');
INSERT INTO Direccion (id_direccion,calle,numero_ext,numero_int,colonia,ciudad,CP) VALUES (312,'Ap Magna. Street',21,657,'MetropolitanSantiago','PE','1671');
INSERT INTO Direccion (id_direccion,calle,numero_ext,numero_int,colonia,ciudad,CP) VALUES (313,'ulis Road',853,113,'AS','Catalunya','6722');
INSERT INTO Direccion (id_direccion,calle,numero_ext,numero_int,colonia,ciudad,CP) VALUES (314,'Ap Litora Avenue',384,455,'Istanbul','OP','TI2TA');
INSERT INTO Direccion (id_direccion,calle,numero_ext,numero_int,colonia,ciudad,CP) VALUES (315,'Ap Quis, Rd.',328,964,'Luik','Uttar Pradesh','3402');
INSERT INTO Direccion (id_direccion,calle,numero_ext,numero_int,colonia,ciudad,CP) VALUES (316,'iscing Av.',646,596,'FI','Alsace','25184');
INSERT INTO Direccion (id_direccion,calle,numero_ext,numero_int,colonia,ciudad,CP) VALUES (317,'Ap Diam St.',468,391,'KN','Maharastra','89144');
INSERT INTO Direccion (id_direccion,calle,numero_ext,numero_int,colonia,ciudad,CP) VALUES (318,'P.O.lit Rd.',596,825,'San Jose','Luik','00628');
INSERT INTO Direccion (id_direccion,calle,numero_ext,numero_int,colonia,ciudad,CP) VALUES (319,'Avenue',562,645,'Madrid','Oyo','62401');
INSERT INTO Direccion (id_direccion,calle,numero_ext,numero_int,colonia,ciudad,CP) VALUES (320,'uet Road',280,220,'Kincardineshire','South Island','2682F');
INSERT INTO Direccion (id_direccion,calle,numero_ext,numero_int,colonia,ciudad,CP) VALUES (321,'m, St.',572,496,'Auvergne','AN','17623');
INSERT INTO Direccion (id_direccion,calle,numero_ext,numero_int,colonia,ciudad,CP) VALUES (322,'P.O.Nam Av.',935,594,'VB','Saxony-Anhalt','15265');
INSERT INTO Direccion (id_direccion,calle,numero_ext,numero_int,colonia,ciudad,CP) VALUES (323,'Ap Egestas St.',537,213,'Ulster','Valparaiso','15933');
INSERT INTO Direccion (id_direccion,calle,numero_ext,numero_int,colonia,ciudad,CP) VALUES (324,'erisque Rd.',594,912,'British Columbia','Queensland','48968');
INSERT INTO Direccion (id_direccion,calle,numero_ext,numero_int,colonia,ciudad,CP) VALUES (325,'lisi. Road',885,656,'KT','SC','16199');
INSERT INTO Direccion (id_direccion,calle,numero_ext,numero_int,colonia,ciudad,CP) VALUES (326,'Nunc St.',44,115,'PR','South Island','05070');
INSERT INTO Direccion (id_direccion,calle,numero_ext,numero_int,colonia,ciudad,CP) VALUES (327,'. Rd.',623,850,'UP','KD','74210');
INSERT INTO Direccion (id_direccion,calle,numero_ext,numero_int,colonia,ciudad,CP) VALUES (328,'s Avenue',923,522,'Saskatchewan','Vienna','13918');
INSERT INTO Direccion (id_direccion,calle,numero_ext,numero_int,colonia,ciudad,CP) VALUES (329,'P.O.Curabitur St.',727,133,'Lagos','Wie','95092');
INSERT INTO Direccion (id_direccion,calle,numero_ext,numero_int,colonia,ciudad,CP) VALUES (330,'P.O.Vel Ave',9,144,'MetropolitanSantiago','Bahia','1528');
INSERT INTO Direccion (id_direccion,calle,numero_ext,numero_int,colonia,ciudad,CP) VALUES (331,'Ap Vel Road',612,286,'BA','CA','11377');
INSERT INTO Direccion (id_direccion,calle,numero_ext,numero_int,colonia,ciudad,CP) VALUES (332,'Street',206,676,'SN','Victoria','55448');
INSERT INTO Direccion (id_direccion,calle,numero_ext,numero_int,colonia,ciudad,CP) VALUES (333,'titor Rd.',921,265,'Utah','L','9019');
INSERT INTO Direccion (id_direccion,calle,numero_ext,numero_int,colonia,ciudad,CP) VALUES (334,'Placerat Avenue',759,883,'CV','Ist','8558');
INSERT INTO Direccion (id_direccion,calle,numero_ext,numero_int,colonia,ciudad,CP) VALUES (335,'Ap Dui St.',202,865,'Ontario','Ist','40103');
INSERT INTO Direccion (id_direccion,calle,numero_ext,numero_int,colonia,ciudad,CP) VALUES (336,'Box Lectus Road',467,903,'LI','Ontario','76818');
INSERT INTO Direccion (id_direccion,calle,numero_ext,numero_int,colonia,ciudad,CP) VALUES (337,'us Av.',255,298,'Bal','Veneto','57082');
INSERT INTO Direccion (id_direccion,calle,numero_ext,numero_int,colonia,ciudad,CP) VALUES (338,'Sed, Ave',317,522,'BC','Hamburg','40900');
INSERT INTO Direccion (id_direccion,calle,numero_ext,numero_int,colonia,ciudad,CP) VALUES (339,'. Avenue',14,438,'Victoria','ON','O25FQ');
INSERT INTO Direccion (id_direccion,calle,numero_ext,numero_int,colonia,ciudad,CP) VALUES (340,'Ap Dictum. Av.',711,108,'M','Ontario','36648');
INSERT INTO Direccion (id_direccion,calle,numero_ext,numero_int,colonia,ciudad,CP) VALUES (341,'Ap Ipsum. Ave',25,577,'San Jose','Ceara','68113');
INSERT INTO Direccion (id_direccion,calle,numero_ext,numero_int,colonia,ciudad,CP) VALUES (342,'Ap Tempus Av.',198,982,'U.','Kano','20708');
INSERT INTO Direccion (id_direccion,calle,numero_ext,numero_int,colonia,ciudad,CP) VALUES (343,'Ap Quis St.',891,414,'Connacht','BR','PP8Y9');
INSERT INTO Direccion (id_direccion,calle,numero_ext,numero_int,colonia,ciudad,CP) VALUES (344,'cerat Rd.',568,867,'AR','Vienna','6617');
INSERT INTO Direccion (id_direccion,calle,numero_ext,numero_int,colonia,ciudad,CP) VALUES (345,'itudin Avenue',468,345,'DE','Istanbul','99020');
INSERT INTO Direccion (id_direccion,calle,numero_ext,numero_int,colonia,ciudad,CP) VALUES (346,'Box Montes, Rd.',164,676,'Rio de Janeiro','Munster','19130');
INSERT INTO Direccion (id_direccion,calle,numero_ext,numero_int,colonia,ciudad,CP) VALUES (347,'Ap Nunc. St.',508,101,'Berlin','BU','6474B');
INSERT INTO Direccion (id_direccion,calle,numero_ext,numero_int,colonia,ciudad,CP) VALUES (348,'Box Integer Rd.',910,385,'Berlin','WI','30205');
INSERT INTO Direccion (id_direccion,calle,numero_ext,numero_int,colonia,ciudad,CP) VALUES (349,'P.O.Lobortis. St.',496,873,'Munster','ile-de-France','YV2LH');
INSERT INTO Direccion (id_direccion,calle,numero_ext,numero_int,colonia,ciudad,CP) VALUES (350,'or. St.',29,819,'LAZ','Lazio','95282');
INSERT INTO Direccion (id_direccion,calle,numero_ext,numero_int,colonia,ciudad,CP) VALUES (351,'Box Cras Street',1000,175,'O','BC','67231');
INSERT INTO Direccion (id_direccion,calle,numero_ext,numero_int,colonia,ciudad,CP) VALUES (352,'is. Av.',58,714,'New South Wales','LD','LB7FT');
INSERT INTO Direccion (id_direccion,calle,numero_ext,numero_int,colonia,ciudad,CP) VALUES (353,'Semper Rd.',130,667,'Noord Brabant','QC','6556');
INSERT INTO Direccion (id_direccion,calle,numero_ext,numero_int,colonia,ciudad,CP) VALUES (354,'Box Sapien, St.',648,673,'II','Maryland','99005');
INSERT INTO Direccion (id_direccion,calle,numero_ext,numero_int,colonia,ciudad,CP) VALUES (355,'Commodo St.',618,349,'MAR','OK','5497');
INSERT INTO Direccion (id_direccion,calle,numero_ext,numero_int,colonia,ciudad,CP) VALUES (356,'P.O.Vel Avenue',646,328,'WV','MG','QA0EO');
INSERT INTO Direccion (id_direccion,calle,numero_ext,numero_int,colonia,ciudad,CP) VALUES (357,'Blandit St.',402,601,'Dalarnas lan','Wie','1360');
INSERT INTO Direccion (id_direccion,calle,numero_ext,numero_int,colonia,ciudad,CP) VALUES (358,'Ap isus. Ave',754,715,'Mazowieckie','Ontario','59239');
INSERT INTO Direccion (id_direccion,calle,numero_ext,numero_int,colonia,ciudad,CP) VALUES (359,'P.O.Dictum Street',101,835,'Wie','Alberta','53748');
INSERT INTO Direccion (id_direccion,calle,numero_ext,numero_int,colonia,ciudad,CP) VALUES (360,'Ap Id St.',66,852,'BE','CAM','25036');
INSERT INTO Direccion (id_direccion,calle,numero_ext,numero_int,colonia,ciudad,CP) VALUES (361,'Ap Rutrum Av.',475,530,'Kon','P','93');
INSERT INTO Direccion (id_direccion,calle,numero_ext,numero_int,colonia,ciudad,CP) VALUES (362,'Ap Vehicula Street',427,627,'Araucania','Sam','09429');
INSERT INTO Direccion (id_direccion,calle,numero_ext,numero_int,colonia,ciudad,CP) VALUES (363,'ue St.',623,347,'Sląskie','AK','8001');
INSERT INTO Direccion (id_direccion,calle,numero_ext,numero_int,colonia,ciudad,CP) VALUES (364,'P.O.Feugiat Street',462,366,'Gl','NI','02884');
INSERT INTO Direccion (id_direccion,calle,numero_ext,numero_int,colonia,ciudad,CP) VALUES (365,'Scelerisque Street',800,926,'Victoria','Maharastra','15001');
INSERT INTO Direccion (id_direccion,calle,numero_ext,numero_int,colonia,ciudad,CP) VALUES (366,'Cubilia Ave',767,721,'Man','H','16');
INSERT INTO Direccion (id_direccion,calle,numero_ext,numero_int,colonia,ciudad,CP) VALUES (367,'Est Road',175,238,'Coquimbo','Vienna','69363');
INSERT INTO Direccion (id_direccion,calle,numero_ext,numero_int,colonia,ciudad,CP) VALUES (368,'e Ave',607,402,'Vastra Gotalands lan','Victoria','36392');
INSERT INTO Direccion (id_direccion,calle,numero_ext,numero_int,colonia,ciudad,CP) VALUES (369,'Ap Diam St.',413,640,'VA','Bihar','77388');
INSERT INTO Direccion (id_direccion,calle,numero_ext,numero_int,colonia,ciudad,CP) VALUES (370,'P.O.Risus. St.',979,592,'Alajuela','SL','41393');
INSERT INTO Direccion (id_direccion,calle,numero_ext,numero_int,colonia,ciudad,CP) VALUES (371,'Ave',942,834,'Lazio','Ontario','8270');
INSERT INTO Direccion (id_direccion,calle,numero_ext,numero_int,colonia,ciudad,CP) VALUES (372,'Ap Aenean Ave',111,268,'OV','ON','79896');
INSERT INTO Direccion (id_direccion,calle,numero_ext,numero_int,colonia,ciudad,CP) VALUES (373,'Lorem Ave',486,624,'YK','Vienna','18709');
INSERT INTO Direccion (id_direccion,calle,numero_ext,numero_int,colonia,ciudad,CP) VALUES (374,'utate Rd.',267,158,'N.','Berlin','21888');
INSERT INTO Direccion (id_direccion,calle,numero_ext,numero_int,colonia,ciudad,CP) VALUES (375,'a. Av.',123,926,'N.','West-Vlaanderen','58822');
INSERT INTO Direccion (id_direccion,calle,numero_ext,numero_int,colonia,ciudad,CP) VALUES (376,'re Street',243,852,'QC','Antwerpen','9183');
INSERT INTO Direccion (id_direccion,calle,numero_ext,numero_int,colonia,ciudad,CP) VALUES (377,'P.O.igula. St.',238,715,'İzm','Sląskie','61715');
INSERT INTO Direccion (id_direccion,calle,numero_ext,numero_int,colonia,ciudad,CP) VALUES (378,'Ap ravida. St.',145,508,'Hatay','Uttar Pradesh','25136');
INSERT INTO Direccion (id_direccion,calle,numero_ext,numero_int,colonia,ciudad,CP) VALUES (379,'P.O.Duis St.',89,760,'WP','Queensland','87');
INSERT INTO Direccion (id_direccion,calle,numero_ext,numero_int,colonia,ciudad,CP) VALUES (380,'Ap ec Ave',208,569,'Bur','SJ','4680');
INSERT INTO Direccion (id_direccion,calle,numero_ext,numero_int,colonia,ciudad,CP) VALUES (381,'mod Ave',683,237,'OR','F','92430');
INSERT INTO Direccion (id_direccion,calle,numero_ext,numero_int,colonia,ciudad,CP) VALUES (382,'St.',415,913,'Vastra Gotalands lan','Comunitat Valenciana','01129');
INSERT INTO Direccion (id_direccion,calle,numero_ext,numero_int,colonia,ciudad,CP) VALUES (383,'P.O.Lorem Rd.',444,769,'BK','Kansas','27643');
INSERT INTO Direccion (id_direccion,calle,numero_ext,numero_int,colonia,ciudad,CP) VALUES (384,'Box Diam Street',381,151,'HR','VII','79335');
INSERT INTO Direccion (id_direccion,calle,numero_ext,numero_int,colonia,ciudad,CP) VALUES (385,'P.O.Adipiscing Road',684,171,'Andalucia','Gelderland','44549');
INSERT INTO Direccion (id_direccion,calle,numero_ext,numero_int,colonia,ciudad,CP) VALUES (386,'ro. Avenue',476,288,'MO','WP','8456');
INSERT INTO Direccion (id_direccion,calle,numero_ext,numero_int,colonia,ciudad,CP) VALUES (387,'. St.',853,69,'LD','Valparaiso','49');
INSERT INTO Direccion (id_direccion,calle,numero_ext,numero_int,colonia,ciudad,CP) VALUES (388,'rdiet St.',981,326,'ile-de-France','North Island','22');
INSERT INTO Direccion (id_direccion,calle,numero_ext,numero_int,colonia,ciudad,CP) VALUES (389,'P.O.ec St.',171,369,'Vienna','ABR','EW0K7');
INSERT INTO Direccion (id_direccion,calle,numero_ext,numero_int,colonia,ciudad,CP) VALUES (390,'Box Sapien, Rd.',18,770,'North Island','Catalunya','17700');
INSERT INTO Direccion (id_direccion,calle,numero_ext,numero_int,colonia,ciudad,CP) VALUES (391,'e, Rd.',451,830,'Limon','O','72549');
INSERT INTO Direccion (id_direccion,calle,numero_ext,numero_int,colonia,ciudad,CP) VALUES (392,'Box Nec, Street',536,777,'CA','PE','02913');
INSERT INTO Direccion (id_direccion,calle,numero_ext,numero_int,colonia,ciudad,CP) VALUES (393,'. Avenue',371,43,'Poitou-Charentes','Rio de Janeiro','JA0A0');
INSERT INTO Direccion (id_direccion,calle,numero_ext,numero_int,colonia,ciudad,CP) VALUES (394,'Ap Lorem Rd.',184,934,'SI','P','56');
INSERT INTO Direccion (id_direccion,calle,numero_ext,numero_int,colonia,ciudad,CP) VALUES (395,'suada Rd.',687,301,'Stockholms lan','Auvergne','3414');
INSERT INTO Direccion (id_direccion,calle,numero_ext,numero_int,colonia,ciudad,CP) VALUES (396,'P.O.Aenean Avenue',142,440,'Assam','TOS','7765');
INSERT INTO Direccion (id_direccion,calle,numero_ext,numero_int,colonia,ciudad,CP) VALUES (397,' Street',230,38,'Oost-Vlaanderen','San Jose','00792');
INSERT INTO Direccion (id_direccion,calle,numero_ext,numero_int,colonia,ciudad,CP) VALUES (398,'i Avenue',79,88,'North Island','WA','49599');
INSERT INTO Direccion (id_direccion,calle,numero_ext,numero_int,colonia,ciudad,CP) VALUES (399,'Et Avenue',368,439,'CA','UP','74542');
INSERT INTO Direccion (id_direccion,calle,numero_ext,numero_int,colonia,ciudad,CP) VALUES (400,'n Av.',445,980,'North Island','IL','08706');
INSERT INTO Direccion (id_direccion,calle,numero_ext,numero_int,colonia,ciudad,CP) VALUES (401,'P.O.Sem. Av.',345,932,'RM','Katsina','82951');
INSERT INTO Direccion (id_direccion,calle,numero_ext,numero_int,colonia,ciudad,CP) VALUES (402,'st. Road',489,137,'O','Istanbul','61104');
INSERT INTO Direccion (id_direccion,calle,numero_ext,numero_int,colonia,ciudad,CP) VALUES (403,'s, Av.',294,462,'Zeeland','HE','04796');
INSERT INTO Direccion (id_direccion,calle,numero_ext,numero_int,colonia,ciudad,CP) VALUES (404,'Ap Cras Ave',550,416,'VT','W','16');
INSERT INTO Direccion (id_direccion,calle,numero_ext,numero_int,colonia,ciudad,CP) VALUES (405,'P.O.Fringilla St.',118,699,'NewfoundlandLabrador','Wisconsin','7016');
INSERT INTO Direccion (id_direccion,calle,numero_ext,numero_int,colonia,ciudad,CP) VALUES (406,'Ap Lacus. Rd.',344,308,'Van','Biobio','D40ZR');
INSERT INTO Direccion (id_direccion,calle,numero_ext,numero_int,colonia,ciudad,CP) VALUES (407,'treet',247,944,'San Jose','Ontario','01182');
INSERT INTO Direccion (id_direccion,calle,numero_ext,numero_int,colonia,ciudad,CP) VALUES (408,'Fermentum Rd.',179,375,'Cartago','Arkansas','1435H');
INSERT INTO Direccion (id_direccion,calle,numero_ext,numero_int,colonia,ciudad,CP) VALUES (409,'ctetuer, Road',482,231,'Gaz','Mazowieckie','09');
INSERT INTO Direccion (id_direccion,calle,numero_ext,numero_int,colonia,ciudad,CP) VALUES (410,'Est, Ave',207,656,'ZP','ON','14363');
INSERT INTO Direccion (id_direccion,calle,numero_ext,numero_int,colonia,ciudad,CP) VALUES (411,'P.O.Sem Street',582,939,'West Lothian','North Island','13847');
INSERT INTO Direccion (id_direccion,calle,numero_ext,numero_int,colonia,ciudad,CP) VALUES (412,'in St.',682,115,'AB','KA','21115');
INSERT INTO Direccion (id_direccion,calle,numero_ext,numero_int,colonia,ciudad,CP) VALUES (413,'Ap Dolor Rd.',481,201,'Valparaiso','NI','0843');
INSERT INTO Direccion (id_direccion,calle,numero_ext,numero_int,colonia,ciudad,CP) VALUES (414,'Ap Adipiscing St.',278,610,'Emilia-Romagna','IN','7323J');
INSERT INTO Direccion (id_direccion,calle,numero_ext,numero_int,colonia,ciudad,CP) VALUES (415,'venue',951,522,'TOS','Alaska','V94DP');
INSERT INTO Direccion (id_direccion,calle,numero_ext,numero_int,colonia,ciudad,CP) VALUES (416,'. Av.',220,196,'Istanbul','Zeeland','15239');
INSERT INTO Direccion (id_direccion,calle,numero_ext,numero_int,colonia,ciudad,CP) VALUES (417,'Consectetuer Avenue',526,742,'VII','DE','48984');
INSERT INTO Direccion (id_direccion,calle,numero_ext,numero_int,colonia,ciudad,CP) VALUES (418,'Ap Ut Road',41,777,'VIC','Galicia','3459');
INSERT INTO Direccion (id_direccion,calle,numero_ext,numero_int,colonia,ciudad,CP) VALUES (419,'Ap Ut St.',815,334,'Somerset','Ontario','93675');
INSERT INTO Direccion (id_direccion,calle,numero_ext,numero_int,colonia,ciudad,CP) VALUES (420,'Box Lacinia St.',849,758,'Zeeland','LOM','YX8Y1');
INSERT INTO Direccion (id_direccion,calle,numero_ext,numero_int,colonia,ciudad,CP) VALUES (421,'Ap Et St.',739,646,'Wie','E','18189');
INSERT INTO Direccion (id_direccion,calle,numero_ext,numero_int,colonia,ciudad,CP) VALUES (422,'Avenue',458,36,'AN','Andalucia','P39KB');
INSERT INTO Direccion (id_direccion,calle,numero_ext,numero_int,colonia,ciudad,CP) VALUES (423,'P.O.Eleifend St.',526,210,'RF','Coquimbo','84189');
INSERT INTO Direccion (id_direccion,calle,numero_ext,numero_int,colonia,ciudad,CP) VALUES (424,'Velit Rd.',640,295,'Diy','LU','7431L');
INSERT INTO Direccion (id_direccion,calle,numero_ext,numero_int,colonia,ciudad,CP) VALUES (425,'m Rd.',979,236,'Mississippi','CE','5927');
INSERT INTO Direccion (id_direccion,calle,numero_ext,numero_int,colonia,ciudad,CP) VALUES (426,' St.',335,831,'Ist','DE','Q21HZ');
INSERT INTO Direccion (id_direccion,calle,numero_ext,numero_int,colonia,ciudad,CP) VALUES (427,'Suspendisse Rd.',45,6,'Ada','QC','73640');
INSERT INTO Direccion (id_direccion,calle,numero_ext,numero_int,colonia,ciudad,CP) VALUES (428,'rna. Road',416,66,'Wie','Osun','4187F');
INSERT INTO Direccion (id_direccion,calle,numero_ext,numero_int,colonia,ciudad,CP) VALUES (429,'Quisque St.',225,643,'AN','HH','70407');
INSERT INTO Direccion (id_direccion,calle,numero_ext,numero_int,colonia,ciudad,CP) VALUES (430,'n Rd.',635,675,'Connacht','Languedoc-Roussillon','77277');
INSERT INTO Direccion (id_direccion,calle,numero_ext,numero_int,colonia,ciudad,CP) VALUES (431,'St.',716,488,'MecklenburVorpommern','QC','08182');
INSERT INTO Direccion (id_direccion,calle,numero_ext,numero_int,colonia,ciudad,CP) VALUES (432,'Ad St.',101,290,'OX','Sicilia','9694');
INSERT INTO Direccion (id_direccion,calle,numero_ext,numero_int,colonia,ciudad,CP) VALUES (433,'P.O.Suspendisse Ave',425,199,'Noord Holland','PD','07760');
INSERT INTO Direccion (id_direccion,calle,numero_ext,numero_int,colonia,ciudad,CP) VALUES (434,'P.O.on, Ave',700,115,'Pernambuco','Małopolskie','8687L');
INSERT INTO Direccion (id_direccion,calle,numero_ext,numero_int,colonia,ciudad,CP) VALUES (435,'ortis St.',92,691,'Brecknockshire','WA','6729');
INSERT INTO Direccion (id_direccion,calle,numero_ext,numero_int,colonia,ciudad,CP) VALUES (436,'P.O.Mi St.',9,81,'Wigtownshire','Parana','YG1T5');
INSERT INTO Direccion (id_direccion,calle,numero_ext,numero_int,colonia,ciudad,CP) VALUES (437,'P.O.Eu, Avenue',417,78,'Devon','Wie','5334');
INSERT INTO Direccion (id_direccion,calle,numero_ext,numero_int,colonia,ciudad,CP) VALUES (438,'Per Av.',933,560,'HU','Lower Saxony','53595');
INSERT INTO Direccion (id_direccion,calle,numero_ext,numero_int,colonia,ciudad,CP) VALUES (439,'Non Road',148,136,'Arkansas','Kansas','5437');
INSERT INTO Direccion (id_direccion,calle,numero_ext,numero_int,colonia,ciudad,CP) VALUES (440,'Nec, Road',439,896,'LAZ','SJ','75355');
INSERT INTO Direccion (id_direccion,calle,numero_ext,numero_int,colonia,ciudad,CP) VALUES (441,'Ap Orci, Ave',979,922,'NorthwestTerritories','Zeeland','14468');
INSERT INTO Direccion (id_direccion,calle,numero_ext,numero_int,colonia,ciudad,CP) VALUES (442,'Box Duis Avenue',532,782,'Wie','Catalunya','44032');
INSERT INTO Direccion (id_direccion,calle,numero_ext,numero_int,colonia,ciudad,CP) VALUES (443,'us Rd.',37,778,'Durham','Rajasthan','34264');
INSERT INTO Direccion (id_direccion,calle,numero_ext,numero_int,colonia,ciudad,CP) VALUES (444,'P.O.Dolor. Rd.',89,434,'Opolskie','EX','60505');
INSERT INTO Direccion (id_direccion,calle,numero_ext,numero_int,colonia,ciudad,CP) VALUES (445,'i, Avenue',607,503,'C','PO','I23GW');
INSERT INTO Direccion (id_direccion,calle,numero_ext,numero_int,colonia,ciudad,CP) VALUES (446,'Ap Dui, St.',626,79,'Biobio','Parana','04693');
INSERT INTO Direccion (id_direccion,calle,numero_ext,numero_int,colonia,ciudad,CP) VALUES (447,'Auctor, Rd.',100,843,'CE','Maule','9190');
INSERT INTO Direccion (id_direccion,calle,numero_ext,numero_int,colonia,ciudad,CP) VALUES (448,'P.O.Duis Rd.',831,523,'North Island','Jonkopings lan','7611');
INSERT INTO Direccion (id_direccion,calle,numero_ext,numero_int,colonia,ciudad,CP) VALUES (449,'P.O.Nec Av.',757,345,'Comunitat Valenciana','Yukon','98249');
INSERT INTO Direccion (id_direccion,calle,numero_ext,numero_int,colonia,ciudad,CP) VALUES (450,'Eu Rd.',702,54,'G','PB','38431');
INSERT INTO Direccion (id_direccion,calle,numero_ext,numero_int,colonia,ciudad,CP) VALUES (451,'Ap Congue Ave',714,91,'MA','MetropolitanSantiago','31930');
INSERT INTO Direccion (id_direccion,calle,numero_ext,numero_int,colonia,ciudad,CP) VALUES (452,'c St.',144,282,'Vienna','BW','8057');
INSERT INTO Direccion (id_direccion,calle,numero_ext,numero_int,colonia,ciudad,CP) VALUES (453,'Ap Interdum Av.',728,346,'SN','Vienna','05255');
INSERT INTO Direccion (id_direccion,calle,numero_ext,numero_int,colonia,ciudad,CP) VALUES (454,'P.O.A, Street',263,286,'South Island','SA','68198');
INSERT INTO Direccion (id_direccion,calle,numero_ext,numero_int,colonia,ciudad,CP) VALUES (455,'Ap Fringilla Street',102,595,'N.','BE','4586');
INSERT INTO Direccion (id_direccion,calle,numero_ext,numero_int,colonia,ciudad,CP) VALUES (456,'Box Tellus. Rd.',577,641,'Waals-Brabant','CH','P35ZK');
INSERT INTO Direccion (id_direccion,calle,numero_ext,numero_int,colonia,ciudad,CP) VALUES (457,'n Ave',839,210,'RS','Alberta','93');
INSERT INTO Direccion (id_direccion,calle,numero_ext,numero_int,colonia,ciudad,CP) VALUES (458,'Ap Eget Avenue',877,45,'Bahia','H','68806');
INSERT INTO Direccion (id_direccion,calle,numero_ext,numero_int,colonia,ciudad,CP) VALUES (459,'Ap Malesuada Ave',709,549,'BY','AB','74926');
INSERT INTO Direccion (id_direccion,calle,numero_ext,numero_int,colonia,ciudad,CP) VALUES (460,'suada St.',157,329,'British Columbia','H','73003');
INSERT INTO Direccion (id_direccion,calle,numero_ext,numero_int,colonia,ciudad,CP) VALUES (461,'Elit St.',627,100,'ON','Stockholms lan','KA5CZ');
INSERT INTO Direccion (id_direccion,calle,numero_ext,numero_int,colonia,ciudad,CP) VALUES (462,'P.O.Nunc Rd.',357,814,'BC','SI','88743');
INSERT INTO Direccion (id_direccion,calle,numero_ext,numero_int,colonia,ciudad,CP) VALUES (463,'c Av.',75,437,'QC','Bahia','54198');
INSERT INTO Direccion (id_direccion,calle,numero_ext,numero_int,colonia,ciudad,CP) VALUES (464,'P.O.Vulputate Street',942,770,'SO','KA','8890');
INSERT INTO Direccion (id_direccion,calle,numero_ext,numero_int,colonia,ciudad,CP) VALUES (465,'Ap Blandit St.',354,31,'VII','Van','9769');
INSERT INTO Direccion (id_direccion,calle,numero_ext,numero_int,colonia,ciudad,CP) VALUES (466,'rdum Road',909,440,'Sicilia','CO','7485');
INSERT INTO Direccion (id_direccion,calle,numero_ext,numero_int,colonia,ciudad,CP) VALUES (467,'P.O.Fusce Avenue',710,706,'A','AK','12423');
INSERT INTO Direccion (id_direccion,calle,numero_ext,numero_int,colonia,ciudad,CP) VALUES (468,'Quis Street',833,982,'WA','TN','81588');
INSERT INTO Direccion (id_direccion,calle,numero_ext,numero_int,colonia,ciudad,CP) VALUES (469,'re, Street',10,868,'Dr','Lagos','55872');
INSERT INTO Direccion (id_direccion,calle,numero_ext,numero_int,colonia,ciudad,CP) VALUES (470,'P.O.Nisi Av.',657,960,'G','OV','26409');
INSERT INTO Direccion (id_direccion,calle,numero_ext,numero_int,colonia,ciudad,CP) VALUES (471,'Quis Avenue',431,56,'Nova Scotia','Kon','70');
INSERT INTO Direccion (id_direccion,calle,numero_ext,numero_int,colonia,ciudad,CP) VALUES (472,'retra St.',271,559,'Canarias','EX','8210');
INSERT INTO Direccion (id_direccion,calle,numero_ext,numero_int,colonia,ciudad,CP) VALUES (473,'Ap Odio, St.',486,610,'Quebec','LD','33375');
INSERT INTO Direccion (id_direccion,calle,numero_ext,numero_int,colonia,ciudad,CP) VALUES (474,'ibero Ave',60,237,'Mazowieckie','ON','73219');
INSERT INTO Direccion (id_direccion,calle,numero_ext,numero_int,colonia,ciudad,CP) VALUES (475,'Ap Pharetra Street',708,518,'LOM','Lancashire','33993');
INSERT INTO Direccion (id_direccion,calle,numero_ext,numero_int,colonia,ciudad,CP) VALUES (476,'Ap Ornare. Street',376,373,'ostergotlands lan','KS','41296');
INSERT INTO Direccion (id_direccion,calle,numero_ext,numero_int,colonia,ciudad,CP) VALUES (477,'Box ictum. Road',73,126,'U','British Columbia','BW4L1');
INSERT INTO Direccion (id_direccion,calle,numero_ext,numero_int,colonia,ciudad,CP) VALUES (478,'Nam Rd.',675,766,'NI','MA','6571');
INSERT INTO Direccion (id_direccion,calle,numero_ext,numero_int,colonia,ciudad,CP) VALUES (479,'Ap Justo Rd.',966,765,'Veneto','AN','79485');
INSERT INTO Direccion (id_direccion,calle,numero_ext,numero_int,colonia,ciudad,CP) VALUES (480,'In Av.',22,736,'HH','NI','92586');
INSERT INTO Direccion (id_direccion,calle,numero_ext,numero_int,colonia,ciudad,CP) VALUES (481,'Ap Dolor. Road',576,819,'Wie','Veneto','6818K');
INSERT INTO Direccion (id_direccion,calle,numero_ext,numero_int,colonia,ciudad,CP) VALUES (482,'Ap Risus. Road',361,16,'Centre','Gaziantep','8300');
INSERT INTO Direccion (id_direccion,calle,numero_ext,numero_int,colonia,ciudad,CP) VALUES (483,'treet',192,812,'Swiętokrzyskie','Bauchi','58430');
INSERT INTO Direccion (id_direccion,calle,numero_ext,numero_int,colonia,ciudad,CP) VALUES (484,'od Road',641,500,'MA','Ontario','7354');
INSERT INTO Direccion (id_direccion,calle,numero_ext,numero_int,colonia,ciudad,CP) VALUES (485,'Ap Ante Street',234,151,'San Jose','NI','33283');
INSERT INTO Direccion (id_direccion,calle,numero_ext,numero_int,colonia,ciudad,CP) VALUES (486,'P.O.Morbi Avenue',419,610,'AN','Antofagasta','4271');
INSERT INTO Direccion (id_direccion,calle,numero_ext,numero_int,colonia,ciudad,CP) VALUES (487,'stas. Rd.',993,352,'Saskatchewan','SIC','71419');
INSERT INTO Direccion (id_direccion,calle,numero_ext,numero_int,colonia,ciudad,CP) VALUES (488,'Vitae, Road',66,844,'Munster','G','78887');
INSERT INTO Direccion (id_direccion,calle,numero_ext,numero_int,colonia,ciudad,CP) VALUES (489,'icies Rd.',175,454,'L','Diy','40519');
INSERT INTO Direccion (id_direccion,calle,numero_ext,numero_int,colonia,ciudad,CP) VALUES (490,'ibulum Ave',696,593,'Bur','N.','65423');
INSERT INTO Direccion (id_direccion,calle,numero_ext,numero_int,colonia,ciudad,CP) VALUES (491,'a Street',871,849,'HE','Madrid','96205');
INSERT INTO Direccion (id_direccion,calle,numero_ext,numero_int,colonia,ciudad,CP) VALUES (492,'em Avenue',568,829,'North Island','Gelderland','73671');
INSERT INTO Direccion (id_direccion,calle,numero_ext,numero_int,colonia,ciudad,CP) VALUES (493,'e Road',806,348,'Leinster','VIC','2737');
INSERT INTO Direccion (id_direccion,calle,numero_ext,numero_int,colonia,ciudad,CP) VALUES (494,'stie Av.',312,351,'Uttar Pradesh','Waals-Brabant','31069');
INSERT INTO Direccion (id_direccion,calle,numero_ext,numero_int,colonia,ciudad,CP) VALUES (495,'um Avenue',154,209,'Podlaskie','Bihar','62424');
INSERT INTO Direccion (id_direccion,calle,numero_ext,numero_int,colonia,ciudad,CP) VALUES (496,'Massa. St.',835,53,'Arkansas','South Island','22490');
INSERT INTO Direccion (id_direccion,calle,numero_ext,numero_int,colonia,ciudad,CP) VALUES (497,'Ap Quis Street',801,393,'Picardie','Ist','32634');
INSERT INTO Direccion (id_direccion,calle,numero_ext,numero_int,colonia,ciudad,CP) VALUES (498,'Ap Velit. Rd.',375,878,'PR','E','21886');
INSERT INTO Direccion (id_direccion,calle,numero_ext,numero_int,colonia,ciudad,CP) VALUES (499,'Arcu. Rd.',707,400,'QC','Comunitat Valenciana','8814');
INSERT INTO Direccion (id_direccion,calle,numero_ext,numero_int,colonia,ciudad,CP) VALUES (500,'Ap Tempus Av.',520,49,'KN','Victoria','40606');

INSERT INTO Persona (email,apellido_paterno,apellido_materno,nombres,telefono,id_direccion) VALUES ('tellus.eu.augue@vitaealiquet.com','Dennis','Thornton','Kamal','8146949247',1);
INSERT INTO Persona (email,apellido_paterno,apellido_materno,nombres,telefono,id_direccion) VALUES ('Proin.sed.turpis@cursusnonegestas.org','Wade','Knapp','Eaton','1161194686',2);
INSERT INTO Persona (email,apellido_paterno,apellido_materno,nombres,telefono,id_direccion) VALUES ('euismod@a.org','Green','Gillespie','Dexter','5101853904',3);
INSERT INTO Persona (email,apellido_paterno,apellido_materno,nombres,telefono,id_direccion) VALUES ('orci.sem@Duis.com','Strong','Cooper','Deacon','8825676664',4);
INSERT INTO Persona (email,apellido_paterno,apellido_materno,nombres,telefono,id_direccion) VALUES ('malesuada.vel@consequatlectussit.edu','Gilbert','Avery','Carla','8325903555',5);
INSERT INTO Persona (email,apellido_paterno,apellido_materno,nombres,telefono,id_direccion) VALUES ('adipiscing@imperdietornareIn.org','Erickson','Ayers','Hiroko','2908577868',6);
INSERT INTO Persona (email,apellido_paterno,apellido_materno,nombres,telefono,id_direccion) VALUES ('dolor@dolor.co.uk','Wyatt','Kelly','Freya','7634522296',7);
INSERT INTO Persona (email,apellido_paterno,apellido_materno,nombres,telefono,id_direccion) VALUES ('magna.et@musAeneaneget.org','Carroll','Stanley','Garrison','9173204142',8);
INSERT INTO Persona (email,apellido_paterno,apellido_materno,nombres,telefono,id_direccion) VALUES ('ut@eleifendCras.net','Clay','Monroe','Hiram','2542240413',9);
INSERT INTO Persona (email,apellido_paterno,apellido_materno,nombres,telefono,id_direccion) VALUES ('hendrerit@magnisdisparturient.edu','Mullen','Todd','Ina','4689314569',10);
INSERT INTO Persona (email,apellido_paterno,apellido_materno,nombres,telefono,id_direccion) VALUES ('nibh@sapienNunc.com','Waller','Cooley','Armand','3062129927',11);
INSERT INTO Persona (email,apellido_paterno,apellido_materno,nombres,telefono,id_direccion) VALUES ('ut.eros.non@nonantebibendum.com','Farrell','Osborne','Barry','1998497095',12);
INSERT INTO Persona (email,apellido_paterno,apellido_materno,nombres,telefono,id_direccion) VALUES ('accumsan.laoreet@pede.edu','Williamson','Gaines','Fletcher','3536071329',13);
INSERT INTO Persona (email,apellido_paterno,apellido_materno,nombres,telefono,id_direccion) VALUES ('Suspendisse.non.leo@blandit.org','Ellis','Schultz','Todd','2826384138',14);
INSERT INTO Persona (email,apellido_paterno,apellido_materno,nombres,telefono,id_direccion) VALUES ('Donec@quistristiqueac.co.uk','Sanders','Harmon','Iola','7505342763',15);
INSERT INTO Persona (email,apellido_paterno,apellido_materno,nombres,telefono,id_direccion) VALUES ('mauris.Suspendisse@Suspendissecommodo.net','Snider','Gilmore','Caesar','6655541351',16);
INSERT INTO Persona (email,apellido_paterno,apellido_materno,nombres,telefono,id_direccion) VALUES ('quis.pede@molestiesodalesMauris.com','Gray','Sherman','Kaye','2141689973',17);
INSERT INTO Persona (email,apellido_paterno,apellido_materno,nombres,telefono,id_direccion) VALUES ('parturient.montes.nascetur@dolordolortempus.org','Bernard','Morrow','Wing','8917854341',18);
INSERT INTO Persona (email,apellido_paterno,apellido_materno,nombres,telefono,id_direccion) VALUES ('sociis@Quisquenonummy.com','Pennington','Young','Kelly','3047415001',19);
INSERT INTO Persona (email,apellido_paterno,apellido_materno,nombres,telefono,id_direccion) VALUES ('enim.mi@nonsapien.ca','Rogers','Hahn','Yen','7592207577',20);
INSERT INTO Persona (email,apellido_paterno,apellido_materno,nombres,telefono,id_direccion) VALUES ('eget.tincidunt@diam.edu','Wilder','Jennings','Myles','8535804042',21);
INSERT INTO Persona (email,apellido_paterno,apellido_materno,nombres,telefono,id_direccion) VALUES ('arcu@arcuvelquam.ca','Cannon','Fitzpatrick','Hu','1437229349',22);
INSERT INTO Persona (email,apellido_paterno,apellido_materno,nombres,telefono,id_direccion) VALUES ('Nunc.quis.arcu@at.org','Merrill','Harper','Kaden','4649350632',23);
INSERT INTO Persona (email,apellido_paterno,apellido_materno,nombres,telefono,id_direccion) VALUES ('convallis@Sed.org','Hanson','Elliott','Ifeoma','7521099062',24);
INSERT INTO Persona (email,apellido_paterno,apellido_materno,nombres,telefono,id_direccion) VALUES ('gravida@ornare.com','Mitchell','Cooke','Samuel','8491030660',25);
INSERT INTO Persona (email,apellido_paterno,apellido_materno,nombres,telefono,id_direccion) VALUES ('ultricies@tincidunt.com','Curry','Washington','Jane','1603065663',26);
INSERT INTO Persona (email,apellido_paterno,apellido_materno,nombres,telefono,id_direccion) VALUES ('Aliquam.ultrices.iaculis@idantedictum.edu','Rush','Lloyd','Blossom','8493734064',27);
INSERT INTO Persona (email,apellido_paterno,apellido_materno,nombres,telefono,id_direccion) VALUES ('orci@sagittislobortismauris.ca','Garcia','Kelley','Piper','3357460469',28);
INSERT INTO Persona (email,apellido_paterno,apellido_materno,nombres,telefono,id_direccion) VALUES ('Mauris.quis@euodiotristique.co.uk','Knight','Valdez','Murphy','4314407060',29);
INSERT INTO Persona (email,apellido_paterno,apellido_materno,nombres,telefono,id_direccion) VALUES ('Proin@Quisqueporttitor.edu','Velez','Lee','Prescott','6263437849',30);
INSERT INTO Persona (email,apellido_paterno,apellido_materno,nombres,telefono,id_direccion) VALUES ('in@quistristiqueac.ca','Wall','Long','Price','6415378454',31);
INSERT INTO Persona (email,apellido_paterno,apellido_materno,nombres,telefono,id_direccion) VALUES ('ultricies@odiosempercursus.ca','Spears','Benjamin','Megan','6314871745',32);
INSERT INTO Persona (email,apellido_paterno,apellido_materno,nombres,telefono,id_direccion) VALUES ('inceptos.hymenaeos@tellusPhaselluselit.org','Ratliff','Perry','Jonas','1408234526',33);
INSERT INTO Persona (email,apellido_paterno,apellido_materno,nombres,telefono,id_direccion) VALUES ('mattis.velit@imperdiet.net','Jordan','Tanner','Deacon','2214118792',34);
INSERT INTO Persona (email,apellido_paterno,apellido_materno,nombres,telefono,id_direccion) VALUES ('risus.Duis.a@sociis.net','Mccarty','Blake','Joseph','1074571272',35);
INSERT INTO Persona (email,apellido_paterno,apellido_materno,nombres,telefono,id_direccion) VALUES ('non.lobortis@dictumauguemalesuada.ca','Huber','Fitzpatrick','William','4562215797',36);
INSERT INTO Persona (email,apellido_paterno,apellido_materno,nombres,telefono,id_direccion) VALUES ('sed@Maurisvestibulum.com','Juarez','Calderon','Reece','8484739693',37);
INSERT INTO Persona (email,apellido_paterno,apellido_materno,nombres,telefono,id_direccion) VALUES ('erat.in.consectetuer@nibhenimgravida.co.uk','Serrano','Donaldson','Carlos','4553537977',38);
INSERT INTO Persona (email,apellido_paterno,apellido_materno,nombres,telefono,id_direccion) VALUES ('Mauris.ut.quam@Aliquamvulputateullamcorper.ca','Hahn','Mcneil','Ulysses','9393219332',39);
INSERT INTO Persona (email,apellido_paterno,apellido_materno,nombres,telefono,id_direccion) VALUES ('tellus@acarcu.org','Whitaker','Love','Maryam','7353083966',40);
INSERT INTO Persona (email,apellido_paterno,apellido_materno,nombres,telefono,id_direccion) VALUES ('risus.Donec@nonnisi.co.uk','Estes','Richmond','Patrick','7532272806',41);
INSERT INTO Persona (email,apellido_paterno,apellido_materno,nombres,telefono,id_direccion) VALUES ('natoque@egetmetuseu.co.uk','Frazier','Barrett','Yoshio','8829791055',42);
INSERT INTO Persona (email,apellido_paterno,apellido_materno,nombres,telefono,id_direccion) VALUES ('In.scelerisque@acfermentum.net','Hickman','Alvarez','Cade','1736067565',43);
INSERT INTO Persona (email,apellido_paterno,apellido_materno,nombres,telefono,id_direccion) VALUES ('lectus.pede@pedeblanditcongue.co.uk','Bartlett','Mcpherson','Savannah','9683827710',44);
INSERT INTO Persona (email,apellido_paterno,apellido_materno,nombres,telefono,id_direccion) VALUES ('aliquet.lobortis@egetipsumSuspendisse.com','Santiago','Melendez','Isaac','9456846223',45);
INSERT INTO Persona (email,apellido_paterno,apellido_materno,nombres,telefono,id_direccion) VALUES ('accumsan.laoreet@elit.co.uk','Kaufman','Riley','Levi','3754086070',46);
INSERT INTO Persona (email,apellido_paterno,apellido_materno,nombres,telefono,id_direccion) VALUES ('ac.nulla.In@nonummy.net','Stanley','Duncan','Octavius','1201223141',47);
INSERT INTO Persona (email,apellido_paterno,apellido_materno,nombres,telefono,id_direccion) VALUES ('Nunc.lectus.pede@dapibusrutrumjusto.edu','Drake','Mckee','Matthew','1127313111',48);
INSERT INTO Persona (email,apellido_paterno,apellido_materno,nombres,telefono,id_direccion) VALUES ('laoreet.posuere.enim@congueIn.org','Chase','Reynolds','Desiree','2799084144',49);
INSERT INTO Persona (email,apellido_paterno,apellido_materno,nombres,telefono,id_direccion) VALUES ('dictum@nuncsed.org','Deleon','Mendez','Omar','9369473919',50);
INSERT INTO Persona (email,apellido_paterno,apellido_materno,nombres,telefono,id_direccion) VALUES ('pharetra@eu.ca','Armstrong','Tran','Deborah','6908587421',51);
INSERT INTO Persona (email,apellido_paterno,apellido_materno,nombres,telefono,id_direccion) VALUES ('primis.in@necligula.ca','Mejia','Watson','Fuller','2274757735',52);
INSERT INTO Persona (email,apellido_paterno,apellido_materno,nombres,telefono,id_direccion) VALUES ('Duis@eu.co.uk','Webster','Barnes','Naomi','6725683422',53);
INSERT INTO Persona (email,apellido_paterno,apellido_materno,nombres,telefono,id_direccion) VALUES ('nunc.sit.amet@eleifendvitaeerat.edu','Pruitt','Burns','Lawrence','2846839424',54);
INSERT INTO Persona (email,apellido_paterno,apellido_materno,nombres,telefono,id_direccion) VALUES ('egestas@nostraper.edu','Jefferson','Davidson','Ryan','5209032923',55);
INSERT INTO Persona (email,apellido_paterno,apellido_materno,nombres,telefono,id_direccion) VALUES ('turpis@elitelitfermentum.ca','Torres','Morales','Ria','6377317065',56);
INSERT INTO Persona (email,apellido_paterno,apellido_materno,nombres,telefono,id_direccion) VALUES ('vulputate.ullamcorper@felis.co.uk','Sharpe','Dotson','Nathan','2279874148',57);
INSERT INTO Persona (email,apellido_paterno,apellido_materno,nombres,telefono,id_direccion) VALUES ('turpis@risusatfringilla.org','Sears','Small','Abel','2228456543',58);
INSERT INTO Persona (email,apellido_paterno,apellido_materno,nombres,telefono,id_direccion) VALUES ('mattis.semper.dui@cubiliaCuraeDonec.co.uk','Avery','Gilbert','Kyra','7937740223',59);
INSERT INTO Persona (email,apellido_paterno,apellido_materno,nombres,telefono,id_direccion) VALUES ('leo@primisin.net','Noble','Johns','Ocean','1792189087',60);
INSERT INTO Persona (email,apellido_paterno,apellido_materno,nombres,telefono,id_direccion) VALUES ('gravida.Aliquam@liberomaurisaliquam.ca','Chase','Conner','Herrod','2322567935',61);
INSERT INTO Persona (email,apellido_paterno,apellido_materno,nombres,telefono,id_direccion) VALUES ('pede.nonummy.ut@Mauris.org','Cummings','Compton','Iona','5221323723',62);
INSERT INTO Persona (email,apellido_paterno,apellido_materno,nombres,telefono,id_direccion) VALUES ('libero.Morbi@acsem.com','Malone','Ashley','Maryam','7455078107',63);
INSERT INTO Persona (email,apellido_paterno,apellido_materno,nombres,telefono,id_direccion) VALUES ('velit.Quisque.varius@pharetraNamac.ca','Mitchell','Decker','Ifeoma','1728898710',64);
INSERT INTO Persona (email,apellido_paterno,apellido_materno,nombres,telefono,id_direccion) VALUES ('consectetuer@ultriciesdignissimlacus.com','Lowe','Dyer','Shafira','3696384077',65);
INSERT INTO Persona (email,apellido_paterno,apellido_materno,nombres,telefono,id_direccion) VALUES ('fames@Aeneaneget.ca','Barron','Erickson','Moana','2576851588',66);
INSERT INTO Persona (email,apellido_paterno,apellido_materno,nombres,telefono,id_direccion) VALUES ('faucibus@Donecsollicitudinadipiscing.ca','Wynn','Hernandez','Harding','8718732143',67);
INSERT INTO Persona (email,apellido_paterno,apellido_materno,nombres,telefono,id_direccion) VALUES ('sit.amet.risus@dignissimmagnaa.org','Ellis','Wilcox','Eve','1043060726',68);
INSERT INTO Persona (email,apellido_paterno,apellido_materno,nombres,telefono,id_direccion) VALUES ('lorem@ametconsectetueradipiscing.co.uk','Knowles','Farmer','Jackson','1666331674',69);
INSERT INTO Persona (email,apellido_paterno,apellido_materno,nombres,telefono,id_direccion) VALUES ('turpis.In.condimentum@urna.com','Valenzuela','Jacobs','Kai','3012965796',70);
INSERT INTO Persona (email,apellido_paterno,apellido_materno,nombres,telefono,id_direccion) VALUES ('ac@nonummyacfeugiat.ca','Witt','Black','Tatum','6851999006',71);
INSERT INTO Persona (email,apellido_paterno,apellido_materno,nombres,telefono,id_direccion) VALUES ('Nunc.ullamcorper@estvitae.ca','Hebert','Mays','Rhiannon','9124913699',72);
INSERT INTO Persona (email,apellido_paterno,apellido_materno,nombres,telefono,id_direccion) VALUES ('mus@Nam.ca','Finch','Stout','Gretchen','2262776960',73);
INSERT INTO Persona (email,apellido_paterno,apellido_materno,nombres,telefono,id_direccion) VALUES ('lorem.lorem@afeugiat.ca','Hill','Jefferson','Mason','2585616337',74);
INSERT INTO Persona (email,apellido_paterno,apellido_materno,nombres,telefono,id_direccion) VALUES ('molestie@Nunc.edu','Adkins','Wiggins','Lillith','2941337025',75);
INSERT INTO Persona (email,apellido_paterno,apellido_materno,nombres,telefono,id_direccion) VALUES ('Fusce@ante.edu','Brock','Christian','Cathleen','5313318745',76);
INSERT INTO Persona (email,apellido_paterno,apellido_materno,nombres,telefono,id_direccion) VALUES ('velit@eu.ca','Brock','Roach','Joy','7222079248',77);
INSERT INTO Persona (email,apellido_paterno,apellido_materno,nombres,telefono,id_direccion) VALUES ('dui@atpedeCras.net','Faulkner','Blackburn','Bree','6732190755',78);
INSERT INTO Persona (email,apellido_paterno,apellido_materno,nombres,telefono,id_direccion) VALUES ('volutpat.ornare@diamnuncullamcorper.org','Bird','Quinn','Barbara','6578356416',79);
INSERT INTO Persona (email,apellido_paterno,apellido_materno,nombres,telefono,id_direccion) VALUES ('tristique.pharetra@volutpat.co.uk','Dotson','Paul','Alice','4911768473',80);
INSERT INTO Persona (email,apellido_paterno,apellido_materno,nombres,telefono,id_direccion) VALUES ('vel@euarcu.net','Bishop','Griffin','Garrett','8765144764',81);
INSERT INTO Persona (email,apellido_paterno,apellido_materno,nombres,telefono,id_direccion) VALUES ('ultricies@Proinegetodio.co.uk','Morrow','Summers','Tashya','9374528487',82);
INSERT INTO Persona (email,apellido_paterno,apellido_materno,nombres,telefono,id_direccion) VALUES ('convallis@tempusscelerisque.ca','Quinn','Whitley','Gwendolyn','7108401140',83);
INSERT INTO Persona (email,apellido_paterno,apellido_materno,nombres,telefono,id_direccion) VALUES ('ultrices@Nuncpulvinar.ca','Rosario','Richardson','Alana','8241214905',84);
INSERT INTO Persona (email,apellido_paterno,apellido_materno,nombres,telefono,id_direccion) VALUES ('erat@ultrices.edu','Humphrey','Rowland','Rajah','2541564139',85);
INSERT INTO Persona (email,apellido_paterno,apellido_materno,nombres,telefono,id_direccion) VALUES ('urna@arcuVestibulum.net','Velazquez','Olsen','Derek','6371834572',86);
INSERT INTO Persona (email,apellido_paterno,apellido_materno,nombres,telefono,id_direccion) VALUES ('mus@nectempus.co.uk','Blanchard','West','Dolan','4251054533',87);
INSERT INTO Persona (email,apellido_paterno,apellido_materno,nombres,telefono,id_direccion) VALUES ('malesuada.malesuada@nequevenenatislacus.net','Weaver','Barker','Talon','9115228398',88);
INSERT INTO Persona (email,apellido_paterno,apellido_materno,nombres,telefono,id_direccion) VALUES ('In.nec.orci@euismodenimEtiam.co.uk','Cooper','Harper','Driscoll','3049955582',89);
INSERT INTO Persona (email,apellido_paterno,apellido_materno,nombres,telefono,id_direccion) VALUES ('ullamcorper@libero.edu','Goodwin','Adams','Ramona','9843946978',90);
INSERT INTO Persona (email,apellido_paterno,apellido_materno,nombres,telefono,id_direccion) VALUES ('ornare.lectus.ante@Maecenasmi.org','Knapp','Castro','Kevyn','2892829865',91);
INSERT INTO Persona (email,apellido_paterno,apellido_materno,nombres,telefono,id_direccion) VALUES ('et.malesuada@ipsum.edu','House','Sanford','Hashim','5714913436',92);
INSERT INTO Persona (email,apellido_paterno,apellido_materno,nombres,telefono,id_direccion) VALUES ('amet@Sedegetlacus.com','Castro','Hayes','Martha','1695477253',93);
INSERT INTO Persona (email,apellido_paterno,apellido_materno,nombres,telefono,id_direccion) VALUES ('posuere@rutrumnon.ca','Gordon','Kerr','Jessica','2245096996',94);
INSERT INTO Persona (email,apellido_paterno,apellido_materno,nombres,telefono,id_direccion) VALUES ('Cras.interdum.Nunc@Nullam.net','Ayala','Guerra','August','5397839899',95);
INSERT INTO Persona (email,apellido_paterno,apellido_materno,nombres,telefono,id_direccion) VALUES ('vulputate.posuere@nisl.edu','Sanders','Bender','Amos','9597384985',96);
INSERT INTO Persona (email,apellido_paterno,apellido_materno,nombres,telefono,id_direccion) VALUES ('feugiat.non.lobortis@neceleifend.com','Bradford','Massey','Bevis','9666548991',97);
INSERT INTO Persona (email,apellido_paterno,apellido_materno,nombres,telefono,id_direccion) VALUES ('eget.ipsum@laoreetposuereenim.co.uk','Brown','Sykes','TaShya','7817163039',98);
INSERT INTO Persona (email,apellido_paterno,apellido_materno,nombres,telefono,id_direccion) VALUES ('vel.arcu@risusQuisque.co.uk','Massey','Jimenez','Anastasia','2672099606',99);
INSERT INTO Persona (email,apellido_paterno,apellido_materno,nombres,telefono,id_direccion) VALUES ('ac.nulla@amet.ca','Logan','Mccarty','Castor','4671607689',100);
INSERT INTO Persona (email,apellido_paterno,apellido_materno,nombres,telefono,id_direccion) VALUES ('odio@aenim.org','Summers','Campbell','Fitzgerald','8779736294',101);
INSERT INTO Persona (email,apellido_paterno,apellido_materno,nombres,telefono,id_direccion) VALUES ('Aenean@acnullaIn.co.uk','Romero','Kane','Xaviera','5317625610',102);
INSERT INTO Persona (email,apellido_paterno,apellido_materno,nombres,telefono,id_direccion) VALUES ('semper.cursus@Aliquam.net','Mcconnell','Ward','Georgia','5875129785',103);
INSERT INTO Persona (email,apellido_paterno,apellido_materno,nombres,telefono,id_direccion) VALUES ('Sed.et.libero@orcilobortisaugue.co.uk','Noble','Fernandez','Mariam','2708172168',104);
INSERT INTO Persona (email,apellido_paterno,apellido_materno,nombres,telefono,id_direccion) VALUES ('at.egestas@Phasellusataugue.co.uk','Suarez','Reeves','Ocean','7336390900',105);
INSERT INTO Persona (email,apellido_paterno,apellido_materno,nombres,telefono,id_direccion) VALUES ('bibendum@egestasFuscealiquet.net','Weber','Burch','Orson','4509686393',106);
INSERT INTO Persona (email,apellido_paterno,apellido_materno,nombres,telefono,id_direccion) VALUES ('commodo@lectusjustoeu.ca','Gardner','Henderson','Bruce','8067389404',107);
INSERT INTO Persona (email,apellido_paterno,apellido_materno,nombres,telefono,id_direccion) VALUES ('neque@necimperdietnec.com','Maldonado','Calderon','Kerry','5496788534',108);
INSERT INTO Persona (email,apellido_paterno,apellido_materno,nombres,telefono,id_direccion) VALUES ('amet.consectetuer.adipiscing@Donec.net','Solomon','Wiley','Ahmed','6347206500',109);
INSERT INTO Persona (email,apellido_paterno,apellido_materno,nombres,telefono,id_direccion) VALUES ('dis.parturient@ultricesVivamusrhoncus.org','Conrad','Brock','Daria','3899613517',110);
INSERT INTO Persona (email,apellido_paterno,apellido_materno,nombres,telefono,id_direccion) VALUES ('erat@enimMauris.org','Keith','Rios','Tarik','4041234619',111);
INSERT INTO Persona (email,apellido_paterno,apellido_materno,nombres,telefono,id_direccion) VALUES ('Curabitur.sed.tortor@aliquamarcu.com','Vance','Rodgers','Yolanda','2257356473',112);
INSERT INTO Persona (email,apellido_paterno,apellido_materno,nombres,telefono,id_direccion) VALUES ('natoque.penatibus@nibhAliquamornare.ca','Doyle','Rich','Yvette','3845949115',113);
INSERT INTO Persona (email,apellido_paterno,apellido_materno,nombres,telefono,id_direccion) VALUES ('in.dolor.Fusce@pellentesque.edu','Guerra','Mathis','Cameron','3864760845',114);
INSERT INTO Persona (email,apellido_paterno,apellido_materno,nombres,telefono,id_direccion) VALUES ('blandit@velitAliquamnisl.co.uk','Mcpherson','Lawrence','Aurora','7645895401',115);
INSERT INTO Persona (email,apellido_paterno,apellido_materno,nombres,telefono,id_direccion) VALUES ('amet@lectusasollicitudin.com','Kemp','Whitfield','Vernon','8156069942',116);
INSERT INTO Persona (email,apellido_paterno,apellido_materno,nombres,telefono,id_direccion) VALUES ('ipsum.sodales.purus@luctussit.co.uk','Luna','Powers','Nevada','7891539850',117);
INSERT INTO Persona (email,apellido_paterno,apellido_materno,nombres,telefono,id_direccion) VALUES ('diam@utnisi.com','Green','Olson','Rebekah','3447084132',118);
INSERT INTO Persona (email,apellido_paterno,apellido_materno,nombres,telefono,id_direccion) VALUES ('consectetuer@Mauris.net','Beach','Garrison','Lamar','1932564641',119);
INSERT INTO Persona (email,apellido_paterno,apellido_materno,nombres,telefono,id_direccion) VALUES ('fermentum@iaculisaliquet.net','Marshall','Key','Jocelyn','7852706833',120);
INSERT INTO Persona (email,apellido_paterno,apellido_materno,nombres,telefono,id_direccion) VALUES ('viverra@eu.edu','Blair','Daniels','Kylie','4972352767',121);
INSERT INTO Persona (email,apellido_paterno,apellido_materno,nombres,telefono,id_direccion) VALUES ('justo@mauriserateget.edu','Yang','Dorsey','Omar','4118688922',122);
INSERT INTO Persona (email,apellido_paterno,apellido_materno,nombres,telefono,id_direccion) VALUES ('Aenean.gravida@justo.com','Haney','Larson','Robert','7077505174',123);
INSERT INTO Persona (email,apellido_paterno,apellido_materno,nombres,telefono,id_direccion) VALUES ('eu.dolor.egestas@senectusetnetus.net','Mcdaniel','Hays','Clinton','7978101345',124);
INSERT INTO Persona (email,apellido_paterno,apellido_materno,nombres,telefono,id_direccion) VALUES ('Vestibulum.accumsan@Phaselluslibero.edu','Woodward','Camacho','Alexa','8659191579',125);
INSERT INTO Persona (email,apellido_paterno,apellido_materno,nombres,telefono,id_direccion) VALUES ('interdum.feugiat.Sed@ametdiam.ca','Rodgers','Meyer','Rae','2781739580',126);
INSERT INTO Persona (email,apellido_paterno,apellido_materno,nombres,telefono,id_direccion) VALUES ('blandit@noncursus.edu','Merrill','Mueller','Jerry','9497475458',127);
INSERT INTO Persona (email,apellido_paterno,apellido_materno,nombres,telefono,id_direccion) VALUES ('dui.nec.urna@estac.ca','Gibbs','Burnett','Shay','8889638624',128);
INSERT INTO Persona (email,apellido_paterno,apellido_materno,nombres,telefono,id_direccion) VALUES ('aliquam.eros@urnaNunc.org','Mcintosh','Frye','Dominique','2112686225',129);
INSERT INTO Persona (email,apellido_paterno,apellido_materno,nombres,telefono,id_direccion) VALUES ('justo@eudui.co.uk','Stein','Vazquez','Herrod','6292901103',130);
INSERT INTO Persona (email,apellido_paterno,apellido_materno,nombres,telefono,id_direccion) VALUES ('commodo.auctor@laoreet.org','Rice','Olsen','Rigel','1134169059',131);
INSERT INTO Persona (email,apellido_paterno,apellido_materno,nombres,telefono,id_direccion) VALUES ('libero.nec.ligula@sociosquadlitora.co.uk','Stuart','Mcgee','Kibo','6215471715',132);
INSERT INTO Persona (email,apellido_paterno,apellido_materno,nombres,telefono,id_direccion) VALUES ('non.dui@estvitaesodales.com','Armstrong','Abbott','Jaquelyn','5458728700',133);
INSERT INTO Persona (email,apellido_paterno,apellido_materno,nombres,telefono,id_direccion) VALUES ('Duis.risus.odio@diamPellentesque.net','Tran','Murray','Rudyard','5898007019',134);
INSERT INTO Persona (email,apellido_paterno,apellido_materno,nombres,telefono,id_direccion) VALUES ('Sed@eleifend.com','Tate','Haynes','Althea','5695997174',135);
INSERT INTO Persona (email,apellido_paterno,apellido_materno,nombres,telefono,id_direccion) VALUES ('non@vitaeerat.org','Bowers','Mitchell','Christen','8394410232',136);
INSERT INTO Persona (email,apellido_paterno,apellido_materno,nombres,telefono,id_direccion) VALUES ('turpis.nec@Craseu.com','Armstrong','Romero','Felicia','9804288674',137);
INSERT INTO Persona (email,apellido_paterno,apellido_materno,nombres,telefono,id_direccion) VALUES ('magna.a@egetmassa.com','Hendrix','Harding','Jaquelyn','2502168763',138);
INSERT INTO Persona (email,apellido_paterno,apellido_materno,nombres,telefono,id_direccion) VALUES ('nonummy.ultricies@cursusNunc.co.uk','Pena','Summers','Kaitlin','8624367488',139);
INSERT INTO Persona (email,apellido_paterno,apellido_materno,nombres,telefono,id_direccion) VALUES ('faucibus@nuncQuisqueornare.edu','Cleveland','Byrd','Jada','3052782331',140);
INSERT INTO Persona (email,apellido_paterno,apellido_materno,nombres,telefono,id_direccion) VALUES ('accumsan.interdum.libero@euaugue.edu','Ball','Parsons','Jordan','8503242706',141);
INSERT INTO Persona (email,apellido_paterno,apellido_materno,nombres,telefono,id_direccion) VALUES ('eu.dolor@enimEtiamimperdiet.com','Whitfield','Navarro','Driscoll','4186972542',142);
INSERT INTO Persona (email,apellido_paterno,apellido_materno,nombres,telefono,id_direccion) VALUES ('aliquam@ipsum.com','Byers','Warren','Roth','3999613527',143);
INSERT INTO Persona (email,apellido_paterno,apellido_materno,nombres,telefono,id_direccion) VALUES ('mollis@id.co.uk','Gutierrez','Mercado','Alfreda','8896668445',144);
INSERT INTO Persona (email,apellido_paterno,apellido_materno,nombres,telefono,id_direccion) VALUES ('at.velit@iaculisnec.ca','Zimmerman','Lamb','Blair','5681819678',145);
INSERT INTO Persona (email,apellido_paterno,apellido_materno,nombres,telefono,id_direccion) VALUES ('sagittis.Nullam@maurisMorbi.co.uk','Rich','Mcconnell','Cora','3565772617',146);
INSERT INTO Persona (email,apellido_paterno,apellido_materno,nombres,telefono,id_direccion) VALUES ('quam.vel.sapien@vellectusCum.edu','Mcpherson','Armstrong','Juliet','2685162295',147);
INSERT INTO Persona (email,apellido_paterno,apellido_materno,nombres,telefono,id_direccion) VALUES ('sed.sapien.Nunc@bibendumullamcorperDuis.net','Harmon','Cunningham','Eleanor','8048971374',148);
INSERT INTO Persona (email,apellido_paterno,apellido_materno,nombres,telefono,id_direccion) VALUES ('Aenean.gravida.nunc@tempor.edu','Hebert','Crawford','Dacey','9961935621',149);
INSERT INTO Persona (email,apellido_paterno,apellido_materno,nombres,telefono,id_direccion) VALUES ('libero@malesuadafringillaest.com','Chapman','Porter','Linda','7075549570',150);
INSERT INTO Persona (email,apellido_paterno,apellido_materno,nombres,telefono,id_direccion) VALUES ('augue.porttitor@sed.com','Britt','Tyler','Evangeline','3324470134',151);
INSERT INTO Persona (email,apellido_paterno,apellido_materno,nombres,telefono,id_direccion) VALUES ('vel.mauris@convallisconvallis.co.uk','Cunningham','Hobbs','Ann','4912040517',152);
INSERT INTO Persona (email,apellido_paterno,apellido_materno,nombres,telefono,id_direccion) VALUES ('neque.pellentesque@atvelitPellentesque.co.uk','Mccray','Eaton','Joshua','9197296134',153);
INSERT INTO Persona (email,apellido_paterno,apellido_materno,nombres,telefono,id_direccion) VALUES ('urna.et@acmattis.co.uk','Meadows','Harris','Shana','5612907762',154);
INSERT INTO Persona (email,apellido_paterno,apellido_materno,nombres,telefono,id_direccion) VALUES ('ipsum.nunc@risus.org','Mcknight','Fitzgerald','Craig','2101441518',155);
INSERT INTO Persona (email,apellido_paterno,apellido_materno,nombres,telefono,id_direccion) VALUES ('facilisis.vitae.orci@netuset.net','Frazier','Pittman','Idola','5703664831',156);
INSERT INTO Persona (email,apellido_paterno,apellido_materno,nombres,telefono,id_direccion) VALUES ('magna@risusMorbimetus.net','Abbott','Drake','Amir','5134767547',157);
INSERT INTO Persona (email,apellido_paterno,apellido_materno,nombres,telefono,id_direccion) VALUES ('Donec.tempor@est.co.uk','Sargent','Cain','Petra','4887445076',158);
INSERT INTO Persona (email,apellido_paterno,apellido_materno,nombres,telefono,id_direccion) VALUES ('Duis@etmagnisdis.edu','Ball','Huffman','Jayme','4656421491',159);
INSERT INTO Persona (email,apellido_paterno,apellido_materno,nombres,telefono,id_direccion) VALUES ('ante.lectus@loremluctusut.net','Small','Owens','Aurelia','6007075510',160);
INSERT INTO Persona (email,apellido_paterno,apellido_materno,nombres,telefono,id_direccion) VALUES ('et.euismod@Proinvel.com','Carney','Blackburn','Rajah','9699440859',161);
INSERT INTO Persona (email,apellido_paterno,apellido_materno,nombres,telefono,id_direccion) VALUES ('ornare.lectus@nequenon.edu','Phillips','Dillon','Brian','3799952953',162);
INSERT INTO Persona (email,apellido_paterno,apellido_materno,nombres,telefono,id_direccion) VALUES ('odio.sagittis.semper@Maurisnondui.com','Key','Gutierrez','Sopoline','8412151964',163);
INSERT INTO Persona (email,apellido_paterno,apellido_materno,nombres,telefono,id_direccion) VALUES ('Integer@accumsan.org','Hopper','Pittman','Rooney','1607664743',164);
INSERT INTO Persona (email,apellido_paterno,apellido_materno,nombres,telefono,id_direccion) VALUES ('In.at@temporloremeget.edu','Palmer','Rodriquez','Sydnee','2064139197',165);
INSERT INTO Persona (email,apellido_paterno,apellido_materno,nombres,telefono,id_direccion) VALUES ('pede.blandit.congue@massaSuspendisseeleifend.net','Flynn','Bolton','Plato','7442460218',166);
INSERT INTO Persona (email,apellido_paterno,apellido_materno,nombres,telefono,id_direccion) VALUES ('et@feugiattellus.co.uk','Elliott','Young','Winter','5717473896',167);
INSERT INTO Persona (email,apellido_paterno,apellido_materno,nombres,telefono,id_direccion) VALUES ('orci@vitaeodio.edu','Christian','Shannon','Hu','7331221389',168);
INSERT INTO Persona (email,apellido_paterno,apellido_materno,nombres,telefono,id_direccion) VALUES ('aliquam@nasceturridiculusmus.com','Lowery','West','Xena','8916114319',169);
INSERT INTO Persona (email,apellido_paterno,apellido_materno,nombres,telefono,id_direccion) VALUES ('netus@erosProinultrices.ca','Manning','Anderson','Sheila','9564648581',170);
INSERT INTO Persona (email,apellido_paterno,apellido_materno,nombres,telefono,id_direccion) VALUES ('Mauris.ut@mauris.edu','Holland','Ryan','Lacey','9604634973',171);
INSERT INTO Persona (email,apellido_paterno,apellido_materno,nombres,telefono,id_direccion) VALUES ('tempor@Maecenas.org','Flynn','Bowen','Plato','8335853768',172);
INSERT INTO Persona (email,apellido_paterno,apellido_materno,nombres,telefono,id_direccion) VALUES ('a@ullamcorpereueuismod.co.uk','York','Campos','Shad','3384479979',173);
INSERT INTO Persona (email,apellido_paterno,apellido_materno,nombres,telefono,id_direccion) VALUES ('mattis@Vivamusnibhdolor.com','Dickson','Benson','Hayes','4319129317',174);
INSERT INTO Persona (email,apellido_paterno,apellido_materno,nombres,telefono,id_direccion) VALUES ('mauris.aliquam@gravidasit.org','Barlow','Calderon','Kevin','4861581496',175);
INSERT INTO Persona (email,apellido_paterno,apellido_materno,nombres,telefono,id_direccion) VALUES ('nunc@miloremvehicula.ca','Gordon','Figueroa','Jason','2003929476',176);
INSERT INTO Persona (email,apellido_paterno,apellido_materno,nombres,telefono,id_direccion) VALUES ('eros.turpis.non@sit.net','Watkins','Everett','Josephine','2434701742',177);
INSERT INTO Persona (email,apellido_paterno,apellido_materno,nombres,telefono,id_direccion) VALUES ('risus.Quisque.libero@magnatellusfaucibus.net','Martinez','Saunders','Brooke','5095980756',178);
INSERT INTO Persona (email,apellido_paterno,apellido_materno,nombres,telefono,id_direccion) VALUES ('vitae.risus@auctor.edu','Wilkins','Hines','Dexter','7858711549',179);
INSERT INTO Persona (email,apellido_paterno,apellido_materno,nombres,telefono,id_direccion) VALUES ('commodo.at@tortor.co.uk','Hyde','Mack','Tamara','6628845905',180);
INSERT INTO Persona (email,apellido_paterno,apellido_materno,nombres,telefono,id_direccion) VALUES ('neque.In@ullamcorpernislarcu.net','Conley','Puckett','Brendan','9655629707',181);
INSERT INTO Persona (email,apellido_paterno,apellido_materno,nombres,telefono,id_direccion) VALUES ('Proin.vel.nisl@posuere.net','Cobb','Hall','Rhiannon','4789022462',182);
INSERT INTO Persona (email,apellido_paterno,apellido_materno,nombres,telefono,id_direccion) VALUES ('a.ultricies@semmolestiesodales.com','Browning','Wood','Chase','3498721124',183);
INSERT INTO Persona (email,apellido_paterno,apellido_materno,nombres,telefono,id_direccion) VALUES ('montes.nascetur.ridiculus@tellusPhasellus.net','Mullen','Church','Macy','6203569878',184);
INSERT INTO Persona (email,apellido_paterno,apellido_materno,nombres,telefono,id_direccion) VALUES ('Fusce@Duissitamet.edu','Rivers','Berger','Natalie','3763038305',185);
INSERT INTO Persona (email,apellido_paterno,apellido_materno,nombres,telefono,id_direccion) VALUES ('dui.semper@Craseutellus.co.uk','Vargas','Hines','Jelani','2004210627',186);
INSERT INTO Persona (email,apellido_paterno,apellido_materno,nombres,telefono,id_direccion) VALUES ('et@nibh.net','Henderson','Blackwell','Octavia','4322552346',187);
INSERT INTO Persona (email,apellido_paterno,apellido_materno,nombres,telefono,id_direccion) VALUES ('arcu@CuraePhasellus.net','Rodriguez','Norton','Stone','7888870105',188);
INSERT INTO Persona (email,apellido_paterno,apellido_materno,nombres,telefono,id_direccion) VALUES ('ornare.lectus@venenatislacus.org','Glover','Mckee','Maggy','1577078694',189);
INSERT INTO Persona (email,apellido_paterno,apellido_materno,nombres,telefono,id_direccion) VALUES ('facilisis.lorem.tristique@magnaSuspendisse.com','Brady','Hardin','Kylan','1719304084',190);
INSERT INTO Persona (email,apellido_paterno,apellido_materno,nombres,telefono,id_direccion) VALUES ('velit.in.aliquet@velitdui.net','Franklin','Waters','Brock','7462037568',191);
INSERT INTO Persona (email,apellido_paterno,apellido_materno,nombres,telefono,id_direccion) VALUES ('ante.Nunc@velitQuisque.net','Mayo','Collier','Dorothy','5568233730',192);
INSERT INTO Persona (email,apellido_paterno,apellido_materno,nombres,telefono,id_direccion) VALUES ('Donec.nibh.enim@placeratorci.net','Lloyd','Hammond','Ishmael','4731806235',193);
INSERT INTO Persona (email,apellido_paterno,apellido_materno,nombres,telefono,id_direccion) VALUES ('nunc.sed@sempererat.com','Tillman','Black','Mohammad','1432542571',194);
INSERT INTO Persona (email,apellido_paterno,apellido_materno,nombres,telefono,id_direccion) VALUES ('Fusce.fermentum.fermentum@massanonante.edu','Hensley','Gregory','Drew','8692559161',195);
INSERT INTO Persona (email,apellido_paterno,apellido_materno,nombres,telefono,id_direccion) VALUES ('quis.diam@nondapibus.org','Allison','Richardson','Knox','8333825520',196);
INSERT INTO Persona (email,apellido_paterno,apellido_materno,nombres,telefono,id_direccion) VALUES ('molestie.Sed.id@Pellentesque.co.uk','Knight','Sanchez','Ella','6538646621',197);
INSERT INTO Persona (email,apellido_paterno,apellido_materno,nombres,telefono,id_direccion) VALUES ('Praesent.eu@justoeu.net','Herrera','Banks','Garrison','5251770154',198);
INSERT INTO Persona (email,apellido_paterno,apellido_materno,nombres,telefono,id_direccion) VALUES ('lacus.vestibulum.lorem@egestaslaciniaSed.co.uk','Crawford','Tillman','Ali','8806548588',199);
INSERT INTO Persona (email,apellido_paterno,apellido_materno,nombres,telefono,id_direccion) VALUES ('ligula.consectetuer@consectetuermauris.ca','Bradley','Keith','Eaton','8723717369',200);
INSERT INTO Persona (email,apellido_paterno,apellido_materno,nombres,telefono,id_direccion) VALUES ('enim@mieleifendegestas.edu','Dillard','Roy','Bianca','6665636839',201);
INSERT INTO Persona (email,apellido_paterno,apellido_materno,nombres,telefono,id_direccion) VALUES ('placerat.augue.Sed@Uttincidunt.edu','Pate','Haynes','Basil','2675831397',202);
INSERT INTO Persona (email,apellido_paterno,apellido_materno,nombres,telefono,id_direccion) VALUES ('dolor@ametrisus.org','Mcleod','Arnold','Abraham','9361582389',203);
INSERT INTO Persona (email,apellido_paterno,apellido_materno,nombres,telefono,id_direccion) VALUES ('sit.amet@placerat.co.uk','Blanchard','Dale','Vincent','4836330503',204);
INSERT INTO Persona (email,apellido_paterno,apellido_materno,nombres,telefono,id_direccion) VALUES ('Nulla.aliquet.Proin@Integer.edu','Good','Bishop','Caleb','8359867778',205);
INSERT INTO Persona (email,apellido_paterno,apellido_materno,nombres,telefono,id_direccion) VALUES ('mattis.Cras@enim.edu','Conner','Lyons','Grant','2434034260',206);
INSERT INTO Persona (email,apellido_paterno,apellido_materno,nombres,telefono,id_direccion) VALUES ('sapien.cursus@Pellentesque.org','Jarvis','Hayes','Evangeline','8431158618',207);
INSERT INTO Persona (email,apellido_paterno,apellido_materno,nombres,telefono,id_direccion) VALUES ('Aliquam@duinecurna.co.uk','Velez','Schwartz','Brandon','5068312866',208);
INSERT INTO Persona (email,apellido_paterno,apellido_materno,nombres,telefono,id_direccion) VALUES ('Nulla@nasceturridiculus.org','Mcclure','Alston','Ishmael','7999815044',209);
INSERT INTO Persona (email,apellido_paterno,apellido_materno,nombres,telefono,id_direccion) VALUES ('sapien@aliquet.edu','Tate','Dudley','Murphy','9564387558',210);
INSERT INTO Persona (email,apellido_paterno,apellido_materno,nombres,telefono,id_direccion) VALUES ('tortor.dictum.eu@sit.ca','Herring','Cook','Leroy','3693594582',211);
INSERT INTO Persona (email,apellido_paterno,apellido_materno,nombres,telefono,id_direccion) VALUES ('lacinia.vitae@laoreetlectus.com','Williamson','Fields','Edan','7279821821',212);
INSERT INTO Persona (email,apellido_paterno,apellido_materno,nombres,telefono,id_direccion) VALUES ('nisi.nibh.lacinia@Donec.co.uk','Massey','Oneal','Wade','7057475215',213);
INSERT INTO Persona (email,apellido_paterno,apellido_materno,nombres,telefono,id_direccion) VALUES ('ullamcorper.eu.euismod@tellusnonmagna.ca','Spears','Joseph','Gray','9344312287',214);
INSERT INTO Persona (email,apellido_paterno,apellido_materno,nombres,telefono,id_direccion) VALUES ('accumsan.laoreet.ipsum@nibh.edu','Mills','Donaldson','Cassady','5678447988',215);
INSERT INTO Persona (email,apellido_paterno,apellido_materno,nombres,telefono,id_direccion) VALUES ('habitant.morbi@ipsumacmi.net','Sheppard','Walker','Ahmed','6311284429',216);
INSERT INTO Persona (email,apellido_paterno,apellido_materno,nombres,telefono,id_direccion) VALUES ('consectetuer.adipiscing.elit@sitametmassa.com','Sharp','Duncan','Juliet','1735880446',217);
INSERT INTO Persona (email,apellido_paterno,apellido_materno,nombres,telefono,id_direccion) VALUES ('sollicitudin.a@utquamvel.co.uk','Hopkins','Cantu','Robin','2666709437',218);
INSERT INTO Persona (email,apellido_paterno,apellido_materno,nombres,telefono,id_direccion) VALUES ('Cum.sociis.natoque@atortorNunc.net','Cook','Orr','Kelly','5813065919',219);
INSERT INTO Persona (email,apellido_paterno,apellido_materno,nombres,telefono,id_direccion) VALUES ('mus.Proin@molestie.com','Johnson','Raymond','Nicholas','3675810742',220);
INSERT INTO Persona (email,apellido_paterno,apellido_materno,nombres,telefono,id_direccion) VALUES ('nunc@Quisque.edu','Villarreal','Chase','Maris','6003360596',221);
INSERT INTO Persona (email,apellido_paterno,apellido_materno,nombres,telefono,id_direccion) VALUES ('ac.ipsum@enimmi.org','Simon','Carpenter','Xandra','6288319346',222);
INSERT INTO Persona (email,apellido_paterno,apellido_materno,nombres,telefono,id_direccion) VALUES ('vulputate.ullamcorper.magna@tincidunt.co.uk','Daniels','Dean','Josiah','9212894860',223);
INSERT INTO Persona (email,apellido_paterno,apellido_materno,nombres,telefono,id_direccion) VALUES ('Nam@torquent.ca','Jimenez','Wilkinson','Steel','2626072054',224);
INSERT INTO Persona (email,apellido_paterno,apellido_materno,nombres,telefono,id_direccion) VALUES ('amet.ornare.lectus@placerat.net','Petty','Roman','Kellie','4865537677',225);
INSERT INTO Persona (email,apellido_paterno,apellido_materno,nombres,telefono,id_direccion) VALUES ('ornare@Maurisblanditenim.com','Maldonado','Frost','Stacey','3676089855',226);
INSERT INTO Persona (email,apellido_paterno,apellido_materno,nombres,telefono,id_direccion) VALUES ('vel@nonsollicitudin.ca','Shaffer','Bridges','Cooper','4664830516',227);
INSERT INTO Persona (email,apellido_paterno,apellido_materno,nombres,telefono,id_direccion) VALUES ('a.malesuada@Donec.ca','Heath','Fitzgerald','Adara','3496444705',228);
INSERT INTO Persona (email,apellido_paterno,apellido_materno,nombres,telefono,id_direccion) VALUES ('Phasellus.elit.pede@Fusce.org','William','Hancock','Duncan','2028237862',229);
INSERT INTO Persona (email,apellido_paterno,apellido_materno,nombres,telefono,id_direccion) VALUES ('vel@ultrices.com','Giles','Carpenter','Hashim','2705790893',230);
INSERT INTO Persona (email,apellido_paterno,apellido_materno,nombres,telefono,id_direccion) VALUES ('orci@urnajustofaucibus.com','Osborn','Paul','Keith','8169210557',231);
INSERT INTO Persona (email,apellido_paterno,apellido_materno,nombres,telefono,id_direccion) VALUES ('velit.egestas@orcisemeget.ca','Emerson','Montgomery','Russell','5499443162',232);
INSERT INTO Persona (email,apellido_paterno,apellido_materno,nombres,telefono,id_direccion) VALUES ('at.iaculis@sociisnatoque.net','Mills','Lamb','Shelby','8368116432',233);
INSERT INTO Persona (email,apellido_paterno,apellido_materno,nombres,telefono,id_direccion) VALUES ('Sed.nec@necmauris.edu','Potts','Zamora','Lee','3496794816',234);
INSERT INTO Persona (email,apellido_paterno,apellido_materno,nombres,telefono,id_direccion) VALUES ('consequat@erat.org','Pate','Witt','Ima','9913039858',235);
INSERT INTO Persona (email,apellido_paterno,apellido_materno,nombres,telefono,id_direccion) VALUES ('turpis.nec.mauris@eleifendnunc.ca','Shields','Calderon','Elvis','7856836564',236);
INSERT INTO Persona (email,apellido_paterno,apellido_materno,nombres,telefono,id_direccion) VALUES ('et.netus@erosnon.com','Middleton','Gilliam','Maxwell','1792318547',237);
INSERT INTO Persona (email,apellido_paterno,apellido_materno,nombres,telefono,id_direccion) VALUES ('faucibus@etlibero.ca','Burris','Suarez','Caleb','8697503645',238);
INSERT INTO Persona (email,apellido_paterno,apellido_materno,nombres,telefono,id_direccion) VALUES ('eu.enim.Etiam@dolorQuisquetincidunt.edu','Hurst','Avila','Ahmed','2378337949',239);
INSERT INTO Persona (email,apellido_paterno,apellido_materno,nombres,telefono,id_direccion) VALUES ('amet.luctus.vulputate@enim.com','Calhoun','English','Fatima','9587775678',240);
INSERT INTO Persona (email,apellido_paterno,apellido_materno,nombres,telefono,id_direccion) VALUES ('velit@liberoduinec.org','Coleman','Donaldson','August','8093124683',241);
INSERT INTO Persona (email,apellido_paterno,apellido_materno,nombres,telefono,id_direccion) VALUES ('parturient@nisiCumsociis.com','Parks','Parks','Lucas','6324696969',242);
INSERT INTO Persona (email,apellido_paterno,apellido_materno,nombres,telefono,id_direccion) VALUES ('non.nisi.Aenean@inmagnaPhasellus.co.uk','Figueroa','Logan','Chaney','1365382083',243);
INSERT INTO Persona (email,apellido_paterno,apellido_materno,nombres,telefono,id_direccion) VALUES ('Curabitur@ligulaAenean.co.uk','Noel','Bell','Zeph','7175508599',244);
INSERT INTO Persona (email,apellido_paterno,apellido_materno,nombres,telefono,id_direccion) VALUES ('magna.et@quama.net','Harrell','Horn','Kenyon','4766333990',245);
INSERT INTO Persona (email,apellido_paterno,apellido_materno,nombres,telefono,id_direccion) VALUES ('mus.Aenean@Lorem.edu','Boyer','Good','Jakeem','9382619747',246);
INSERT INTO Persona (email,apellido_paterno,apellido_materno,nombres,telefono,id_direccion) VALUES ('libero.dui@in.org','Delaney','Cline','Jeanette','1755592816',247);
INSERT INTO Persona (email,apellido_paterno,apellido_materno,nombres,telefono,id_direccion) VALUES ('et.magnis.dis@sempercursusInteger.org','Glover','Mason','Yuli','3903738253',248);
INSERT INTO Persona (email,apellido_paterno,apellido_materno,nombres,telefono,id_direccion) VALUES ('pede@maurisut.com','Cross','Lee','Willow','6844283533',249);
INSERT INTO Persona (email,apellido_paterno,apellido_materno,nombres,telefono,id_direccion) VALUES ('non.arcu.Vivamus@vehiculaet.ca','Black','Wolfe','Kyla','2213171952',250);
INSERT INTO Persona (email,apellido_paterno,apellido_materno,nombres,telefono,id_direccion) VALUES ('cubilia.Curae.Phasellus@maurissagittis.co.uk','Bryant','Rasmussen','Garth','5157939908',251);
INSERT INTO Persona (email,apellido_paterno,apellido_materno,nombres,telefono,id_direccion) VALUES ('sit@nectempus.net','Rowe','Luna','Hector','9669569020',252);
INSERT INTO Persona (email,apellido_paterno,apellido_materno,nombres,telefono,id_direccion) VALUES ('aliquam.adipiscing.lacus@elit.org','Bryan','Blackwell','Amir','3045651650',253);
INSERT INTO Persona (email,apellido_paterno,apellido_materno,nombres,telefono,id_direccion) VALUES ('at.pretium@liberoInteger.org','Watson','Lloyd','Thane','6161615270',254);
INSERT INTO Persona (email,apellido_paterno,apellido_materno,nombres,telefono,id_direccion) VALUES ('gravida@milorem.co.uk','Dunn','Bowers','Quincy','4594760827',255);
INSERT INTO Persona (email,apellido_paterno,apellido_materno,nombres,telefono,id_direccion) VALUES ('litora@vel.co.uk','Mayer','Vaughn','Lara','5012462151',256);
INSERT INTO Persona (email,apellido_paterno,apellido_materno,nombres,telefono,id_direccion) VALUES ('mattis@sitamet.co.uk','Vazquez','Elliott','Dorian','8002829756',257);
INSERT INTO Persona (email,apellido_paterno,apellido_materno,nombres,telefono,id_direccion) VALUES ('iaculis.enim@arcuMorbi.com','Sexton','Clay','Nyssa','8803134770',258);
INSERT INTO Persona (email,apellido_paterno,apellido_materno,nombres,telefono,id_direccion) VALUES ('laoreet.ipsum@utmolestie.ca','Head','Lara','Glenna','6936442590',259);
INSERT INTO Persona (email,apellido_paterno,apellido_materno,nombres,telefono,id_direccion) VALUES ('odio.vel.est@laoreet.co.uk','Goodwin','England','Jenna','3976644830',260);
INSERT INTO Persona (email,apellido_paterno,apellido_materno,nombres,telefono,id_direccion) VALUES ('sed@liberoatauctor.com','Molina','Sullivan','Brynn','6097648026',261);
INSERT INTO Persona (email,apellido_paterno,apellido_materno,nombres,telefono,id_direccion) VALUES ('imperdiet.non@sit.co.uk','Calderon','Price','Quynn','6654708491',262);
INSERT INTO Persona (email,apellido_paterno,apellido_materno,nombres,telefono,id_direccion) VALUES ('dui.Cras.pellentesque@sapien.edu','Hinton','Koch','Harding','9441283973',263);
INSERT INTO Persona (email,apellido_paterno,apellido_materno,nombres,telefono,id_direccion) VALUES ('adipiscing.elit.Etiam@augueSedmolestie.edu','Atkins','Blackburn','Slade','6357221005',264);
INSERT INTO Persona (email,apellido_paterno,apellido_materno,nombres,telefono,id_direccion) VALUES ('aliquet@nulla.net','Martin','Greer','Georgia','2476729666',265);
INSERT INTO Persona (email,apellido_paterno,apellido_materno,nombres,telefono,id_direccion) VALUES ('enim.commodo@Suspendisse.ca','Navarro','Roman','Barrett','7563637303',266);
INSERT INTO Persona (email,apellido_paterno,apellido_materno,nombres,telefono,id_direccion) VALUES ('dui.nec@rutrumFusce.co.uk','Grant','Gill','September','8087808877',267);
INSERT INTO Persona (email,apellido_paterno,apellido_materno,nombres,telefono,id_direccion) VALUES ('tempor.bibendum@sit.co.uk','George','Pate','Irma','5014994275',268);
INSERT INTO Persona (email,apellido_paterno,apellido_materno,nombres,telefono,id_direccion) VALUES ('et@cursusnonegestas.org','Skinner','Castro','Harper','2429865979',269);
INSERT INTO Persona (email,apellido_paterno,apellido_materno,nombres,telefono,id_direccion) VALUES ('odio@magnaa.net','Puckett','Guy','Lester','5984171120',270);
INSERT INTO Persona (email,apellido_paterno,apellido_materno,nombres,telefono,id_direccion) VALUES ('nonummy.ut@cursus.com','Ray','Bentley','Nevada','8437801396',271);
INSERT INTO Persona (email,apellido_paterno,apellido_materno,nombres,telefono,id_direccion) VALUES ('Sed@etmagnis.co.uk','Giles','Whitaker','Orlando','4128396319',272);
INSERT INTO Persona (email,apellido_paterno,apellido_materno,nombres,telefono,id_direccion) VALUES ('eu@massaMauris.co.uk','Waters','Fuentes','Xerxes','3356631861',273);
INSERT INTO Persona (email,apellido_paterno,apellido_materno,nombres,telefono,id_direccion) VALUES ('dolor.Donec.fringilla@suscipitnonummyFusce.com','Dorsey','Lane','Yen','2399164023',274);
INSERT INTO Persona (email,apellido_paterno,apellido_materno,nombres,telefono,id_direccion) VALUES ('iaculis.odio.Nam@ametconsectetuer.net','Woodard','Hewitt','Beverly','2609987077',275);
INSERT INTO Persona (email,apellido_paterno,apellido_materno,nombres,telefono,id_direccion) VALUES ('pretium@ullamcorpernislarcu.net','William','Short','Xavier','9923952314',276);
INSERT INTO Persona (email,apellido_paterno,apellido_materno,nombres,telefono,id_direccion) VALUES ('egestas@egestas.ca','Sims','Little','Jessamine','4775566924',277);
INSERT INTO Persona (email,apellido_paterno,apellido_materno,nombres,telefono,id_direccion) VALUES ('turpis.In.condimentum@ultricessitamet.com','Meyers','Powers','Francis','5091243203',278);
INSERT INTO Persona (email,apellido_paterno,apellido_materno,nombres,telefono,id_direccion) VALUES ('Nullam.scelerisque@lobortisClassaptent.edu','Acevedo','Howard','Kiayada','3468553108',279);
INSERT INTO Persona (email,apellido_paterno,apellido_materno,nombres,telefono,id_direccion) VALUES ('aliquet.sem@nulla.co.uk','Powell','Oneil','Signe','4453113038',280);
INSERT INTO Persona (email,apellido_paterno,apellido_materno,nombres,telefono,id_direccion) VALUES ('malesuada.fames@loremeumetus.co.uk','Nolan','Robertson','Kameko','6656930870',281);
INSERT INTO Persona (email,apellido_paterno,apellido_materno,nombres,telefono,id_direccion) VALUES ('tristique.pellentesque.tellus@Donec.org','Mccoy','Mcintosh','Kyra','8425704621',282);
INSERT INTO Persona (email,apellido_paterno,apellido_materno,nombres,telefono,id_direccion) VALUES ('molestie.dapibus@lobortis.edu','Davidson','Leon','Gregory','5117859407',283);
INSERT INTO Persona (email,apellido_paterno,apellido_materno,nombres,telefono,id_direccion) VALUES ('Aenean@mifringillami.ca','Carr','Kemp','Macaulay','5191539196',284);
INSERT INTO Persona (email,apellido_paterno,apellido_materno,nombres,telefono,id_direccion) VALUES ('molestie.tellus@lobortis.edu','Lynch','Thomas','Quentin','7603518644',285);
INSERT INTO Persona (email,apellido_paterno,apellido_materno,nombres,telefono,id_direccion) VALUES ('ut@semper.co.uk','Martin','Flynn','April','7663631190',286);
INSERT INTO Persona (email,apellido_paterno,apellido_materno,nombres,telefono,id_direccion) VALUES ('eu.tempor.erat@lectus.net','Burns','Marshall','Jarrod','4966007583',287);
INSERT INTO Persona (email,apellido_paterno,apellido_materno,nombres,telefono,id_direccion) VALUES ('egestas.blandit@euismodestarcu.org','Nunez','Waller','Addison','6412487649',288);
INSERT INTO Persona (email,apellido_paterno,apellido_materno,nombres,telefono,id_direccion) VALUES ('Nullam.feugiat@DonecfringillaDonec.net','Gray','Heath','Karyn','3163046866',289);
INSERT INTO Persona (email,apellido_paterno,apellido_materno,nombres,telefono,id_direccion) VALUES ('magna.Cras.convallis@tellus.org','Branch','Mercer','Evelyn','2987812140',290);
INSERT INTO Persona (email,apellido_paterno,apellido_materno,nombres,telefono,id_direccion) VALUES ('facilisis.magna@risusInmi.org','Compton','Short','Fatima','3217161857',291);
INSERT INTO Persona (email,apellido_paterno,apellido_materno,nombres,telefono,id_direccion) VALUES ('in.tempus@Donec.co.uk','Kelly','Kim','Alana','8672569397',292);
INSERT INTO Persona (email,apellido_paterno,apellido_materno,nombres,telefono,id_direccion) VALUES ('at.pretium.aliquet@Nullamvelit.co.uk','Gomez','Meyer','Yuli','7049942551',293);
INSERT INTO Persona (email,apellido_paterno,apellido_materno,nombres,telefono,id_direccion) VALUES ('dis.parturient.montes@bibendumullamcorper.org','Powell','Dyer','Kaye','5363536514',294);
INSERT INTO Persona (email,apellido_paterno,apellido_materno,nombres,telefono,id_direccion) VALUES ('nulla@nunc.co.uk','Lowery','Gonzales','Jamal','9984704023',295);
INSERT INTO Persona (email,apellido_paterno,apellido_materno,nombres,telefono,id_direccion) VALUES ('Donec.egestas@ornare.org','Reed','Frank','Shelley','1941542293',296);
INSERT INTO Persona (email,apellido_paterno,apellido_materno,nombres,telefono,id_direccion) VALUES ('sit.amet@Donecfelis.com','Eaton','Floyd','Melinda','8293231663',297);
INSERT INTO Persona (email,apellido_paterno,apellido_materno,nombres,telefono,id_direccion) VALUES ('Suspendisse@vitae.ca','Martinez','Stephens','Samson','7933899668',298);
INSERT INTO Persona (email,apellido_paterno,apellido_materno,nombres,telefono,id_direccion) VALUES ('Nullam@veliteusem.co.uk','Sosa','Deleon','Tasha','6859549449',299);
INSERT INTO Persona (email,apellido_paterno,apellido_materno,nombres,telefono,id_direccion) VALUES ('sem.eget@Aliquameratvolutpat.ca','Macias','Benton','Yoshio','1902436530',300);
INSERT INTO Persona (email,apellido_paterno,apellido_materno,nombres,telefono,id_direccion) VALUES ('Cras.pellentesque.Sed@malesuadafringilla.com','Daniel','Terry','Ori','4216468385',451);
INSERT INTO Persona (email,apellido_paterno,apellido_materno,nombres,telefono,id_direccion) VALUES ('penatibus.et.magnis@Pellentesque.net','Reynolds','Mooney','Tate','3406596724',452);
INSERT INTO Persona (email,apellido_paterno,apellido_materno,nombres,telefono,id_direccion) VALUES ('fermentum@Maurisblandit.org','Slater','Watkins','Lawrence','7204241191',453);
INSERT INTO Persona (email,apellido_paterno,apellido_materno,nombres,telefono,id_direccion) VALUES ('bibendum.Donec@turpis.ca','Burt','Delacruz','Veda','7152874848',454);
INSERT INTO Persona (email,apellido_paterno,apellido_materno,nombres,telefono,id_direccion) VALUES ('ante@urna.edu','Roach','Mcdowell','Plato','6504729557',455);
INSERT INTO Persona (email,apellido_paterno,apellido_materno,nombres,telefono,id_direccion) VALUES ('nec@tristiquepellentesquetellus.edu','Watts','Pitts','Lois','7579132557',456);
INSERT INTO Persona (email,apellido_paterno,apellido_materno,nombres,telefono,id_direccion) VALUES ('feugiat@velitSedmalesuada.net','Mercado','Preston','Gail','2795934962',457);
INSERT INTO Persona (email,apellido_paterno,apellido_materno,nombres,telefono,id_direccion) VALUES ('Integer@feugiat.net','Carter','Juarez','Veronica','8602052385',458);
INSERT INTO Persona (email,apellido_paterno,apellido_materno,nombres,telefono,id_direccion) VALUES ('orci.Donec.nibh@cursuseteros.co.uk','Pollard','Morin','Lucas','1356870498',459);
INSERT INTO Persona (email,apellido_paterno,apellido_materno,nombres,telefono,id_direccion) VALUES ('nec.metus.facilisis@eget.edu','Noel','Herrera','Susan','2665970105',460);
INSERT INTO Persona (email,apellido_paterno,apellido_materno,nombres,telefono,id_direccion) VALUES ('nascetur.ridiculus.mus@gravidaAliquam.com','Kramer','Torres','Whoopi','8246353388',461);
INSERT INTO Persona (email,apellido_paterno,apellido_materno,nombres,telefono,id_direccion) VALUES ('sem.Pellentesque.ut@sed.org','Hogan','Todd','Serena','1686086555',462);
INSERT INTO Persona (email,apellido_paterno,apellido_materno,nombres,telefono,id_direccion) VALUES ('auctor.velit@fringilla.ca','Orr','Villarreal','Sawyer','4745427979',463);
INSERT INTO Persona (email,apellido_paterno,apellido_materno,nombres,telefono,id_direccion) VALUES ('dis.parturient@CuraeDonectincidunt.edu','Bowen','Hinton','Russell','8029881130',464);
INSERT INTO Persona (email,apellido_paterno,apellido_materno,nombres,telefono,id_direccion) VALUES ('nascetur.ridiculus@ad.edu','Hewitt','Gill','Nayda','8175964836',465);
INSERT INTO Persona (email,apellido_paterno,apellido_materno,nombres,telefono,id_direccion) VALUES ('libero.Proin.mi@enimnon.net','Sanchez','Ayala','Brenda','9587805826',466);
INSERT INTO Persona (email,apellido_paterno,apellido_materno,nombres,telefono,id_direccion) VALUES ('eu@ut.net','Lambert','Gregory','Burke','3793892939',467);
INSERT INTO Persona (email,apellido_paterno,apellido_materno,nombres,telefono,id_direccion) VALUES ('sit@ipsumCurabitur.edu','Hays','Peters','Kendall','9002618550',468);
INSERT INTO Persona (email,apellido_paterno,apellido_materno,nombres,telefono,id_direccion) VALUES ('metus.Vivamus@magnis.com','Wallace','Weaver','Tanisha','5479780729',469);
INSERT INTO Persona (email,apellido_paterno,apellido_materno,nombres,telefono,id_direccion) VALUES ('arcu.vel@quamelementum.net','Hickman','Marsh','Larissa','3142358763',470);
INSERT INTO Persona (email,apellido_paterno,apellido_materno,nombres,telefono,id_direccion) VALUES ('cubilia.Curae.Phasellus@duilectusrutrum.edu','Huff','Parks','Zephania','9097632082',471);
INSERT INTO Persona (email,apellido_paterno,apellido_materno,nombres,telefono,id_direccion) VALUES ('In@egetmetusIn.edu','Pollard','Saunders','Noel','8847487568',472);
INSERT INTO Persona (email,apellido_paterno,apellido_materno,nombres,telefono,id_direccion) VALUES ('et@eu.edu','Sparks','Camacho','Nasim','8733894055',473);
INSERT INTO Persona (email,apellido_paterno,apellido_materno,nombres,telefono,id_direccion) VALUES ('Quisque@Maecenasornare.co.uk','Walker','Vargas','Dacey','4383544682',474);
INSERT INTO Persona (email,apellido_paterno,apellido_materno,nombres,telefono,id_direccion) VALUES ('Nulla.facilisis.Suspendisse@auctorodioa.net','Serrano','Dixon','Ciara','1409059383',475);
INSERT INTO Persona (email,apellido_paterno,apellido_materno,nombres,telefono,id_direccion) VALUES ('lobortis.risus@vulputateduinec.org','Whitehead','Pittman','Lester','6568558732',476);
INSERT INTO Persona (email,apellido_paterno,apellido_materno,nombres,telefono,id_direccion) VALUES ('neque.et.nunc@lectus.org','Nash','Johnston','Kevin','5445199693',477);
INSERT INTO Persona (email,apellido_paterno,apellido_materno,nombres,telefono,id_direccion) VALUES ('Curabitur.egestas.nunc@egestasrhoncusProin.com','Deleon','Park','Chancellor','9105330909',478);
INSERT INTO Persona (email,apellido_paterno,apellido_materno,nombres,telefono,id_direccion) VALUES ('lacus.Etiam.bibendum@ligula.com','Navarro','Tucker','Driscoll','6899024810',479);
INSERT INTO Persona (email,apellido_paterno,apellido_materno,nombres,telefono,id_direccion) VALUES ('eleifend@sit.net','Myers','Gillespie','Emerald','1401222250',480);
INSERT INTO Persona (email,apellido_paterno,apellido_materno,nombres,telefono,id_direccion) VALUES ('vulputate.ullamcorper@Suspendissedui.org','Conner','Glover','Zenaida','9037263610',481);
INSERT INTO Persona (email,apellido_paterno,apellido_materno,nombres,telefono,id_direccion) VALUES ('mattis.semper@vitae.org','Luna','Fuentes','Nicholas','1087356357',482);
INSERT INTO Persona (email,apellido_paterno,apellido_materno,nombres,telefono,id_direccion) VALUES ('egestas@ultricesposuere.com','Valentine','Roman','Barry','4899127847',483);
INSERT INTO Persona (email,apellido_paterno,apellido_materno,nombres,telefono,id_direccion) VALUES ('taciti.sociosqu@sociis.edu','Santiago','Farmer','Leilani','8335612069',484);
INSERT INTO Persona (email,apellido_paterno,apellido_materno,nombres,telefono,id_direccion) VALUES ('mollis.Phasellus@auctorvelit.ca','Graves','Haley','Cameran','7238039275',485);
INSERT INTO Persona (email,apellido_paterno,apellido_materno,nombres,telefono,id_direccion) VALUES ('velit.eget.laoreet@euaugueporttitor.com','Reeves','Herman','Ruby','3631470129',486);
INSERT INTO Persona (email,apellido_paterno,apellido_materno,nombres,telefono,id_direccion) VALUES ('eu.neque@acturpis.ca','Valenzuela','Herman','Bertha','4806653198',487);
INSERT INTO Persona (email,apellido_paterno,apellido_materno,nombres,telefono,id_direccion) VALUES ('egestas@dignissim.edu','Glenn','Mooney','Zelda','3686826725',488);
INSERT INTO Persona (email,apellido_paterno,apellido_materno,nombres,telefono,id_direccion) VALUES ('egestas@tristiquesenectus.org','Brooks','Waller','Talon','3659020335',489);
INSERT INTO Persona (email,apellido_paterno,apellido_materno,nombres,telefono,id_direccion) VALUES ('mauris@auctor.co.uk','Roman','Dorsey','Justina','2488484360',490);
INSERT INTO Persona (email,apellido_paterno,apellido_materno,nombres,telefono,id_direccion) VALUES ('in.faucibus@nasceturridiculus.co.uk','Burnett','Savage','Vera','5574777450',491);
INSERT INTO Persona (email,apellido_paterno,apellido_materno,nombres,telefono,id_direccion) VALUES ('consequat.purus@et.edu','Everett','Page','Aquila','2214657260',492);
INSERT INTO Persona (email,apellido_paterno,apellido_materno,nombres,telefono,id_direccion) VALUES ('diam.Pellentesque@Donec.edu','Robbins','Valentine','Brock','6272766833',493);
INSERT INTO Persona (email,apellido_paterno,apellido_materno,nombres,telefono,id_direccion) VALUES ('consequat.auctor.nunc@scelerisque.net','Barker','Gentry','Mariko','8088213174',494);
INSERT INTO Persona (email,apellido_paterno,apellido_materno,nombres,telefono,id_direccion) VALUES ('leo.in@amalesuadaid.ca','Eaton','Gomez','Burton','1875640565',495);
INSERT INTO Persona (email,apellido_paterno,apellido_materno,nombres,telefono,id_direccion) VALUES ('Cras@ante.ca','Glass','Owen','Piper','1949665016',496);
INSERT INTO Persona (email,apellido_paterno,apellido_materno,nombres,telefono,id_direccion) VALUES ('sociis.natoque@nonmassa.edu','Lindsay','Vargas','Boris','3706410005',497);
INSERT INTO Persona (email,apellido_paterno,apellido_materno,nombres,telefono,id_direccion) VALUES ('ultricies@ultrices.net','Romero','Cantu','Molly','7445037970',498);
INSERT INTO Persona (email,apellido_paterno,apellido_materno,nombres,telefono,id_direccion) VALUES ('eget@acrisus.edu','Wells','Miller','Chancellor','4316208314',499);
INSERT INTO Persona (email,apellido_paterno,apellido_materno,nombres,telefono,id_direccion) VALUES ('bibendum.Donec@ut.com','White','Allison','Rose','3552248009',500);

INSERT INTO Empleado (RFC,email,curp,num_seg_social,fecha_nacimiento,tipo_sangre,tipo_empleado) VALUES ('JIKN688858SKF','enim@mieleifendegestas.edu','HWCX745711VSCUOO19','38330854924','28/10/1979','O-','Taquero');
INSERT INTO Empleado (RFC,email,curp,num_seg_social,fecha_nacimiento,tipo_sangre,tipo_empleado) VALUES ('REXX216653YZE','placerat.augue.Sed@Uttincidunt.edu','GYJJ393404VJJYBY26','25881873210','22/02/1986','A+','Taquero');
INSERT INTO Empleado (RFC,email,curp,num_seg_social,fecha_nacimiento,tipo_sangre,tipo_empleado) VALUES ('BNBU168161DDD','dolor@ametrisus.org','KQJL581446DFHPZO23','63293117909','21/06/1978','O+','Repartidor');
INSERT INTO Empleado (RFC,email,curp,num_seg_social,fecha_nacimiento,tipo_sangre,tipo_empleado) VALUES ('AIYS454938YDY','sit.amet@placerat.co.uk','WBIX735413DSGLUB66','45816844262','24/04/1959','A-','Mesero');
INSERT INTO Empleado (RFC,email,curp,num_seg_social,fecha_nacimiento,tipo_sangre,tipo_empleado) VALUES ('SQUT824875AZW','Nulla.aliquet.Proin@Integer.edu','BYUC971350ACVJFT73','75395222246','14/09/2005','AB+','Tortillero');
INSERT INTO Empleado (RFC,email,curp,num_seg_social,fecha_nacimiento,tipo_sangre,tipo_empleado) VALUES ('GEAG110589SXE','mattis.Cras@enim.edu','HDVW333585QZTEPQ85','37889658264','01/02/2010','O-','Parrillero');
INSERT INTO Empleado (RFC,email,curp,num_seg_social,fecha_nacimiento,tipo_sangre,tipo_empleado) VALUES ('PKBE929253GWC','sapien.cursus@Pellentesque.org','ZVBO824618ODRJYZ17','13191615825','19/03/1978','AB-','Repartidor');
INSERT INTO Empleado (RFC,email,curp,num_seg_social,fecha_nacimiento,tipo_sangre,tipo_empleado) VALUES ('HZMI535543SDW','Aliquam@duinecurna.co.uk','JDAF523442WGSPXW06','32746904288','06/03/1968','O+','Taquero');
INSERT INTO Empleado (RFC,email,curp,num_seg_social,fecha_nacimiento,tipo_sangre,tipo_empleado) VALUES ('FCTC655267ZMN','Nulla@nasceturridiculus.org','AIUD355941FCFNFU08','29424911465','10/12/2010','A-','Repartidor');
INSERT INTO Empleado (RFC,email,curp,num_seg_social,fecha_nacimiento,tipo_sangre,tipo_empleado) VALUES ('ZMJK334326EVQ','sapien@aliquet.edu','USHB502277BIKPPF30','55300681875','17/12/1979','AB-','Tortillero');
INSERT INTO Empleado (RFC,email,curp,num_seg_social,fecha_nacimiento,tipo_sangre,tipo_empleado) VALUES ('MKGU358495ULY','tortor.dictum.eu@sit.ca','FXKW023666AWAZRH37','69152249726','12/07/1995','O-','Mesero');
INSERT INTO Empleado (RFC,email,curp,num_seg_social,fecha_nacimiento,tipo_sangre,tipo_empleado) VALUES ('EIXE767366XIT','lacinia.vitae@laoreetlectus.com','RVUU700798COOZSM07','72429840443','14/03/1978','AB+','Mesero');
INSERT INTO Empleado (RFC,email,curp,num_seg_social,fecha_nacimiento,tipo_sangre,tipo_empleado) VALUES ('DYTE167676SFH','nisi.nibh.lacinia@Donec.co.uk','YZQX509024OJVMYR16','22993917514','08/10/2002','O+','Mesero');
INSERT INTO Empleado (RFC,email,curp,num_seg_social,fecha_nacimiento,tipo_sangre,tipo_empleado) VALUES ('IOPI227162UVD','ullamcorper.eu.euismod@tellusnonmagna.ca','LRRB567154WNSBNN88','59326201857','03/11/1960','A+','Mesero');
INSERT INTO Empleado (RFC,email,curp,num_seg_social,fecha_nacimiento,tipo_sangre,tipo_empleado) VALUES ('YRDZ966473MOA','accumsan.laoreet.ipsum@nibh.edu','SEMT900289BAPSHV46','44699474555','16/04/2002','O-','Mesero');
INSERT INTO Empleado (RFC,email,curp,num_seg_social,fecha_nacimiento,tipo_sangre,tipo_empleado) VALUES ('VRWA637374NRX','habitant.morbi@ipsumacmi.net','EVBT350855YWHBEQ33','54793755516','29/06/1993','B-','Repartidor');
INSERT INTO Empleado (RFC,email,curp,num_seg_social,fecha_nacimiento,tipo_sangre,tipo_empleado) VALUES ('MXEX587841YZN','consectetuer.adipiscing.elit@sitametmassa.com','GOCB208644MTMUQF13','42019281494','29/04/1993','O+','Parrillero');
INSERT INTO Empleado (RFC,email,curp,num_seg_social,fecha_nacimiento,tipo_sangre,tipo_empleado) VALUES ('RYHF243197YKN','sollicitudin.a@utquamvel.co.uk','DTEK292314HCRDSX75','33721254802','06/02/1989','O-','Tortillero');
INSERT INTO Empleado (RFC,email,curp,num_seg_social,fecha_nacimiento,tipo_sangre,tipo_empleado) VALUES ('KQBZ955354TCN','Cum.sociis.natoque@atortorNunc.net','MJIS907225JYPTCZ63','23054261961','24/12/2005','AB-','Parrillero');
INSERT INTO Empleado (RFC,email,curp,num_seg_social,fecha_nacimiento,tipo_sangre,tipo_empleado) VALUES ('MPAO573674HCS','mus.Proin@molestie.com','VLXF298639ZJCBVQ41','20454509159','14/08/2005','B+','Repartidor');
INSERT INTO Empleado (RFC,email,curp,num_seg_social,fecha_nacimiento,tipo_sangre,tipo_empleado) VALUES ('VZBB526587RCY','nunc@Quisque.edu','AZFD477106QIYVGX49','38722141429','11/03/2001','AB+','Taquero');
INSERT INTO Empleado (RFC,email,curp,num_seg_social,fecha_nacimiento,tipo_sangre,tipo_empleado) VALUES ('MALK173962AAZ','ac.ipsum@enimmi.org','ETYZ130196KSKBWK25','02608779490','15/05/1968','AB+','Parrillero');
INSERT INTO Empleado (RFC,email,curp,num_seg_social,fecha_nacimiento,tipo_sangre,tipo_empleado) VALUES ('QICJ613191WFN','vulputate.ullamcorper.magna@tincidunt.co.uk','AXWA436341BIKMNU61','80594714658','29/10/1989','O-','Cajero');
INSERT INTO Empleado (RFC,email,curp,num_seg_social,fecha_nacimiento,tipo_sangre,tipo_empleado) VALUES ('OXBR137683AGH','Nam@torquent.ca','KPTS694096XARDPX96','02767566907','22/11/2004','B-','Parrillero');
INSERT INTO Empleado (RFC,email,curp,num_seg_social,fecha_nacimiento,tipo_sangre,tipo_empleado) VALUES ('SASD185179KEN','amet.ornare.lectus@placerat.net','URUX346130FNLSEY84','58483623016','03/05/1964','O-','Mesero');
INSERT INTO Empleado (RFC,email,curp,num_seg_social,fecha_nacimiento,tipo_sangre,tipo_empleado) VALUES ('QMWT461242LRL','ornare@Maurisblanditenim.com','CNBD257345VEKKOH43','19764633176','29/08/1978','B-','Mesero');
INSERT INTO Empleado (RFC,email,curp,num_seg_social,fecha_nacimiento,tipo_sangre,tipo_empleado) VALUES ('WSHV169461AKN','vel@nonsollicitudin.ca','DVPG563242CXEMKB54','18615441546','15/10/1957','AB+','Tortillero');
INSERT INTO Empleado (RFC,email,curp,num_seg_social,fecha_nacimiento,tipo_sangre,tipo_empleado) VALUES ('RFWF055438AAG','a.malesuada@Donec.ca','ATQC512572NVGIBW65','38642026218','11/07/1965','B-','Repartidor');
INSERT INTO Empleado (RFC,email,curp,num_seg_social,fecha_nacimiento,tipo_sangre,tipo_empleado) VALUES ('KKOI212499XWL','Phasellus.elit.pede@Fusce.org','XNUP678338YGNFWS02','52864026600','21/07/1994','B-','Mesero');
INSERT INTO Empleado (RFC,email,curp,num_seg_social,fecha_nacimiento,tipo_sangre,tipo_empleado) VALUES ('ZGKV943611RHB','vel@ultrices.com','HCUB725628BZGLBZ86','08669069026','06/04/1988','A-','Mesero');
INSERT INTO Empleado (RFC,email,curp,num_seg_social,fecha_nacimiento,tipo_sangre,tipo_empleado) VALUES ('QETC818656HJW','orci@urnajustofaucibus.com','JJKF324198AHGEHS03','62877545408','27/05/2005','AB-','Repartidor');
INSERT INTO Empleado (RFC,email,curp,num_seg_social,fecha_nacimiento,tipo_sangre,tipo_empleado) VALUES ('DHUJ638298UQW','velit.egestas@orcisemeget.ca','THCJ099510GJAIFE57','63850208127','23/05/2011','A-','Tortillero');
INSERT INTO Empleado (RFC,email,curp,num_seg_social,fecha_nacimiento,tipo_sangre,tipo_empleado) VALUES ('DJYR283136RHC','at.iaculis@sociisnatoque.net','BSAP390084UOKLPM44','40343982183','11/06/1997','AB-','Tortillero');
INSERT INTO Empleado (RFC,email,curp,num_seg_social,fecha_nacimiento,tipo_sangre,tipo_empleado) VALUES ('VNKH570643EEA','Sed.nec@necmauris.edu','YDBN662658HCMIOC78','23662701124','04/11/1989','AB-','Parrillero');
INSERT INTO Empleado (RFC,email,curp,num_seg_social,fecha_nacimiento,tipo_sangre,tipo_empleado) VALUES ('LXYG218684ZSU','consequat@erat.org','NPBG513869DSVUVW67','89137487943','10/05/1972','AB-','Repartidor');
INSERT INTO Empleado (RFC,email,curp,num_seg_social,fecha_nacimiento,tipo_sangre,tipo_empleado) VALUES ('QDQU527293KXL','turpis.nec.mauris@eleifendnunc.ca','ALWK854716THDAJS61','76238465494','26/01/2008','AB+','Mesero');
INSERT INTO Empleado (RFC,email,curp,num_seg_social,fecha_nacimiento,tipo_sangre,tipo_empleado) VALUES ('XTIL078523OTE','et.netus@erosnon.com','TJYN105374VYXLGI07','76008728449','26/07/2004','B+','Taquero');
INSERT INTO Empleado (RFC,email,curp,num_seg_social,fecha_nacimiento,tipo_sangre,tipo_empleado) VALUES ('ZHXA193287TTA','faucibus@etlibero.ca','GXXE764678HTQSKL94','72223585740','30/12/2014','AB+','Parrillero');
INSERT INTO Empleado (RFC,email,curp,num_seg_social,fecha_nacimiento,tipo_sangre,tipo_empleado) VALUES ('QRJM249879QTX','eu.enim.Etiam@dolorQuisquetincidunt.edu','FPAP975093STZVRS97','88073095782','12/07/1967','B-','Tortillero');
INSERT INTO Empleado (RFC,email,curp,num_seg_social,fecha_nacimiento,tipo_sangre,tipo_empleado) VALUES ('DMZX766974BYC','amet.luctus.vulputate@enim.com','GVCC217334XPIHBE18','78221053954','31/12/1970','B-','Taquero');
INSERT INTO Empleado (RFC,email,curp,num_seg_social,fecha_nacimiento,tipo_sangre,tipo_empleado) VALUES ('LHEU625114SZC','velit@liberoduinec.org','RXIR144683WJTVWM13','14550540100','11/07/1980','AB-','Parrillero');
INSERT INTO Empleado (RFC,email,curp,num_seg_social,fecha_nacimiento,tipo_sangre,tipo_empleado) VALUES ('LEEN549824UDA','parturient@nisiCumsociis.com','RQZS066755LQVFIZ10','82585743709','09/11/1992','A+','Repartidor');
INSERT INTO Empleado (RFC,email,curp,num_seg_social,fecha_nacimiento,tipo_sangre,tipo_empleado) VALUES ('BQMV017895VNK','non.nisi.Aenean@inmagnaPhasellus.co.uk','YITN182998ZYEEZZ52','97558273945','29/06/1978','A-','Repartidor');
INSERT INTO Empleado (RFC,email,curp,num_seg_social,fecha_nacimiento,tipo_sangre,tipo_empleado) VALUES ('HWFC133912CSG','Curabitur@ligulaAenean.co.uk','EJHQ754876MYMJKH12','91902153182','11/05/1991','AB+','Mesero');
INSERT INTO Empleado (RFC,email,curp,num_seg_social,fecha_nacimiento,tipo_sangre,tipo_empleado) VALUES ('KVKF511251TFT','magna.et@quama.net','XIGQ824429DUPAFK17','99023481249','31/10/2006','B-','Repartidor');
INSERT INTO Empleado (RFC,email,curp,num_seg_social,fecha_nacimiento,tipo_sangre,tipo_empleado) VALUES ('YROS249396YLG','mus.Aenean@Lorem.edu','VIVA408110SMEGSZ91','15065666006','08/08/1994','O+','Cajero');
INSERT INTO Empleado (RFC,email,curp,num_seg_social,fecha_nacimiento,tipo_sangre,tipo_empleado) VALUES ('LSYC312846AHG','libero.dui@in.org','LRCV950316HPJPFM33','48762978589','20/02/2008','A-','Taquero');
INSERT INTO Empleado (RFC,email,curp,num_seg_social,fecha_nacimiento,tipo_sangre,tipo_empleado) VALUES ('GAMR658369QFQ','et.magnis.dis@sempercursusInteger.org','TQQV028272GBXYPJ33','82949637537','28/03/1973','A+','Repartidor');
INSERT INTO Empleado (RFC,email,curp,num_seg_social,fecha_nacimiento,tipo_sangre,tipo_empleado) VALUES ('DHBW980322XEE','pede@maurisut.com','PCWT961223ZJPSBG78','62296310465','02/12/1974','AB+','Tortillero');
INSERT INTO Empleado (RFC,email,curp,num_seg_social,fecha_nacimiento,tipo_sangre,tipo_empleado) VALUES ('OOJA137285VPG','non.arcu.Vivamus@vehiculaet.ca','JURI777957CKKRAY15','83406110739','12/05/1958','A+','Parrillero');
INSERT INTO Empleado (RFC,email,curp,num_seg_social,fecha_nacimiento,tipo_sangre,tipo_empleado) VALUES ('STWY822866BJY','cubilia.Curae.Phasellus@maurissagittis.co.uk','KNUF035922FPJSWS76','25390879708','27/05/1961','AB-','Taquero');
INSERT INTO Empleado (RFC,email,curp,num_seg_social,fecha_nacimiento,tipo_sangre,tipo_empleado) VALUES ('PBMY185848LVU','sit@nectempus.net','FBKC851249YKHACL85','72605715265','27/01/1975','B+','Taquero');
INSERT INTO Empleado (RFC,email,curp,num_seg_social,fecha_nacimiento,tipo_sangre,tipo_empleado) VALUES ('LJZT744648YNW','aliquam.adipiscing.lacus@elit.org','GGWF681680BWKVHR43','20398822415','28/11/1974','A+','Parrillero');
INSERT INTO Empleado (RFC,email,curp,num_seg_social,fecha_nacimiento,tipo_sangre,tipo_empleado) VALUES ('TIIL295332FKS','at.pretium@liberoInteger.org','DBGZ156884EVOWWT36','55708887238','07/02/1975','A-','Tortillero');
INSERT INTO Empleado (RFC,email,curp,num_seg_social,fecha_nacimiento,tipo_sangre,tipo_empleado) VALUES ('JTAL612751GVR','gravida@milorem.co.uk','OYYL765760JFFCKU77','30902082310','03/06/2007','A-','Repartidor');
INSERT INTO Empleado (RFC,email,curp,num_seg_social,fecha_nacimiento,tipo_sangre,tipo_empleado) VALUES ('LAOG460926XPJ','litora@vel.co.uk','RZNX124296ORHJBW06','75583935137','08/11/2010','A+','Repartidor');
INSERT INTO Empleado (RFC,email,curp,num_seg_social,fecha_nacimiento,tipo_sangre,tipo_empleado) VALUES ('UBRW398663RMY','mattis@sitamet.co.uk','IVXD087866BPMQZS97','70343802421','23/04/2011','A+','Cajero');
INSERT INTO Empleado (RFC,email,curp,num_seg_social,fecha_nacimiento,tipo_sangre,tipo_empleado) VALUES ('SSXX581811EJJ','iaculis.enim@arcuMorbi.com','QDWI927903JLNWKC25','70367254951','31/01/1967','O-','Parrillero');
INSERT INTO Empleado (RFC,email,curp,num_seg_social,fecha_nacimiento,tipo_sangre,tipo_empleado) VALUES ('ZZWW626373DTO','laoreet.ipsum@utmolestie.ca','SLHX001051YCHVVG01','30640846610','17/11/1992','B-','Cajero');
INSERT INTO Empleado (RFC,email,curp,num_seg_social,fecha_nacimiento,tipo_sangre,tipo_empleado) VALUES ('UDJH830641NEX','odio.vel.est@laoreet.co.uk','QYZV994500RSUQZU14','62829450438','29/03/1972','O-','Tortillero');
INSERT INTO Empleado (RFC,email,curp,num_seg_social,fecha_nacimiento,tipo_sangre,tipo_empleado) VALUES ('XFUE294721ZRY','sed@liberoatauctor.com','UMZC125036BFXZEA55','87039491149','24/06/1973','AB-','Parrillero');
INSERT INTO Empleado (RFC,email,curp,num_seg_social,fecha_nacimiento,tipo_sangre,tipo_empleado) VALUES ('WRNO222896GDV','imperdiet.non@sit.co.uk','EQBV276727AEESRJ04','77209626473','01/01/1967','AB+','Mesero');
INSERT INTO Empleado (RFC,email,curp,num_seg_social,fecha_nacimiento,tipo_sangre,tipo_empleado) VALUES ('QFWP268632GSM','dui.Cras.pellentesque@sapien.edu','BECE370305FGSWUF21','72186647555','27/02/1978','A+','Taquero');
INSERT INTO Empleado (RFC,email,curp,num_seg_social,fecha_nacimiento,tipo_sangre,tipo_empleado) VALUES ('WVUZ638487MLA','adipiscing.elit.Etiam@augueSedmolestie.edu','VJZM190777RCLZUU56','03355091158','06/08/2007','B-','Tortillero');
INSERT INTO Empleado (RFC,email,curp,num_seg_social,fecha_nacimiento,tipo_sangre,tipo_empleado) VALUES ('STTG363733EME','aliquet@nulla.net','OSDT405301TRWQWP34','78914162649','09/10/1991','AB-','Repartidor');
INSERT INTO Empleado (RFC,email,curp,num_seg_social,fecha_nacimiento,tipo_sangre,tipo_empleado) VALUES ('WQGD373143BOV','enim.commodo@Suspendisse.ca','GTTG472626MRJPSO84','66372809642','02/04/1971','A+','Mesero');
INSERT INTO Empleado (RFC,email,curp,num_seg_social,fecha_nacimiento,tipo_sangre,tipo_empleado) VALUES ('OVFT298534HSS','dui.nec@rutrumFusce.co.uk','WPIC899935XYPRJG64','63833772424','14/11/2000','O+','Taquero');
INSERT INTO Empleado (RFC,email,curp,num_seg_social,fecha_nacimiento,tipo_sangre,tipo_empleado) VALUES ('KMIN410747XRY','tempor.bibendum@sit.co.uk','HEGR065603VKUYDZ57','01588781288','05/05/1978','O+','Cajero');
INSERT INTO Empleado (RFC,email,curp,num_seg_social,fecha_nacimiento,tipo_sangre,tipo_empleado) VALUES ('YUIH080798MQK','et@cursusnonegestas.org','DLLQ545255WXWKCA80','41633915040','27/11/1985','AB+','Tortillero');
INSERT INTO Empleado (RFC,email,curp,num_seg_social,fecha_nacimiento,tipo_sangre,tipo_empleado) VALUES ('QRIX964348DIZ','odio@magnaa.net','XNOX137399ORSGZB48','45346553141','05/09/1994','AB-','Tortillero');
INSERT INTO Empleado (RFC,email,curp,num_seg_social,fecha_nacimiento,tipo_sangre,tipo_empleado) VALUES ('QOCU557656ORJ','nonummy.ut@cursus.com','XXTH389818FRVYET18','89358529061','24/05/1982','AB+','Parrillero');
INSERT INTO Empleado (RFC,email,curp,num_seg_social,fecha_nacimiento,tipo_sangre,tipo_empleado) VALUES ('IDFC566355EQX','Sed@etmagnis.co.uk','MCVR117290CHNMRH24','98279921644','05/12/1973','A+','Mesero');
INSERT INTO Empleado (RFC,email,curp,num_seg_social,fecha_nacimiento,tipo_sangre,tipo_empleado) VALUES ('ZBSO686174LAC','eu@massaMauris.co.uk','SKVL284347SVXUCJ51','66089764761','29/01/2016','AB+','Taquero');
INSERT INTO Empleado (RFC,email,curp,num_seg_social,fecha_nacimiento,tipo_sangre,tipo_empleado) VALUES ('GVXX989194WLU','dolor.Donec.fringilla@suscipitnonummyFusce.com','GZYE202981VSFMSY26','30504088735','11/07/1990','AB-','Repartidor');
INSERT INTO Empleado (RFC,email,curp,num_seg_social,fecha_nacimiento,tipo_sangre,tipo_empleado) VALUES ('IELV210992RNI','iaculis.odio.Nam@ametconsectetuer.net','IEWK927170NSBUYG21','72328474206','08/08/2002','AB+','Parrillero');
INSERT INTO Empleado (RFC,email,curp,num_seg_social,fecha_nacimiento,tipo_sangre,tipo_empleado) VALUES ('HYLM030647ZKJ','pretium@ullamcorpernislarcu.net','DQOB543140YMUNUI66','18059481087','01/01/2003','A+','Parrillero');
INSERT INTO Empleado (RFC,email,curp,num_seg_social,fecha_nacimiento,tipo_sangre,tipo_empleado) VALUES ('WYPT214571JZN','egestas@egestas.ca','DIJO544624UNJKOZ73','44190027715','31/10/1998','O+','Mesero');
INSERT INTO Empleado (RFC,email,curp,num_seg_social,fecha_nacimiento,tipo_sangre,tipo_empleado) VALUES ('DYUS581612EHX','turpis.In.condimentum@ultricessitamet.com','ULJW403398SGUCBI81','82648985231','15/11/2010','B+','Repartidor');
INSERT INTO Empleado (RFC,email,curp,num_seg_social,fecha_nacimiento,tipo_sangre,tipo_empleado) VALUES ('XYSP730393ARJ','Nullam.scelerisque@lobortisClassaptent.edu','RDCH340438CDEANJ98','67876644048','18/02/2002','O+','Cajero');
INSERT INTO Empleado (RFC,email,curp,num_seg_social,fecha_nacimiento,tipo_sangre,tipo_empleado) VALUES ('AHIT536978NNN','aliquet.sem@nulla.co.uk','LIJQ283524XBYRMJ09','70077007069','06/11/1964','O-','Parrillero');
INSERT INTO Empleado (RFC,email,curp,num_seg_social,fecha_nacimiento,tipo_sangre,tipo_empleado) VALUES ('QBSU245669EKC','malesuada.fames@loremeumetus.co.uk','GRCF764614RSXIXW02','22690016933','23/12/1999','B-','Taquero');
INSERT INTO Empleado (RFC,email,curp,num_seg_social,fecha_nacimiento,tipo_sangre,tipo_empleado) VALUES ('LSDS021279XFD','tristique.pellentesque.tellus@Donec.org','SYVO847077ISDPUF12','23964522877','07/07/2002','AB+','Mesero');
INSERT INTO Empleado (RFC,email,curp,num_seg_social,fecha_nacimiento,tipo_sangre,tipo_empleado) VALUES ('HLEX116181WOX','molestie.dapibus@lobortis.edu','EUWS401486FZDXJW54','49845868888','21/06/1984','A+','Parrillero');
INSERT INTO Empleado (RFC,email,curp,num_seg_social,fecha_nacimiento,tipo_sangre,tipo_empleado) VALUES ('SHVD271758APJ','Aenean@mifringillami.ca','BYSZ946883DITQZQ70','23832592581','13/09/1978','O-','Tortillero');
INSERT INTO Empleado (RFC,email,curp,num_seg_social,fecha_nacimiento,tipo_sangre,tipo_empleado) VALUES ('TWTH792413NLV','molestie.tellus@lobortis.edu','TUXQ275101YKDTOY54','07495399186','27/05/1969','B-','Taquero');
INSERT INTO Empleado (RFC,email,curp,num_seg_social,fecha_nacimiento,tipo_sangre,tipo_empleado) VALUES ('DNNR773978OLH','ut@semper.co.uk','AWVW128373YAUBHA63','58584011052','16/12/2003','A+','Cajero');
INSERT INTO Empleado (RFC,email,curp,num_seg_social,fecha_nacimiento,tipo_sangre,tipo_empleado) VALUES ('KOCL742633PPF','eu.tempor.erat@lectus.net','RQSJ019269BBNPSG53','44249231510','03/09/1975','AB+','Parrillero');
INSERT INTO Empleado (RFC,email,curp,num_seg_social,fecha_nacimiento,tipo_sangre,tipo_empleado) VALUES ('CQAM120729SDH','egestas.blandit@euismodestarcu.org','RGIA960973WJBQSW92','37658105232','31/01/2006','A+','Repartidor');
INSERT INTO Empleado (RFC,email,curp,num_seg_social,fecha_nacimiento,tipo_sangre,tipo_empleado) VALUES ('GPSP951114ZPC','Nullam.feugiat@DonecfringillaDonec.net','VUVK996938ZTAJCE39','24066347967','31/12/1977','A-','Tortillero');
INSERT INTO Empleado (RFC,email,curp,num_seg_social,fecha_nacimiento,tipo_sangre,tipo_empleado) VALUES ('GLQE760752GQG','magna.Cras.convallis@tellus.org','WYTV917230UZBRCG36','69670284783','05/08/2003','O+','Mesero');
INSERT INTO Empleado (RFC,email,curp,num_seg_social,fecha_nacimiento,tipo_sangre,tipo_empleado) VALUES ('QAGC052281NES','facilisis.magna@risusInmi.org','OLWN793455AAIKXA61','04391689868','12/07/2000','AB-','Cajero');
INSERT INTO Empleado (RFC,email,curp,num_seg_social,fecha_nacimiento,tipo_sangre,tipo_empleado) VALUES ('SSKV394649GSI','in.tempus@Donec.co.uk','RARD626608JTOSGN11','89535375862','04/03/2000','A+','Mesero');
INSERT INTO Empleado (RFC,email,curp,num_seg_social,fecha_nacimiento,tipo_sangre,tipo_empleado) VALUES ('UXEI731115TTE','at.pretium.aliquet@Nullamvelit.co.uk','RNSZ021969CVWAMQ97','70134424437','07/05/1989','A-','Repartidor');
INSERT INTO Empleado (RFC,email,curp,num_seg_social,fecha_nacimiento,tipo_sangre,tipo_empleado) VALUES ('QMSI210677HQE','dis.parturient.montes@bibendumullamcorper.org','TXVW046713DNFBYW21','04636658764','17/09/1960','O-','Cajero');
INSERT INTO Empleado (RFC,email,curp,num_seg_social,fecha_nacimiento,tipo_sangre,tipo_empleado) VALUES ('YNLB459925IBO','nulla@nunc.co.uk','SKXB630575MKSBCS65','62103983734','03/04/1964','A+','Tortillero');
INSERT INTO Empleado (RFC,email,curp,num_seg_social,fecha_nacimiento,tipo_sangre,tipo_empleado) VALUES ('KPBQ346124SCA','Donec.egestas@ornare.org','MZQN797864HXAJDI82','03476434984','19/06/1975','A+','Tortillero');
INSERT INTO Empleado (RFC,email,curp,num_seg_social,fecha_nacimiento,tipo_sangre,tipo_empleado) VALUES ('REYJ324728FIK','sit.amet@Donecfelis.com','KTEE065143SXEAFO31','90620644302','12/09/1968','B+','Tortillero');
INSERT INTO Empleado (RFC,email,curp,num_seg_social,fecha_nacimiento,tipo_sangre,tipo_empleado) VALUES ('IYEA930326GNG','Suspendisse@vitae.ca','VHVH270384KIEZRU25','08497868878','05/10/2014','O+','Mesero');
INSERT INTO Empleado (RFC,email,curp,num_seg_social,fecha_nacimiento,tipo_sangre,tipo_empleado) VALUES ('RXUZ145255YPL','Nullam@veliteusem.co.uk','DSZX195330KNHUVW15','71146401609','11/06/1999','A+','Mesero');
INSERT INTO Empleado (RFC,email,curp,num_seg_social,fecha_nacimiento,tipo_sangre,tipo_empleado) VALUES ('WWCQ630836YXY','sem.eget@Aliquameratvolutpat.ca','VPZT868082FYPGNX44','40265195029','21/02/2007','AB-','Mesero');
INSERT INTO Empleado (RFC,email,CURP,num_seg_social,fecha_nacimiento,tipo_sangre,tipo_empleado) VALUES ('GQPA468567KXA','Cras.pellentesque.Sed@malesuadafringilla.com','HFQD436275TFBDOU21','54343962840','31/12/1961','O-','Supervisor');
INSERT INTO Empleado (RFC,email,CURP,num_seg_social,fecha_nacimiento,tipo_sangre,tipo_empleado) VALUES ('WYVC286375IOA','penatibus.et.magnis@Pellentesque.net','EDKX262250DJJYDL89','16672464369','13/07/1968','A+','Supervisor');
INSERT INTO Empleado (RFC,email,CURP,num_seg_social,fecha_nacimiento,tipo_sangre,tipo_empleado) VALUES ('HQCZ098316ZRY','fermentum@Maurisblandit.org','IWVX202768FGQGSR03','72742288525','03/04/1998','O+','Supervisor');
INSERT INTO Empleado (RFC,email,CURP,num_seg_social,fecha_nacimiento,tipo_sangre,tipo_empleado) VALUES ('NQPI625836OYI','bibendum.Donec@turpis.ca','JFVJ926839MICVQJ96','38648577995','12/10/1971','A-','Supervisor');
INSERT INTO Empleado (RFC,email,CURP,num_seg_social,fecha_nacimiento,tipo_sangre,tipo_empleado) VALUES ('LJAO729462HAM','ante@urna.edu','VHHL854561LZCPTI44','75765598499','24/08/1957','O-','Supervisor');
INSERT INTO Empleado (RFC,email,CURP,num_seg_social,fecha_nacimiento,tipo_sangre,tipo_empleado) VALUES ('TENL825117PFF','nec@tristiquepellentesquetellus.edu','NYXJ205258SJNOPF70','03616314900','17/05/2005','O+','Supervisor');
INSERT INTO Empleado (RFC,email,CURP,num_seg_social,fecha_nacimiento,tipo_sangre,tipo_empleado) VALUES ('KGJG043354UNM','feugiat@velitSedmalesuada.net','YQZN308679VJMEUT44','68325845505','07/01/2010','A-','Supervisor');
INSERT INTO Empleado (RFC,email,CURP,num_seg_social,fecha_nacimiento,tipo_sangre,tipo_empleado) VALUES ('BDZN073735JQL','Integer@feugiat.net','RTNS130225RIOIEL32','85525732629','17/08/1998','O-','Supervisor');
INSERT INTO Empleado (RFC,email,CURP,num_seg_social,fecha_nacimiento,tipo_sangre,tipo_empleado) VALUES ('LVXX980134OPU','orci.Donec.nibh@cursuseteros.co.uk','PTRZ891421OERRFN78','67239059397','28/08/1964','O+','Supervisor');
INSERT INTO Empleado (RFC,email,CURP,num_seg_social,fecha_nacimiento,tipo_sangre,tipo_empleado) VALUES ('ZLKL879845RAK','nec.metus.facilisis@eget.edu','AHIW017936SWLYNS40','68360935299','16/02/1993','A+','Supervisor');
INSERT INTO Empleado (RFC,email,CURP,num_seg_social,fecha_nacimiento,tipo_sangre,tipo_empleado) VALUES ('RQZQ469794BXU','nascetur.ridiculus.mus@gravidaAliquam.com','RAWZ127871YMHOXU25','64517458473','20/11/1972','O-','Supervisor');
INSERT INTO Empleado (RFC,email,CURP,num_seg_social,fecha_nacimiento,tipo_sangre,tipo_empleado) VALUES ('YYRK691724OKK','sem.Pellentesque.ut@sed.org','CMVW588886FXSIKN37','74340974985','13/09/1979','B-','Supervisor');
INSERT INTO Empleado (RFC,email,CURP,num_seg_social,fecha_nacimiento,tipo_sangre,tipo_empleado) VALUES ('EBZP762395TVW','auctor.velit@fringilla.ca','WXUC153488QCTFWH35','68301889425','20/06/1968','O+','Supervisor');
INSERT INTO Empleado (RFC,email,CURP,num_seg_social,fecha_nacimiento,tipo_sangre,tipo_empleado) VALUES ('BXJV915442MNK','dis.parturient@CuraeDonectincidunt.edu','DWLS794129NHJILG69','07496008140','02/08/2014','O-','Supervisor');
INSERT INTO Empleado (RFC,email,CURP,num_seg_social,fecha_nacimiento,tipo_sangre,tipo_empleado) VALUES ('FRAD673142MMO','nascetur.ridiculus@ad.edu','SDFI182538NXQKVU93','58034402264','10/05/2012','B+','Supervisor');
INSERT INTO Empleado (RFC,email,CURP,num_seg_social,fecha_nacimiento,tipo_sangre,tipo_empleado) VALUES ('UGIO082995TYC','libero.Proin.mi@enimnon.net','BBOY350422EAFLJR29','43110127528','11/01/1964','O-','Supervisor');
INSERT INTO Empleado (RFC,email,CURP,num_seg_social,fecha_nacimiento,tipo_sangre,tipo_empleado) VALUES ('FGDJ966191PVQ','eu@ut.net','WGMH509749MRWFIT85','78173718811','04/05/1962','B-','Supervisor');
INSERT INTO Empleado (RFC,email,CURP,num_seg_social,fecha_nacimiento,tipo_sangre,tipo_empleado) VALUES ('XRJV133948FFQ','sit@ipsumCurabitur.edu','RHOU142676QHHYJI09','04067429200','27/07/1980','O-','Supervisor');
INSERT INTO Empleado (RFC,email,CURP,num_seg_social,fecha_nacimiento,tipo_sangre,tipo_empleado) VALUES ('BKHH927948MIX','metus.Vivamus@magnis.com','QZRR979640RQLIVY25','71350268581','09/03/2006','B-','Supervisor');
INSERT INTO Empleado (RFC,email,CURP,num_seg_social,fecha_nacimiento,tipo_sangre,tipo_empleado) VALUES ('VQSZ886169SIZ','arcu.vel@quamelementum.net','FCNA162762ADTHMF57','09356059334','07/09/1987','B-','Supervisor');
INSERT INTO Empleado (RFC,email,CURP,num_seg_social,fecha_nacimiento,tipo_sangre,tipo_empleado) VALUES ('IUBY438331BCR','cubilia.Curae.Phasellus@duilectusrutrum.edu','MDXM962045VWKBTO77','64244913572','08/08/1990','B-','Supervisor');
INSERT INTO Empleado (RFC,email,CURP,num_seg_social,fecha_nacimiento,tipo_sangre,tipo_empleado) VALUES ('YJRD743949GXU','In@egetmetusIn.edu','JPZB265201LYCTXP74','24622985213','30/01/2015','A-','Supervisor');
INSERT INTO Empleado (RFC,email,CURP,num_seg_social,fecha_nacimiento,tipo_sangre,tipo_empleado) VALUES ('IIJS283543TXO','et@eu.edu','CZJG248622YXQXHQ63','37166268587','30/01/2001','A-','Supervisor');
INSERT INTO Empleado (RFC,email,CURP,num_seg_social,fecha_nacimiento,tipo_sangre,tipo_empleado) VALUES ('PNOJ950252BTD','Quisque@Maecenasornare.co.uk','VJHM625214EGPPRS59','91763119587','07/02/1985','B+','Supervisor');
INSERT INTO Empleado (RFC,email,CURP,num_seg_social,fecha_nacimiento,tipo_sangre,tipo_empleado) VALUES ('BGOM325215NIO','Nulla.facilisis.Suspendisse@auctorodioa.net','CFHL802278GXXSPR66','66250258292','01/03/1999','B-','Supervisor');
INSERT INTO Empleado (RFC,email,CURP,num_seg_social,fecha_nacimiento,tipo_sangre,tipo_empleado) VALUES ('VJTQ536946ZDC','lobortis.risus@vulputateduinec.org','ZBQG059297DOXNWD90','23277160391','27/02/1959','B-','Supervisor');
INSERT INTO Empleado (RFC,email,CURP,num_seg_social,fecha_nacimiento,tipo_sangre,tipo_empleado) VALUES ('EOEV167771ZND','neque.et.nunc@lectus.org','MZPN540548CFHRSA96','48705262453','10/11/1976','A+','Supervisor');
INSERT INTO Empleado (RFC,email,CURP,num_seg_social,fecha_nacimiento,tipo_sangre,tipo_empleado) VALUES ('WTXW847175YGB','Curabitur.egestas.nunc@egestasrhoncusProin.com','BREE346354KBMOKX73','16515140663','16/11/1968','A-','Supervisor');
INSERT INTO Empleado (RFC,email,CURP,num_seg_social,fecha_nacimiento,tipo_sangre,tipo_empleado) VALUES ('NUZU566569ITR','lacus.Etiam.bibendum@ligula.com','EWXZ410746XLRXQY85','44307864259','27/06/1980','B-','Supervisor');
INSERT INTO Empleado (RFC,email,CURP,num_seg_social,fecha_nacimiento,tipo_sangre,tipo_empleado) VALUES ('GHGJ391673KDC','eleifend@sit.net','XIDE081857THBVLS99','40291706683','10/07/1983','O+','Supervisor');
INSERT INTO Empleado (RFC,email,CURP,num_seg_social,fecha_nacimiento,tipo_sangre,tipo_empleado) VALUES ('ZCCS578278CWP','vulputate.ullamcorper@Suspendissedui.org','BVCD609462ALRIWJ59','20702522760','28/09/2015','A-','Supervisor');
INSERT INTO Empleado (RFC,email,CURP,num_seg_social,fecha_nacimiento,tipo_sangre,tipo_empleado) VALUES ('CXIZ973513VEU','mattis.semper@vitae.org','CAXD399264ASBWNW15','52809818401','09/01/1963','A+','Supervisor');
INSERT INTO Empleado (RFC,email,CURP,num_seg_social,fecha_nacimiento,tipo_sangre,tipo_empleado) VALUES ('ZMYK193164IPM','egestas@ultricesposuere.com','ZJUV237536YEOKTH53','14930157106','03/02/1994','A+','Supervisor');
INSERT INTO Empleado (RFC,email,CURP,num_seg_social,fecha_nacimiento,tipo_sangre,tipo_empleado) VALUES ('MMMR973929WVG','taciti.sociosqu@sociis.edu','DGUQ830008OEOXEM21','78652912138','06/03/2012','B+','Supervisor');
INSERT INTO Empleado (RFC,email,CURP,num_seg_social,fecha_nacimiento,tipo_sangre,tipo_empleado) VALUES ('GVCD420633DRH','mollis.Phasellus@auctorvelit.ca','REII186621LHFHJU23','26746761386','10/01/1980','A+','Supervisor');
INSERT INTO Empleado (RFC,email,CURP,num_seg_social,fecha_nacimiento,tipo_sangre,tipo_empleado) VALUES ('NTEJ329366ZYB','velit.eget.laoreet@euaugueporttitor.com','XUQO443781ZBDQJN57','77868658795','15/02/1960','A-','Supervisor');
INSERT INTO Empleado (RFC,email,CURP,num_seg_social,fecha_nacimiento,tipo_sangre,tipo_empleado) VALUES ('PSQT614797WHG','eu.neque@acturpis.ca','OMAL319670TSRUPN41','38362310370','27/07/1957','A-','Supervisor');
INSERT INTO Empleado (RFC,email,CURP,num_seg_social,fecha_nacimiento,tipo_sangre,tipo_empleado) VALUES ('JJGE967225BTL','egestas@dignissim.edu','LVWA708749YEBPYS98','96812843651','13/02/2006','A+','Supervisor');
INSERT INTO Empleado (RFC,email,CURP,num_seg_social,fecha_nacimiento,tipo_sangre,tipo_empleado) VALUES ('YLBD020396XBF','egestas@tristiquesenectus.org','QWOA926882KEGYER21','20018036665','22/09/2006','A+','Supervisor');
INSERT INTO Empleado (RFC,email,CURP,num_seg_social,fecha_nacimiento,tipo_sangre,tipo_empleado) VALUES ('WVUA769661MQH','mauris@auctor.co.uk','DFRP805779YOBTMH72','66546502999','12/06/1977','O-','Supervisor');
INSERT INTO Empleado (RFC,email,CURP,num_seg_social,fecha_nacimiento,tipo_sangre,tipo_empleado) VALUES ('NLNA219989FDL','in.faucibus@nasceturridiculus.co.uk','UQWU754397MSDTKQ44','24568602689','29/07/2016','B-','Supervisor');
INSERT INTO Empleado (RFC,email,CURP,num_seg_social,fecha_nacimiento,tipo_sangre,tipo_empleado) VALUES ('HUSN667242HMY','consequat.purus@et.edu','PXYR154328BBXDAH64','27752416137','12/07/1962','O-','Supervisor');
INSERT INTO Empleado (RFC,email,CURP,num_seg_social,fecha_nacimiento,tipo_sangre,tipo_empleado) VALUES ('YVDX072371YMO','diam.Pellentesque@Donec.edu','BXMF606198ZEFYPB49','27814214425','24/07/1966','A+','Supervisor');
INSERT INTO Empleado (RFC,email,CURP,num_seg_social,fecha_nacimiento,tipo_sangre,tipo_empleado) VALUES ('OIFE569266SGQ','consequat.auctor.nunc@scelerisque.net','COIF061309EPAJXS64','34515436893','24/10/2014','B-','Supervisor');
INSERT INTO Empleado (RFC,email,CURP,num_seg_social,fecha_nacimiento,tipo_sangre,tipo_empleado) VALUES ('PVCR651915JHT','leo.in@amalesuadaid.ca','JFEL880280FSBVMM39','89615295883','14/04/1971','A+','Supervisor');
INSERT INTO Empleado (RFC,email,CURP,num_seg_social,fecha_nacimiento,tipo_sangre,tipo_empleado) VALUES ('JMOB122725CAH','Cras@ante.ca','ZBNG726924TPXRCL22','26432228545','14/10/2013','O+','Supervisor');
INSERT INTO Empleado (RFC,email,CURP,num_seg_social,fecha_nacimiento,tipo_sangre,tipo_empleado) VALUES ('SFUM429991ENR','sociis.natoque@nonmassa.edu','UQKN469664NEZSEJ91','00673589038','01/08/2015','O+','Supervisor');
INSERT INTO Empleado (RFC,email,CURP,num_seg_social,fecha_nacimiento,tipo_sangre,tipo_empleado) VALUES ('OKNH862859JWZ','ultricies@ultrices.net','PRTD261838AXXZKD61','81970494732','07/12/1957','A+','Supervisor');
INSERT INTO Empleado (RFC,email,CURP,num_seg_social,fecha_nacimiento,tipo_sangre,tipo_empleado) VALUES ('ERJG356742DJU','eget@acrisus.edu','TZJP398082XTZUTK75','90736650659','06/06/1994','A+','Supervisor');
INSERT INTO Empleado (RFC,email,CURP,num_seg_social,fecha_nacimiento,tipo_sangre,tipo_empleado) VALUES ('ULBI260467VEK','bibendum.Donec@ut.com','SMLG776488LMWJES55','46079620520','19/04/2002','O+','Supervisor');

INSERT INTO Cliente (email,num_cuenta,contrasenia,puntos_acumulados) VALUES ('tellus.eu.augue@vitaealiquet.com',5220,'cursus in, hendrerit consectetuer, cursus et, magna. Praesent interdum ligula',233);
INSERT INTO Cliente (email,num_cuenta,contrasenia,puntos_acumulados) VALUES ('Proin.sed.turpis@cursusnonegestas.org',5240,'et, magna.',410);
INSERT INTO Cliente (email,num_cuenta,contrasenia,puntos_acumulados) VALUES ('euismod@a.org',5260,'ac mattis velit justo nec ante. Maecenas mi felis, adipiscing',236);
INSERT INTO Cliente (email,num_cuenta,contrasenia,puntos_acumulados) VALUES ('orci.sem@Duis.com',5280,'vel quam dignissim pharetra. Nam ac nulla.',581);
INSERT INTO Cliente (email,num_cuenta,contrasenia,puntos_acumulados) VALUES ('malesuada.vel@consequatlectussit.edu',5300,'arcu ac orci. Ut semper pretium neque. Morbi',459);
INSERT INTO Cliente (email,num_cuenta,contrasenia,puntos_acumulados) VALUES ('adipiscing@imperdietornareIn.org',5320,'nibh vulputate mauris sagittis placerat. Cras',12);
INSERT INTO Cliente (email,num_cuenta,contrasenia,puntos_acumulados) VALUES ('dolor@dolor.co.uk',5340,'a, dui.',646);
INSERT INTO Cliente (email,num_cuenta,contrasenia,puntos_acumulados) VALUES ('magna.et@musAeneaneget.org',5360,'ante bibendum ullamcorper. Duis cursus, diam',325);
INSERT INTO Cliente (email,num_cuenta,contrasenia,puntos_acumulados) VALUES ('ut@eleifendCras.net',5380,'cursus',472);
INSERT INTO Cliente (email,num_cuenta,contrasenia,puntos_acumulados) VALUES ('hendrerit@magnisdisparturient.edu',5400,'neque tellus, imperdiet non, vestibulum nec, euismod in,',442);
INSERT INTO Cliente (email,num_cuenta,contrasenia,puntos_acumulados) VALUES ('nibh@sapienNunc.com',5420,'sagittis lobortis mauris. Suspendisse aliquet molestie',128);
INSERT INTO Cliente (email,num_cuenta,contrasenia,puntos_acumulados) VALUES ('ut.eros.non@nonantebibendum.com',5440,'ante, iaculis nec, eleifend non, dapibus rutrum, justo. Praesent',813);
INSERT INTO Cliente (email,num_cuenta,contrasenia,puntos_acumulados) VALUES ('accumsan.laoreet@pede.edu',5460,'lorem ipsum sodales purus, in molestie tortor nibh sit',176);
INSERT INTO Cliente (email,num_cuenta,contrasenia,puntos_acumulados) VALUES ('Suspendisse.non.leo@blandit.org',5480,'non enim commodo',627);
INSERT INTO Cliente (email,num_cuenta,contrasenia,puntos_acumulados) VALUES ('Donec@quistristiqueac.co.uk',5500,'elit. Aliquam auctor, velit eget laoreet posuere,',172);
INSERT INTO Cliente (email,num_cuenta,contrasenia,puntos_acumulados) VALUES ('mauris.Suspendisse@Suspendissecommodo.net',5520,'convallis est, vitae sodales nisi',727);
INSERT INTO Cliente (email,num_cuenta,contrasenia,puntos_acumulados) VALUES ('quis.pede@molestiesodalesMauris.com',5540,'ultrices a, auctor non, feugiat',14);
INSERT INTO Cliente (email,num_cuenta,contrasenia,puntos_acumulados) VALUES ('parturient.montes.nascetur@dolordolortempus.org',5560,'eu, eleifend nec, malesuada ut,',646);
INSERT INTO Cliente (email,num_cuenta,contrasenia,puntos_acumulados) VALUES ('sociis@Quisquenonummy.com',5580,'senectus et netus et malesuada fames ac turpis',951);
INSERT INTO Cliente (email,num_cuenta,contrasenia,puntos_acumulados) VALUES ('enim.mi@nonsapien.ca',5600,'eget ipsum. Suspendisse sagittis.',278);
INSERT INTO Cliente (email,num_cuenta,contrasenia,puntos_acumulados) VALUES ('eget.tincidunt@diam.edu',5620,'iaculis, lacus',729);
INSERT INTO Cliente (email,num_cuenta,contrasenia,puntos_acumulados) VALUES ('arcu@arcuvelquam.ca',5640,'gravida. Praesent eu nulla',599);
INSERT INTO Cliente (email,num_cuenta,contrasenia,puntos_acumulados) VALUES ('Nunc.quis.arcu@at.org',5660,'turpis. Nulla aliquet. Proin velit. Sed malesuada augue',463);
INSERT INTO Cliente (email,num_cuenta,contrasenia,puntos_acumulados) VALUES ('convallis@Sed.org',5680,'Morbi non sapien molestie orci tincidunt adipiscing. Mauris molestie pharetra',566);
INSERT INTO Cliente (email,num_cuenta,contrasenia,puntos_acumulados) VALUES ('gravida@ornare.com',5700,'eu dolor',397);
INSERT INTO Cliente (email,num_cuenta,contrasenia,puntos_acumulados) VALUES ('ultricies@tincidunt.com',5720,'euismod mauris eu elit. Nulla facilisi. Sed neque. Sed',72);
INSERT INTO Cliente (email,num_cuenta,contrasenia,puntos_acumulados) VALUES ('Aliquam.ultrices.iaculis@idantedictum.edu',5740,'eget lacus. Mauris non dui nec urna suscipit nonummy.',694);
INSERT INTO Cliente (email,num_cuenta,contrasenia,puntos_acumulados) VALUES ('orci@sagittislobortismauris.ca',5760,'eu dolor egestas rhoncus. Proin nisl',703);
INSERT INTO Cliente (email,num_cuenta,contrasenia,puntos_acumulados) VALUES ('Mauris.quis@euodiotristique.co.uk',5780,'vulputate, posuere vulputate,',227);
INSERT INTO Cliente (email,num_cuenta,contrasenia,puntos_acumulados) VALUES ('Proin@Quisqueporttitor.edu',5800,'Quisque purus sapien, gravida non, sollicitudin',359);
INSERT INTO Cliente (email,num_cuenta,contrasenia,puntos_acumulados) VALUES ('in@quistristiqueac.ca',5820,'arcu. Vivamus sit amet risus. Donec egestas. Aliquam nec',405);
INSERT INTO Cliente (email,num_cuenta,contrasenia,puntos_acumulados) VALUES ('ultricies@odiosempercursus.ca',5840,'placerat, orci lacus vestibulum lorem, sit amet ultricies',82);
INSERT INTO Cliente (email,num_cuenta,contrasenia,puntos_acumulados) VALUES ('inceptos.hymenaeos@tellusPhaselluselit.org',5860,'leo. Morbi neque tellus, imperdiet non, vestibulum',317);
INSERT INTO Cliente (email,num_cuenta,contrasenia,puntos_acumulados) VALUES ('mattis.velit@imperdiet.net',5880,'rutrum magna. Cras convallis convallis dolor. Quisque tincidunt pede ac',180);
INSERT INTO Cliente (email,num_cuenta,contrasenia,puntos_acumulados) VALUES ('risus.Duis.a@sociis.net',5900,'rhoncus. Proin nisl',969);
INSERT INTO Cliente (email,num_cuenta,contrasenia,puntos_acumulados) VALUES ('non.lobortis@dictumauguemalesuada.ca',5920,'dictum cursus. Nunc mauris elit, dictum eu, eleifend nec,',861);
INSERT INTO Cliente (email,num_cuenta,contrasenia,puntos_acumulados) VALUES ('sed@Maurisvestibulum.com',5940,'pellentesque,',890);
INSERT INTO Cliente (email,num_cuenta,contrasenia,puntos_acumulados) VALUES ('erat.in.consectetuer@nibhenimgravida.co.uk',5960,'Aliquam rutrum lorem ac risus. Morbi metus. Vivamus euismod urna.',469);
INSERT INTO Cliente (email,num_cuenta,contrasenia,puntos_acumulados) VALUES ('Mauris.ut.quam@Aliquamvulputateullamcorper.ca',5980,'diam vel arcu. Curabitur ut odio',673);
INSERT INTO Cliente (email,num_cuenta,contrasenia,puntos_acumulados) VALUES ('tellus@acarcu.org',6000,'orci tincidunt adipiscing. Mauris molestie pharetra nibh.',373);
INSERT INTO Cliente (email,num_cuenta,contrasenia,puntos_acumulados) VALUES ('risus.Donec@nonnisi.co.uk',6020,'enim. Nunc ut erat. Sed nunc est, mollis non,',557);
INSERT INTO Cliente (email,num_cuenta,contrasenia,puntos_acumulados) VALUES ('natoque@egetmetuseu.co.uk',6040,'Suspendisse tristique neque',979);
INSERT INTO Cliente (email,num_cuenta,contrasenia,puntos_acumulados) VALUES ('In.scelerisque@acfermentum.net',6060,'scelerisque neque. Nullam nisl. Maecenas',378);
INSERT INTO Cliente (email,num_cuenta,contrasenia,puntos_acumulados) VALUES ('lectus.pede@pedeblanditcongue.co.uk',6080,'ipsum ac mi eleifend',739);
INSERT INTO Cliente (email,num_cuenta,contrasenia,puntos_acumulados) VALUES ('aliquet.lobortis@egetipsumSuspendisse.com',6100,'et arcu imperdiet ullamcorper.',780);
INSERT INTO Cliente (email,num_cuenta,contrasenia,puntos_acumulados) VALUES ('accumsan.laoreet@elit.co.uk',6120,'eu enim. Etiam imperdiet dictum magna.',606);
INSERT INTO Cliente (email,num_cuenta,contrasenia,puntos_acumulados) VALUES ('ac.nulla.In@nonummy.net',6140,'enim nec',567);
INSERT INTO Cliente (email,num_cuenta,contrasenia,puntos_acumulados) VALUES ('Nunc.lectus.pede@dapibusrutrumjusto.edu',6160,'a mi fringilla mi',391);
INSERT INTO Cliente (email,num_cuenta,contrasenia,puntos_acumulados) VALUES ('laoreet.posuere.enim@congueIn.org',6180,'malesuada. Integer id magna et ipsum cursus',434);
INSERT INTO Cliente (email,num_cuenta,contrasenia,puntos_acumulados) VALUES ('dictum@nuncsed.org',6200,'tempor bibendum. Donec felis',492);
INSERT INTO Cliente (email,num_cuenta,contrasenia,puntos_acumulados) VALUES ('pharetra@eu.ca',6220,'Aenean',365);
INSERT INTO Cliente (email,num_cuenta,contrasenia,puntos_acumulados) VALUES ('primis.in@necligula.ca',6240,'Cum sociis natoque',318);
INSERT INTO Cliente (email,num_cuenta,contrasenia,puntos_acumulados) VALUES ('Duis@eu.co.uk',6260,'velit. Cras lorem lorem, luctus ut, pellentesque eget, dictum',138);
INSERT INTO Cliente (email,num_cuenta,contrasenia,puntos_acumulados) VALUES ('nunc.sit.amet@eleifendvitaeerat.edu',6280,'in, dolor. Fusce feugiat. Lorem',922);
INSERT INTO Cliente (email,num_cuenta,contrasenia,puntos_acumulados) VALUES ('egestas@nostraper.edu',6300,'vel pede',746);
INSERT INTO Cliente (email,num_cuenta,contrasenia,puntos_acumulados) VALUES ('turpis@elitelitfermentum.ca',6320,'Fusce mollis. Duis sit',471);
INSERT INTO Cliente (email,num_cuenta,contrasenia,puntos_acumulados) VALUES ('vulputate.ullamcorper@felis.co.uk',6340,'Quisque nonummy ipsum non arcu. Vivamus sit amet',555);
INSERT INTO Cliente (email,num_cuenta,contrasenia,puntos_acumulados) VALUES ('turpis@risusatfringilla.org',6360,'Mauris nulla. Integer urna. Vivamus',306);
INSERT INTO Cliente (email,num_cuenta,contrasenia,puntos_acumulados) VALUES ('mattis.semper.dui@cubiliaCuraeDonec.co.uk',6380,'Morbi accumsan laoreet ipsum. Curabitur consequat, lectus sit amet',742);
INSERT INTO Cliente (email,num_cuenta,contrasenia,puntos_acumulados) VALUES ('leo@primisin.net',6400,'auctor quis, tristique ac, eleifend vitae, erat. Vivamus nisi.',34);
INSERT INTO Cliente (email,num_cuenta,contrasenia,puntos_acumulados) VALUES ('gravida.Aliquam@liberomaurisaliquam.ca',6420,'eu dui. Cum sociis natoque penatibus et',259);
INSERT INTO Cliente (email,num_cuenta,contrasenia,puntos_acumulados) VALUES ('pede.nonummy.ut@Mauris.org',6440,'feugiat metus sit amet ante. Vivamus',1);
INSERT INTO Cliente (email,num_cuenta,contrasenia,puntos_acumulados) VALUES ('libero.Morbi@acsem.com',6460,'fermentum vel, mauris. Integer sem elit,',346);
INSERT INTO Cliente (email,num_cuenta,contrasenia,puntos_acumulados) VALUES ('velit.Quisque.varius@pharetraNamac.ca',6480,'porttitor vulputate, posuere vulputate, lacus. Cras interdum. Nunc sollicitudin',578);
INSERT INTO Cliente (email,num_cuenta,contrasenia,puntos_acumulados) VALUES ('consectetuer@ultriciesdignissimlacus.com',6500,'magnis dis parturient montes, nascetur',639);
INSERT INTO Cliente (email,num_cuenta,contrasenia,puntos_acumulados) VALUES ('fames@Aeneaneget.ca',6520,'facilisis',445);
INSERT INTO Cliente (email,num_cuenta,contrasenia,puntos_acumulados) VALUES ('faucibus@Donecsollicitudinadipiscing.ca',6540,'nulla vulputate dui, nec tempus mauris erat eget ipsum. Suspendisse',867);
INSERT INTO Cliente (email,num_cuenta,contrasenia,puntos_acumulados) VALUES ('sit.amet.risus@dignissimmagnaa.org',6560,'Nunc mauris sapien, cursus in, hendrerit consectetuer,',8);
INSERT INTO Cliente (email,num_cuenta,contrasenia,puntos_acumulados) VALUES ('lorem@ametconsectetueradipiscing.co.uk',6580,'pharetra sed,',93);
INSERT INTO Cliente (email,num_cuenta,contrasenia,puntos_acumulados) VALUES ('turpis.In.condimentum@urna.com',6600,'et arcu imperdiet ullamcorper. Duis at',408);
INSERT INTO Cliente (email,num_cuenta,contrasenia,puntos_acumulados) VALUES ('ac@nonummyacfeugiat.ca',6620,'placerat, orci lacus vestibulum lorem, sit',969);
INSERT INTO Cliente (email,num_cuenta,contrasenia,puntos_acumulados) VALUES ('Nunc.ullamcorper@estvitae.ca',6640,'sociis natoque penatibus et magnis dis parturient montes,',578);
INSERT INTO Cliente (email,num_cuenta,contrasenia,puntos_acumulados) VALUES ('mus@Nam.ca',6660,'Curabitur vel lectus. Cum sociis natoque penatibus et',602);
INSERT INTO Cliente (email,num_cuenta,contrasenia,puntos_acumulados) VALUES ('lorem.lorem@afeugiat.ca',6680,'dui. Cum sociis natoque penatibus et',82);
INSERT INTO Cliente (email,num_cuenta,contrasenia,puntos_acumulados) VALUES ('molestie@Nunc.edu',6700,'mollis',502);
INSERT INTO Cliente (email,num_cuenta,contrasenia,puntos_acumulados) VALUES ('Fusce@ante.edu',6720,'justo.',279);
INSERT INTO Cliente (email,num_cuenta,contrasenia,puntos_acumulados) VALUES ('velit@eu.ca',6740,'nisi dictum',347);
INSERT INTO Cliente (email,num_cuenta,contrasenia,puntos_acumulados) VALUES ('dui@atpedeCras.net',6760,'dolor elit, pellentesque a, facilisis',493);
INSERT INTO Cliente (email,num_cuenta,contrasenia,puntos_acumulados) VALUES ('volutpat.ornare@diamnuncullamcorper.org',6780,'eu, accumsan sed, facilisis vitae, orci. Phasellus dapibus quam',422);
INSERT INTO Cliente (email,num_cuenta,contrasenia,puntos_acumulados) VALUES ('tristique.pharetra@volutpat.co.uk',6800,'feugiat placerat velit. Quisque varius. Nam',108);
INSERT INTO Cliente (email,num_cuenta,contrasenia,puntos_acumulados) VALUES ('vel@euarcu.net',6820,'nec urna et arcu imperdiet ullamcorper.',811);
INSERT INTO Cliente (email,num_cuenta,contrasenia,puntos_acumulados) VALUES ('ultricies@Proinegetodio.co.uk',6840,'aliquet. Phasellus fermentum convallis ligula. Donec luctus',23);
INSERT INTO Cliente (email,num_cuenta,contrasenia,puntos_acumulados) VALUES ('convallis@tempusscelerisque.ca',6860,'non, lacinia at, iaculis quis, pede. Praesent eu dui.',633);
INSERT INTO Cliente (email,num_cuenta,contrasenia,puntos_acumulados) VALUES ('ultrices@Nuncpulvinar.ca',6880,'montes, nascetur ridiculus mus. Donec dignissim',436);
INSERT INTO Cliente (email,num_cuenta,contrasenia,puntos_acumulados) VALUES ('erat@ultrices.edu',6900,'cursus. Nunc',578);
INSERT INTO Cliente (email,num_cuenta,contrasenia,puntos_acumulados) VALUES ('urna@arcuVestibulum.net',6920,'pede. Suspendisse dui. Fusce',542);
INSERT INTO Cliente (email,num_cuenta,contrasenia,puntos_acumulados) VALUES ('mus@nectempus.co.uk',6940,'Proin vel nisl. Quisque fringilla',149);
INSERT INTO Cliente (email,num_cuenta,contrasenia,puntos_acumulados) VALUES ('malesuada.malesuada@nequevenenatislacus.net',6960,'Duis elementum, dui quis',132);
INSERT INTO Cliente (email,num_cuenta,contrasenia,puntos_acumulados) VALUES ('In.nec.orci@euismodenimEtiam.co.uk',6980,'tempor diam dictum sapien.',445);
INSERT INTO Cliente (email,num_cuenta,contrasenia,puntos_acumulados) VALUES ('ullamcorper@libero.edu',7000,'nec urna',335);
INSERT INTO Cliente (email,num_cuenta,contrasenia,puntos_acumulados) VALUES ('ornare.lectus.ante@Maecenasmi.org',7020,'posuere cubilia',531);
INSERT INTO Cliente (email,num_cuenta,contrasenia,puntos_acumulados) VALUES ('et.malesuada@ipsum.edu',7040,'volutpat. Nulla dignissim. Maecenas ornare',584);
INSERT INTO Cliente (email,num_cuenta,contrasenia,puntos_acumulados) VALUES ('amet@Sedegetlacus.com',7060,'blandit. Nam nulla magna,',127);
INSERT INTO Cliente (email,num_cuenta,contrasenia,puntos_acumulados) VALUES ('posuere@rutrumnon.ca',7080,'id, mollis nec, cursus a,',711);
INSERT INTO Cliente (email,num_cuenta,contrasenia,puntos_acumulados) VALUES ('Cras.interdum.Nunc@Nullam.net',7100,'lorem, sit amet',26);
INSERT INTO Cliente (email,num_cuenta,contrasenia,puntos_acumulados) VALUES ('vulputate.posuere@nisl.edu',7120,'et',29);
INSERT INTO Cliente (email,num_cuenta,contrasenia,puntos_acumulados) VALUES ('feugiat.non.lobortis@neceleifend.com',7140,'accumsan sed,',967);
INSERT INTO Cliente (email,num_cuenta,contrasenia,puntos_acumulados) VALUES ('eget.ipsum@laoreetposuereenim.co.uk',7160,'Fusce',466);
INSERT INTO Cliente (email,num_cuenta,contrasenia,puntos_acumulados) VALUES ('vel.arcu@risusQuisque.co.uk',7180,'consequat nec,',666);
INSERT INTO Cliente (email,num_cuenta,contrasenia,puntos_acumulados) VALUES ('ac.nulla@amet.ca',7200,'sed orci lobortis augue scelerisque mollis.',599);
INSERT INTO Cliente (email,num_cuenta,contrasenia,puntos_acumulados) VALUES ('odio@aenim.org',5220,'nunc nulla vulputate dui, nec tempus mauris erat eget',918);
INSERT INTO Cliente (email,num_cuenta,contrasenia,puntos_acumulados) VALUES ('Aenean@acnullaIn.co.uk',5240,'purus. Duis elementum, dui quis',4);
INSERT INTO Cliente (email,num_cuenta,contrasenia,puntos_acumulados) VALUES ('semper.cursus@Aliquam.net',5260,'adipiscing fringilla, porttitor vulputate, posuere vulputate, lacus. Cras',502);
INSERT INTO Cliente (email,num_cuenta,contrasenia,puntos_acumulados) VALUES ('Sed.et.libero@orcilobortisaugue.co.uk',5280,'nascetur ridiculus mus. Donec dignissim',127);
INSERT INTO Cliente (email,num_cuenta,contrasenia,puntos_acumulados) VALUES ('at.egestas@Phasellusataugue.co.uk',5300,'vel pede blandit congue. In',146);
INSERT INTO Cliente (email,num_cuenta,contrasenia,puntos_acumulados) VALUES ('bibendum@egestasFuscealiquet.net',5320,'fringilla mi lacinia',616);
INSERT INTO Cliente (email,num_cuenta,contrasenia,puntos_acumulados) VALUES ('commodo@lectusjustoeu.ca',5340,'mauris elit, dictum eu,',194);
INSERT INTO Cliente (email,num_cuenta,contrasenia,puntos_acumulados) VALUES ('neque@necimperdietnec.com',5360,'Proin eget odio. Aliquam vulputate ullamcorper',990);
INSERT INTO Cliente (email,num_cuenta,contrasenia,puntos_acumulados) VALUES ('amet.consectetuer.adipiscing@Donec.net',5380,'ullamcorper eu, euismod ac, fermentum',711);
INSERT INTO Cliente (email,num_cuenta,contrasenia,puntos_acumulados) VALUES ('dis.parturient@ultricesVivamusrhoncus.org',5400,'Donec tincidunt. Donec vitae erat vel pede blandit congue.',821);
INSERT INTO Cliente (email,num_cuenta,contrasenia,puntos_acumulados) VALUES ('erat@enimMauris.org',5420,'augue porttitor interdum. Sed auctor odio a purus.',18);
INSERT INTO Cliente (email,num_cuenta,contrasenia,puntos_acumulados) VALUES ('Curabitur.sed.tortor@aliquamarcu.com',5440,'urna. Nullam lobortis quam a',647);
INSERT INTO Cliente (email,num_cuenta,contrasenia,puntos_acumulados) VALUES ('natoque.penatibus@nibhAliquamornare.ca',5460,'elit. Etiam laoreet, libero et tristique pellentesque,',803);
INSERT INTO Cliente (email,num_cuenta,contrasenia,puntos_acumulados) VALUES ('in.dolor.Fusce@pellentesque.edu',5480,'sit amet nulla. Donec non',172);
INSERT INTO Cliente (email,num_cuenta,contrasenia,puntos_acumulados) VALUES ('blandit@velitAliquamnisl.co.uk',5500,'Cum sociis natoque penatibus et magnis dis parturient',503);
INSERT INTO Cliente (email,num_cuenta,contrasenia,puntos_acumulados) VALUES ('amet@lectusasollicitudin.com',5520,'Donec',584);
INSERT INTO Cliente (email,num_cuenta,contrasenia,puntos_acumulados) VALUES ('ipsum.sodales.purus@luctussit.co.uk',5540,'volutpat. Nulla dignissim. Maecenas',854);
INSERT INTO Cliente (email,num_cuenta,contrasenia,puntos_acumulados) VALUES ('diam@utnisi.com',5560,'Donec fringilla.',21);
INSERT INTO Cliente (email,num_cuenta,contrasenia,puntos_acumulados) VALUES ('consectetuer@Mauris.net',5580,'lorem. Donec elementum, lorem ut aliquam',484);
INSERT INTO Cliente (email,num_cuenta,contrasenia,puntos_acumulados) VALUES ('fermentum@iaculisaliquet.net',5600,'nisi magna sed dui. Fusce aliquam, enim',226);
INSERT INTO Cliente (email,num_cuenta,contrasenia,puntos_acumulados) VALUES ('viverra@eu.edu',5620,'varius ultrices, mauris ipsum porta elit, a',611);
INSERT INTO Cliente (email,num_cuenta,contrasenia,puntos_acumulados) VALUES ('justo@mauriserateget.edu',5640,'Phasellus elit pede, malesuada vel, venenatis vel, faucibus id, libero.',603);
INSERT INTO Cliente (email,num_cuenta,contrasenia,puntos_acumulados) VALUES ('Aenean.gravida@justo.com',5660,'diam. Pellentesque habitant morbi tristique senectus et netus',855);
INSERT INTO Cliente (email,num_cuenta,contrasenia,puntos_acumulados) VALUES ('eu.dolor.egestas@senectusetnetus.net',5680,'per',198);
INSERT INTO Cliente (email,num_cuenta,contrasenia,puntos_acumulados) VALUES ('Vestibulum.accumsan@Phaselluslibero.edu',5700,'Etiam ligula tortor, dictum eu, placerat eget,',325);
INSERT INTO Cliente (email,num_cuenta,contrasenia,puntos_acumulados) VALUES ('interdum.feugiat.Sed@ametdiam.ca',5720,'malesuada fames ac turpis egestas. Aliquam fringilla cursus purus.',618);
INSERT INTO Cliente (email,num_cuenta,contrasenia,puntos_acumulados) VALUES ('blandit@noncursus.edu',5740,'eros nec tellus. Nunc lectus pede, ultrices',877);
INSERT INTO Cliente (email,num_cuenta,contrasenia,puntos_acumulados) VALUES ('dui.nec.urna@estac.ca',5760,'lacinia. Sed congue, elit sed consequat auctor,',474);
INSERT INTO Cliente (email,num_cuenta,contrasenia,puntos_acumulados) VALUES ('aliquam.eros@urnaNunc.org',5780,'nonummy ultricies ornare, elit elit fermentum risus, at fringilla purus',10);
INSERT INTO Cliente (email,num_cuenta,contrasenia,puntos_acumulados) VALUES ('justo@eudui.co.uk',5800,'mauris eu elit. Nulla facilisi. Sed neque. Sed',385);
INSERT INTO Cliente (email,num_cuenta,contrasenia,puntos_acumulados) VALUES ('commodo.auctor@laoreet.org',5820,'pede ac urna. Ut tincidunt vehicula risus. Nulla',203);
INSERT INTO Cliente (email,num_cuenta,contrasenia,puntos_acumulados) VALUES ('libero.nec.ligula@sociosquadlitora.co.uk',5840,'amet ante. Vivamus non',351);
INSERT INTO Cliente (email,num_cuenta,contrasenia,puntos_acumulados) VALUES ('non.dui@estvitaesodales.com',5860,'tempor erat neque non quam.',978);
INSERT INTO Cliente (email,num_cuenta,contrasenia,puntos_acumulados) VALUES ('Duis.risus.odio@diamPellentesque.net',5880,'nascetur ridiculus mus. Donec dignissim magna',762);
INSERT INTO Cliente (email,num_cuenta,contrasenia,puntos_acumulados) VALUES ('Sed@eleifend.com',5900,'dictum eu, placerat eget, venenatis a, magna. Lorem ipsum dolor',108);
INSERT INTO Cliente (email,num_cuenta,contrasenia,puntos_acumulados) VALUES ('non@vitaeerat.org',5920,'risus. Nunc',982);
INSERT INTO Cliente (email,num_cuenta,contrasenia,puntos_acumulados) VALUES ('turpis.nec@Craseu.com',5940,'egestas. Aliquam fringilla cursus purus. Nullam scelerisque neque sed sem',813);
INSERT INTO Cliente (email,num_cuenta,contrasenia,puntos_acumulados) VALUES ('magna.a@egetmassa.com',5960,'leo. Morbi neque',583);
INSERT INTO Cliente (email,num_cuenta,contrasenia,puntos_acumulados) VALUES ('nonummy.ultricies@cursusNunc.co.uk',5980,'aliquet libero. Integer',378);
INSERT INTO Cliente (email,num_cuenta,contrasenia,puntos_acumulados) VALUES ('faucibus@nuncQuisqueornare.edu',6000,'vehicula. Pellentesque tincidunt',865);
INSERT INTO Cliente (email,num_cuenta,contrasenia,puntos_acumulados) VALUES ('accumsan.interdum.libero@euaugue.edu',6020,'lacus. Quisque',989);
INSERT INTO Cliente (email,num_cuenta,contrasenia,puntos_acumulados) VALUES ('eu.dolor@enimEtiamimperdiet.com',6040,'Mauris magna.',48);
INSERT INTO Cliente (email,num_cuenta,contrasenia,puntos_acumulados) VALUES ('aliquam@ipsum.com',6060,'Vivamus non lorem vitae',24);
INSERT INTO Cliente (email,num_cuenta,contrasenia,puntos_acumulados) VALUES ('mollis@id.co.uk',6080,'quis turpis vitae',982);
INSERT INTO Cliente (email,num_cuenta,contrasenia,puntos_acumulados) VALUES ('at.velit@iaculisnec.ca',6100,'semper tellus',985);
INSERT INTO Cliente (email,num_cuenta,contrasenia,puntos_acumulados) VALUES ('sagittis.Nullam@maurisMorbi.co.uk',6120,'congue, elit sed consequat auctor, nunc nulla vulputate',225);
INSERT INTO Cliente (email,num_cuenta,contrasenia,puntos_acumulados) VALUES ('quam.vel.sapien@vellectusCum.edu',6140,'Phasellus dolor elit, pellentesque a, facilisis',117);
INSERT INTO Cliente (email,num_cuenta,contrasenia,puntos_acumulados) VALUES ('sed.sapien.Nunc@bibendumullamcorperDuis.net',6160,'massa. Mauris',775);
INSERT INTO Cliente (email,num_cuenta,contrasenia,puntos_acumulados) VALUES ('Aenean.gravida.nunc@tempor.edu',6180,'elit',3);
INSERT INTO Cliente (email,num_cuenta,contrasenia,puntos_acumulados) VALUES ('libero@malesuadafringillaest.com',6200,'dui nec urna suscipit',667);
INSERT INTO Cliente (email,num_cuenta,contrasenia,puntos_acumulados) VALUES ('augue.porttitor@sed.com',6220,'amet nulla. Donec non justo.',420);
INSERT INTO Cliente (email,num_cuenta,contrasenia,puntos_acumulados) VALUES ('vel.mauris@convallisconvallis.co.uk',6240,'nibh lacinia orci, consectetuer',595);
INSERT INTO Cliente (email,num_cuenta,contrasenia,puntos_acumulados) VALUES ('neque.pellentesque@atvelitPellentesque.co.uk',6260,'vitae nibh. Donec est mauris,',281);
INSERT INTO Cliente (email,num_cuenta,contrasenia,puntos_acumulados) VALUES ('urna.et@acmattis.co.uk',6280,'elit, pharetra ut, pharetra',86);
INSERT INTO Cliente (email,num_cuenta,contrasenia,puntos_acumulados) VALUES ('ipsum.nunc@risus.org',6300,'leo. Morbi neque tellus, imperdiet non, vestibulum',236);
INSERT INTO Cliente (email,num_cuenta,contrasenia,puntos_acumulados) VALUES ('facilisis.vitae.orci@netuset.net',6320,'erat, eget tincidunt dui augue eu tellus.',221);
INSERT INTO Cliente (email,num_cuenta,contrasenia,puntos_acumulados) VALUES ('magna@risusMorbimetus.net',6340,'ullamcorper, velit in aliquet',842);
INSERT INTO Cliente (email,num_cuenta,contrasenia,puntos_acumulados) VALUES ('Donec.tempor@est.co.uk',6360,'Vivamus euismod urna. Nullam lobortis quam a felis ullamcorper viverra.',754);
INSERT INTO Cliente (email,num_cuenta,contrasenia,puntos_acumulados) VALUES ('Duis@etmagnisdis.edu',6380,'Duis sit',303);
INSERT INTO Cliente (email,num_cuenta,contrasenia,puntos_acumulados) VALUES ('ante.lectus@loremluctusut.net',6400,'vitae semper egestas, urna justo faucibus lectus,',646);
INSERT INTO Cliente (email,num_cuenta,contrasenia,puntos_acumulados) VALUES ('et.euismod@Proinvel.com',6420,'blandit at, nisi. Cum sociis',829);
INSERT INTO Cliente (email,num_cuenta,contrasenia,puntos_acumulados) VALUES ('ornare.lectus@nequenon.edu',6440,'porttitor interdum.',328);
INSERT INTO Cliente (email,num_cuenta,contrasenia,puntos_acumulados) VALUES ('odio.sagittis.semper@Maurisnondui.com',6460,'viverra. Donec',563);
INSERT INTO Cliente (email,num_cuenta,contrasenia,puntos_acumulados) VALUES ('Integer@accumsan.org',6480,'purus sapien, gravida non, sollicitudin a, malesuada',223);
INSERT INTO Cliente (email,num_cuenta,contrasenia,puntos_acumulados) VALUES ('In.at@temporloremeget.edu',6500,'Proin',554);
INSERT INTO Cliente (email,num_cuenta,contrasenia,puntos_acumulados) VALUES ('pede.blandit.congue@massaSuspendisseeleifend.net',6520,'eget laoreet posuere, enim nisl elementum purus, accumsan interdum',280);
INSERT INTO Cliente (email,num_cuenta,contrasenia,puntos_acumulados) VALUES ('et@feugiattellus.co.uk',6540,'consectetuer adipiscing elit.',875);
INSERT INTO Cliente (email,num_cuenta,contrasenia,puntos_acumulados) VALUES ('orci@vitaeodio.edu',6560,'imperdiet dictum magna. Ut tincidunt',882);
INSERT INTO Cliente (email,num_cuenta,contrasenia,puntos_acumulados) VALUES ('aliquam@nasceturridiculusmus.com',6580,'odio. Aliquam vulputate ullamcorper magna. Sed eu',767);
INSERT INTO Cliente (email,num_cuenta,contrasenia,puntos_acumulados) VALUES ('netus@erosProinultrices.ca',6600,'litora torquent per conubia nostra, per inceptos hymenaeos. Mauris',815);
INSERT INTO Cliente (email,num_cuenta,contrasenia,puntos_acumulados) VALUES ('Mauris.ut@mauris.edu',6620,'enim nec tempus scelerisque, lorem',934);
INSERT INTO Cliente (email,num_cuenta,contrasenia,puntos_acumulados) VALUES ('tempor@Maecenas.org',6640,'dui, in sodales',985);
INSERT INTO Cliente (email,num_cuenta,contrasenia,puntos_acumulados) VALUES ('a@ullamcorpereueuismod.co.uk',6660,'quis lectus. Nullam suscipit, est',276);
INSERT INTO Cliente (email,num_cuenta,contrasenia,puntos_acumulados) VALUES ('mattis@Vivamusnibhdolor.com',6680,'eu augue porttitor interdum.',54);
INSERT INTO Cliente (email,num_cuenta,contrasenia,puntos_acumulados) VALUES ('mauris.aliquam@gravidasit.org',6700,'luctus et ultrices posuere cubilia Curae; Phasellus ornare. Fusce mollis.',793);
INSERT INTO Cliente (email,num_cuenta,contrasenia,puntos_acumulados) VALUES ('nunc@miloremvehicula.ca',6720,'facilisis, magna',705);
INSERT INTO Cliente (email,num_cuenta,contrasenia,puntos_acumulados) VALUES ('eros.turpis.non@sit.net',6740,'Nullam velit dui, semper et, lacinia vitae,',666);
INSERT INTO Cliente (email,num_cuenta,contrasenia,puntos_acumulados) VALUES ('risus.Quisque.libero@magnatellusfaucibus.net',6760,'lacus vestibulum',641);
INSERT INTO Cliente (email,num_cuenta,contrasenia,puntos_acumulados) VALUES ('vitae.risus@auctor.edu',6780,'Mauris blandit',377);
INSERT INTO Cliente (email,num_cuenta,contrasenia,puntos_acumulados) VALUES ('commodo.at@tortor.co.uk',6800,'amet',718);
INSERT INTO Cliente (email,num_cuenta,contrasenia,puntos_acumulados) VALUES ('neque.In@ullamcorpernislarcu.net',6820,'Mauris',604);
INSERT INTO Cliente (email,num_cuenta,contrasenia,puntos_acumulados) VALUES ('Proin.vel.nisl@posuere.net',6840,'tortor. Nunc commodo auctor velit. Aliquam nisl. Nulla eu neque',51);
INSERT INTO Cliente (email,num_cuenta,contrasenia,puntos_acumulados) VALUES ('a.ultricies@semmolestiesodales.com',6860,'fringilla purus mauris',795);
INSERT INTO Cliente (email,num_cuenta,contrasenia,puntos_acumulados) VALUES ('montes.nascetur.ridiculus@tellusPhasellus.net',6880,'Vivamus',220);
INSERT INTO Cliente (email,num_cuenta,contrasenia,puntos_acumulados) VALUES ('Fusce@Duissitamet.edu',6900,'vel pede',874);
INSERT INTO Cliente (email,num_cuenta,contrasenia,puntos_acumulados) VALUES ('dui.semper@Craseutellus.co.uk',6920,'odio sagittis semper. Nam tempor diam',127);
INSERT INTO Cliente (email,num_cuenta,contrasenia,puntos_acumulados) VALUES ('et@nibh.net',6940,'nec',834);
INSERT INTO Cliente (email,num_cuenta,contrasenia,puntos_acumulados) VALUES ('arcu@CuraePhasellus.net',6960,'eu augue porttitor interdum. Sed auctor odio a purus. Duis',394);
INSERT INTO Cliente (email,num_cuenta,contrasenia,puntos_acumulados) VALUES ('ornare.lectus@venenatislacus.org',6980,'ac mattis velit justo nec ante. Maecenas mi felis,',235);
INSERT INTO Cliente (email,num_cuenta,contrasenia,puntos_acumulados) VALUES ('facilisis.lorem.tristique@magnaSuspendisse.com',7000,'montes, nascetur ridiculus',626);
INSERT INTO Cliente (email,num_cuenta,contrasenia,puntos_acumulados) VALUES ('velit.in.aliquet@velitdui.net',7020,'ultricies dignissim lacus. Aliquam rutrum lorem ac risus. Morbi',42);
INSERT INTO Cliente (email,num_cuenta,contrasenia,puntos_acumulados) VALUES ('ante.Nunc@velitQuisque.net',7040,'at lacus. Quisque purus sapien, gravida non,',887);
INSERT INTO Cliente (email,num_cuenta,contrasenia,puntos_acumulados) VALUES ('Donec.nibh.enim@placeratorci.net',7060,'eleifend, nunc risus',128);
INSERT INTO Cliente (email,num_cuenta,contrasenia,puntos_acumulados) VALUES ('nunc.sed@sempererat.com',7080,'auctor',99);
INSERT INTO Cliente (email,num_cuenta,contrasenia,puntos_acumulados) VALUES ('Fusce.fermentum.fermentum@massanonante.edu',7100,'Aliquam ultrices',965);
INSERT INTO Cliente (email,num_cuenta,contrasenia,puntos_acumulados) VALUES ('quis.diam@nondapibus.org',7120,'in consequat enim diam vel arcu. Curabitur ut odio vel',469);
INSERT INTO Cliente (email,num_cuenta,contrasenia,puntos_acumulados) VALUES ('molestie.Sed.id@Pellentesque.co.uk',7140,'orci. Ut',291);
INSERT INTO Cliente (email,num_cuenta,contrasenia,puntos_acumulados) VALUES ('Praesent.eu@justoeu.net',7160,'Fusce diam nunc, ullamcorper eu, euismod ac, fermentum vel,',236);
INSERT INTO Cliente (email,num_cuenta,contrasenia,puntos_acumulados) VALUES ('lacus.vestibulum.lorem@egestaslaciniaSed.co.uk',7180,'turpis egestas.',932);
INSERT INTO Cliente (email,num_cuenta,contrasenia,puntos_acumulados) VALUES ('ligula.consectetuer@consectetuermauris.ca',7200,'ultrices. Duis',242);

INSERT INTO Contrato (RFC_Empleado,id_sucursal,fecha_inicio,salario,cuenta_cheques) VALUES ('JIKN688858SKF',5,'23/10/2009','6933.92','8837367472298612');
INSERT INTO Contrato (RFC_Empleado,id_sucursal,fecha_inicio,salario,cuenta_cheques) VALUES ('REXX216653YZE',1,'17/01/2000','8472.88','2565399690564068');
INSERT INTO Contrato (RFC_Empleado,id_sucursal,fecha_inicio,salario,cuenta_cheques) VALUES ('BNBU168161DDD',40,'28/09/2017','8862.33','5541473071027365');
INSERT INTO Contrato (RFC_Empleado,id_sucursal,fecha_inicio,salario,cuenta_cheques) VALUES ('AIYS454938YDY',46,'02/09/2017','6141.64','5765567388890804');
INSERT INTO Contrato (RFC_Empleado,id_sucursal,fecha_inicio,salario,cuenta_cheques) VALUES ('SQUT824875AZW',37,'21/11/2014','7032.99','7505691704022779');
INSERT INTO Contrato (RFC_Empleado,id_sucursal,fecha_inicio,salario,cuenta_cheques) VALUES ('GEAG110589SXE',33,'22/05/2004','4196.70','0038343476962386');
INSERT INTO Contrato (RFC_Empleado,id_sucursal,fecha_inicio,salario,cuenta_cheques) VALUES ('PKBE929253GWC',13,'02/01/2011','1137.52','8856055785356654');
INSERT INTO Contrato (RFC_Empleado,id_sucursal,fecha_inicio,salario,cuenta_cheques) VALUES ('HZMI535543SDW',11,'11/03/2009','5146.59','7646690578765562');
INSERT INTO Contrato (RFC_Empleado,id_sucursal,fecha_inicio,salario,cuenta_cheques) VALUES ('FCTC655267ZMN',24,'13/04/2016','9173.14','5721724784972369');
INSERT INTO Contrato (RFC_Empleado,id_sucursal,fecha_inicio,salario,cuenta_cheques) VALUES ('ZMJK334326EVQ',35,'10/12/2001','5226.29','5315836078925850');
INSERT INTO Contrato (RFC_Empleado,id_sucursal,fecha_inicio,salario,cuenta_cheques) VALUES ('MKGU358495ULY',5,'02/05/2002','2213.54','8581810116745787');
INSERT INTO Contrato (RFC_Empleado,id_sucursal,fecha_inicio,salario,cuenta_cheques) VALUES ('EIXE767366XIT',1,'27/10/2017','4870.23','8166220481950412');
INSERT INTO Contrato (RFC_Empleado,id_sucursal,fecha_inicio,salario,cuenta_cheques) VALUES ('DYTE167676SFH',2,'15/09/2009','6936.37','5053470343543171');
INSERT INTO Contrato (RFC_Empleado,id_sucursal,fecha_inicio,salario,cuenta_cheques) VALUES ('IOPI227162UVD',38,'09/09/2000','8353.54','7984192259947805');
INSERT INTO Contrato (RFC_Empleado,id_sucursal,fecha_inicio,salario,cuenta_cheques) VALUES ('YRDZ966473MOA',42,'20/09/2013','9617.25','9864509830896419');
INSERT INTO Contrato (RFC_Empleado,id_sucursal,fecha_inicio,salario,cuenta_cheques) VALUES ('VRWA637374NRX',23,'12/10/2005','1968.32','7194884912175688');
INSERT INTO Contrato (RFC_Empleado,id_sucursal,fecha_inicio,salario,cuenta_cheques) VALUES ('MXEX587841YZN',4,'08/10/2001','3159.20','1611857757669799');
INSERT INTO Contrato (RFC_Empleado,id_sucursal,fecha_inicio,salario,cuenta_cheques) VALUES ('RYHF243197YKN',49,'23/01/2004','3278.29','3998024111837275');
INSERT INTO Contrato (RFC_Empleado,id_sucursal,fecha_inicio,salario,cuenta_cheques) VALUES ('KQBZ955354TCN',4,'22/01/2011','1021.47','7032176151098093');
INSERT INTO Contrato (RFC_Empleado,id_sucursal,fecha_inicio,salario,cuenta_cheques) VALUES ('MPAO573674HCS',48,'30/09/2000','9277.80','6068803329844147');
INSERT INTO Contrato (RFC_Empleado,id_sucursal,fecha_inicio,salario,cuenta_cheques) VALUES ('VZBB526587RCY',31,'06/07/2005','8490.34','7150597483396046');
INSERT INTO Contrato (RFC_Empleado,id_sucursal,fecha_inicio,salario,cuenta_cheques) VALUES ('MALK173962AAZ',41,'07/04/2012','6561.51','1793123288230747');
INSERT INTO Contrato (RFC_Empleado,id_sucursal,fecha_inicio,salario,cuenta_cheques) VALUES ('QICJ613191WFN',29,'01/01/2002','3677.52','4837312824947628');
INSERT INTO Contrato (RFC_Empleado,id_sucursal,fecha_inicio,salario,cuenta_cheques) VALUES ('OXBR137683AGH',3,'28/07/2001','8775.69','5105322171361772');
INSERT INTO Contrato (RFC_Empleado,id_sucursal,fecha_inicio,salario,cuenta_cheques) VALUES ('SASD185179KEN',44,'25/04/2007','9573.45','9289107263340849');
INSERT INTO Contrato (RFC_Empleado,id_sucursal,fecha_inicio,salario,cuenta_cheques) VALUES ('QMWT461242LRL',42,'13/06/2005','9708.57','1341706261986296');
INSERT INTO Contrato (RFC_Empleado,id_sucursal,fecha_inicio,salario,cuenta_cheques) VALUES ('WSHV169461AKN',26,'20/12/2006','8132.76','8092406382862767');
INSERT INTO Contrato (RFC_Empleado,id_sucursal,fecha_inicio,salario,cuenta_cheques) VALUES ('RFWF055438AAG',26,'14/08/2004','7252.60','8372380227091958');
INSERT INTO Contrato (RFC_Empleado,id_sucursal,fecha_inicio,salario,cuenta_cheques) VALUES ('KKOI212499XWL',23,'02/06/2015','9576.19','9953322693319328');
INSERT INTO Contrato (RFC_Empleado,id_sucursal,fecha_inicio,salario,cuenta_cheques) VALUES ('ZGKV943611RHB',39,'17/01/2003','1581.64','6012282462144015');
INSERT INTO Contrato (RFC_Empleado,id_sucursal,fecha_inicio,salario,cuenta_cheques) VALUES ('QETC818656HJW',19,'25/02/2000','2181.74','5670129459512652');
INSERT INTO Contrato (RFC_Empleado,id_sucursal,fecha_inicio,salario,cuenta_cheques) VALUES ('DHUJ638298UQW',26,'22/01/2004','3225.83','6403407539094817');
INSERT INTO Contrato (RFC_Empleado,id_sucursal,fecha_inicio,salario,cuenta_cheques) VALUES ('DJYR283136RHC',43,'12/01/2000','1322.92','8574095088548798');
INSERT INTO Contrato (RFC_Empleado,id_sucursal,fecha_inicio,salario,cuenta_cheques) VALUES ('VNKH570643EEA',46,'23/05/2012','3854.46','4560886945552991');
INSERT INTO Contrato (RFC_Empleado,id_sucursal,fecha_inicio,salario,cuenta_cheques) VALUES ('LXYG218684ZSU',20,'09/09/2001','8418.62','7235722665493777');
INSERT INTO Contrato (RFC_Empleado,id_sucursal,fecha_inicio,salario,cuenta_cheques) VALUES ('QDQU527293KXL',45,'28/10/2013','2741.61','9842551539254530');
INSERT INTO Contrato (RFC_Empleado,id_sucursal,fecha_inicio,salario,cuenta_cheques) VALUES ('XTIL078523OTE',2,'12/12/2013','6718.55','2328317590801526');
INSERT INTO Contrato (RFC_Empleado,id_sucursal,fecha_inicio,salario,cuenta_cheques) VALUES ('ZHXA193287TTA',17,'30/04/2012','7484.49','4006808127822180');
INSERT INTO Contrato (RFC_Empleado,id_sucursal,fecha_inicio,salario,cuenta_cheques) VALUES ('QRJM249879QTX',37,'17/11/2001','1403.95','4398771401475286');
INSERT INTO Contrato (RFC_Empleado,id_sucursal,fecha_inicio,salario,cuenta_cheques) VALUES ('DMZX766974BYC',34,'25/10/2005','3760.21','9060885042109122');
INSERT INTO Contrato (RFC_Empleado,id_sucursal,fecha_inicio,salario,cuenta_cheques) VALUES ('LHEU625114SZC',38,'15/11/2008','5092.57','1138484872383562');
INSERT INTO Contrato (RFC_Empleado,id_sucursal,fecha_inicio,salario,cuenta_cheques) VALUES ('LEEN549824UDA',14,'10/10/2013','8119.44','4375108150896724');
INSERT INTO Contrato (RFC_Empleado,id_sucursal,fecha_inicio,salario,cuenta_cheques) VALUES ('BQMV017895VNK',45,'18/04/2017','4586.92','8618682738807008');
INSERT INTO Contrato (RFC_Empleado,id_sucursal,fecha_inicio,salario,cuenta_cheques) VALUES ('HWFC133912CSG',44,'21/04/2006','4471.69','0899578685775797');
INSERT INTO Contrato (RFC_Empleado,id_sucursal,fecha_inicio,salario,cuenta_cheques) VALUES ('KVKF511251TFT',21,'07/09/2014','8292.41','3711039589578444');
INSERT INTO Contrato (RFC_Empleado,id_sucursal,fecha_inicio,salario,cuenta_cheques) VALUES ('YROS249396YLG',23,'22/02/2006','5572.03','9385063457356950');
INSERT INTO Contrato (RFC_Empleado,id_sucursal,fecha_inicio,salario,cuenta_cheques) VALUES ('LSYC312846AHG',33,'10/11/2009','5107.28','3869997259023427');
INSERT INTO Contrato (RFC_Empleado,id_sucursal,fecha_inicio,salario,cuenta_cheques) VALUES ('GAMR658369QFQ',4,'30/12/2008','4967.21','8654257011464215');
INSERT INTO Contrato (RFC_Empleado,id_sucursal,fecha_inicio,salario,cuenta_cheques) VALUES ('DHBW980322XEE',25,'08/12/2013','5547.49','1515703581365764');
INSERT INTO Contrato (RFC_Empleado,id_sucursal,fecha_inicio,salario,cuenta_cheques) VALUES ('OOJA137285VPG',17,'21/12/2004','7992.82','3220565613290790');
INSERT INTO Contrato (RFC_Empleado,id_sucursal,fecha_inicio,salario,cuenta_cheques) VALUES ('STWY822866BJY',4,'11/11/2016','3569.75','9602620091031575');
INSERT INTO Contrato (RFC_Empleado,id_sucursal,fecha_inicio,salario,cuenta_cheques) VALUES ('PBMY185848LVU',42,'05/01/2013','2134.37','8355046584334344');
INSERT INTO Contrato (RFC_Empleado,id_sucursal,fecha_inicio,salario,cuenta_cheques) VALUES ('LJZT744648YNW',6,'25/11/2016','5378.08','5012414215396155');
INSERT INTO Contrato (RFC_Empleado,id_sucursal,fecha_inicio,salario,cuenta_cheques) VALUES ('TIIL295332FKS',40,'28/04/2000','3649.85','0628671079223829');
INSERT INTO Contrato (RFC_Empleado,id_sucursal,fecha_inicio,salario,cuenta_cheques) VALUES ('JTAL612751GVR',7,'12/05/2012','5437.86','8155827121754175');
INSERT INTO Contrato (RFC_Empleado,id_sucursal,fecha_inicio,salario,cuenta_cheques) VALUES ('LAOG460926XPJ',34,'21/06/2013','9789.57','7221285101151424');
INSERT INTO Contrato (RFC_Empleado,id_sucursal,fecha_inicio,salario,cuenta_cheques) VALUES ('UBRW398663RMY',30,'10/01/2016','9983.41','3999989064281256');
INSERT INTO Contrato (RFC_Empleado,id_sucursal,fecha_inicio,salario,cuenta_cheques) VALUES ('SSXX581811EJJ',49,'29/09/2001','5243.30','9656912646921624');
INSERT INTO Contrato (RFC_Empleado,id_sucursal,fecha_inicio,salario,cuenta_cheques) VALUES ('ZZWW626373DTO',26,'04/04/2013','7692.54','4796163296106208');
INSERT INTO Contrato (RFC_Empleado,id_sucursal,fecha_inicio,salario,cuenta_cheques) VALUES ('UDJH830641NEX',30,'22/03/2009','9060.76','3651175456670209');
INSERT INTO Contrato (RFC_Empleado,id_sucursal,fecha_inicio,salario,cuenta_cheques) VALUES ('XFUE294721ZRY',20,'29/08/2013','4087.66','1328398822127346');
INSERT INTO Contrato (RFC_Empleado,id_sucursal,fecha_inicio,salario,cuenta_cheques) VALUES ('WRNO222896GDV',41,'02/03/2004','5502.29','0622732946058985');
INSERT INTO Contrato (RFC_Empleado,id_sucursal,fecha_inicio,salario,cuenta_cheques) VALUES ('QFWP268632GSM',9,'22/05/2017','5688.50','8576942869189123');
INSERT INTO Contrato (RFC_Empleado,id_sucursal,fecha_inicio,salario,cuenta_cheques) VALUES ('WVUZ638487MLA',41,'13/02/2007','3735.14','9535121623433175');
INSERT INTO Contrato (RFC_Empleado,id_sucursal,fecha_inicio,salario,cuenta_cheques) VALUES ('STTG363733EME',30,'10/09/2004','9401.53','0890160823638320');
INSERT INTO Contrato (RFC_Empleado,id_sucursal,fecha_inicio,salario,cuenta_cheques) VALUES ('WQGD373143BOV',6,'10/04/2006','2237.71','9649525014379225');
INSERT INTO Contrato (RFC_Empleado,id_sucursal,fecha_inicio,salario,cuenta_cheques) VALUES ('OVFT298534HSS',15,'02/10/2007','6704.06','8445078785861066');
INSERT INTO Contrato (RFC_Empleado,id_sucursal,fecha_inicio,salario,cuenta_cheques) VALUES ('KMIN410747XRY',50,'28/09/2006','6074.33','6695052922557807');
INSERT INTO Contrato (RFC_Empleado,id_sucursal,fecha_inicio,salario,cuenta_cheques) VALUES ('YUIH080798MQK',27,'31/05/2014','6528.10','1517658466286742');
INSERT INTO Contrato (RFC_Empleado,id_sucursal,fecha_inicio,salario,cuenta_cheques) VALUES ('QRIX964348DIZ',25,'16/08/2016','6140.08','8121631226929764');
INSERT INTO Contrato (RFC_Empleado,id_sucursal,fecha_inicio,salario,cuenta_cheques) VALUES ('QOCU557656ORJ',21,'17/05/2012','4752.26','0489888609465672');
INSERT INTO Contrato (RFC_Empleado,id_sucursal,fecha_inicio,salario,cuenta_cheques) VALUES ('IDFC566355EQX',16,'06/09/2003','5523.56','9718408568850020');
INSERT INTO Contrato (RFC_Empleado,id_sucursal,fecha_inicio,salario,cuenta_cheques) VALUES ('ZBSO686174LAC',7,'29/12/2015','2111.90','2151203502256787');
INSERT INTO Contrato (RFC_Empleado,id_sucursal,fecha_inicio,salario,cuenta_cheques) VALUES ('GVXX989194WLU',43,'18/12/2003','9482.93','4461524536237633');
INSERT INTO Contrato (RFC_Empleado,id_sucursal,fecha_inicio,salario,cuenta_cheques) VALUES ('IELV210992RNI',49,'27/07/2015','3197.25','5229782440891767');
INSERT INTO Contrato (RFC_Empleado,id_sucursal,fecha_inicio,salario,cuenta_cheques) VALUES ('HYLM030647ZKJ',39,'05/12/2016','2829.02','6110225680975555');
INSERT INTO Contrato (RFC_Empleado,id_sucursal,fecha_inicio,salario,cuenta_cheques) VALUES ('WYPT214571JZN',41,'03/12/2012','6282.04','0176880206621969');
INSERT INTO Contrato (RFC_Empleado,id_sucursal,fecha_inicio,salario,cuenta_cheques) VALUES ('DYUS581612EHX',34,'08/08/2004','9017.69','1415719770145653');
INSERT INTO Contrato (RFC_Empleado,id_sucursal,fecha_inicio,salario,cuenta_cheques) VALUES ('XYSP730393ARJ',25,'29/11/2008','1320.33','4126734428207790');
INSERT INTO Contrato (RFC_Empleado,id_sucursal,fecha_inicio,salario,cuenta_cheques) VALUES ('AHIT536978NNN',30,'26/09/2004','7107.01','1498121744832308');
INSERT INTO Contrato (RFC_Empleado,id_sucursal,fecha_inicio,salario,cuenta_cheques) VALUES ('QBSU245669EKC',12,'27/08/2003','6348.93','7248933566527565');
INSERT INTO Contrato (RFC_Empleado,id_sucursal,fecha_inicio,salario,cuenta_cheques) VALUES ('LSDS021279XFD',5,'18/10/2007','9813.05','2714364519972922');
INSERT INTO Contrato (RFC_Empleado,id_sucursal,fecha_inicio,salario,cuenta_cheques) VALUES ('HLEX116181WOX',9,'17/03/2008','8212.55','5921241815925114');
INSERT INTO Contrato (RFC_Empleado,id_sucursal,fecha_inicio,salario,cuenta_cheques) VALUES ('SHVD271758APJ',5,'17/03/2001','5192.38','7138266322394611');
INSERT INTO Contrato (RFC_Empleado,id_sucursal,fecha_inicio,salario,cuenta_cheques) VALUES ('TWTH792413NLV',26,'11/03/2016','8812.63','3546336978015283');
INSERT INTO Contrato (RFC_Empleado,id_sucursal,fecha_inicio,salario,cuenta_cheques) VALUES ('DNNR773978OLH',11,'28/03/2001','6348.33','7968082318149054');
INSERT INTO Contrato (RFC_Empleado,id_sucursal,fecha_inicio,salario,cuenta_cheques) VALUES ('KOCL742633PPF',44,'16/08/2014','2002.12','5064972250074197');
INSERT INTO Contrato (RFC_Empleado,id_sucursal,fecha_inicio,salario,cuenta_cheques) VALUES ('CQAM120729SDH',43,'14/06/2016','4959.36','6351067436984052');
INSERT INTO Contrato (RFC_Empleado,id_sucursal,fecha_inicio,salario,cuenta_cheques) VALUES ('GPSP951114ZPC',17,'20/01/2006','8798.13','1964710477292747');
INSERT INTO Contrato (RFC_Empleado,id_sucursal,fecha_inicio,salario,cuenta_cheques) VALUES ('GLQE760752GQG',24,'05/06/2015','8264.36','3720769345510812');
INSERT INTO Contrato (RFC_Empleado,id_sucursal,fecha_inicio,salario,cuenta_cheques) VALUES ('QAGC052281NES',23,'20/04/2001','8417.06','1027244054435906');
INSERT INTO Contrato (RFC_Empleado,id_sucursal,fecha_inicio,salario,cuenta_cheques) VALUES ('SSKV394649GSI',38,'07/09/2013','2398.14','6072160726609151');
INSERT INTO Contrato (RFC_Empleado,id_sucursal,fecha_inicio,salario,cuenta_cheques) VALUES ('UXEI731115TTE',45,'13/11/2011','3558.77','1421519276097482');
INSERT INTO Contrato (RFC_Empleado,id_sucursal,fecha_inicio,salario,cuenta_cheques) VALUES ('QMSI210677HQE',6,'14/10/2014','5018.28','9559516281770514');
INSERT INTO Contrato (RFC_Empleado,id_sucursal,fecha_inicio,salario,cuenta_cheques) VALUES ('YNLB459925IBO',3,'23/03/2010','2197.89','7136706623185075');
INSERT INTO Contrato (RFC_Empleado,id_sucursal,fecha_inicio,salario,cuenta_cheques) VALUES ('KPBQ346124SCA',31,'12/11/2008','4297.54','7299878506890052');
INSERT INTO Contrato (RFC_Empleado,id_sucursal,fecha_inicio,salario,cuenta_cheques) VALUES ('REYJ324728FIK',50,'12/03/2016','6859.67','7246207826375843');
INSERT INTO Contrato (RFC_Empleado,id_sucursal,fecha_inicio,salario,cuenta_cheques) VALUES ('IYEA930326GNG',21,'16/04/2006','1895.79','3603621434051615');
INSERT INTO Contrato (RFC_Empleado,id_sucursal,fecha_inicio,salario,cuenta_cheques) VALUES ('RXUZ145255YPL',22,'14/06/2016','1974.43','1644755048825106');
INSERT INTO Contrato (RFC_Empleado,id_sucursal,fecha_inicio,salario,cuenta_cheques) VALUES ('WWCQ630836YXY',42,'20/04/2005','9220.55','1821870937601766');
INSERT INTO Contrato (RFC_Empleado,id_sucursal,fecha_inicio,salario,cuenta_cheques) VALUES ('GQPA468567KXA',1,'05/01/2008','6811.20','0145979020514208');
INSERT INTO Contrato (RFC_Empleado,id_sucursal,fecha_inicio,salario,cuenta_cheques) VALUES ('WYVC286375IOA',2,'27/03/2017','5008.49','0937962550549910');
INSERT INTO Contrato (RFC_Empleado,id_sucursal,fecha_inicio,salario,cuenta_cheques) VALUES ('HQCZ098316ZRY',3,'18/08/2008','3257.08','3294302856230370');
INSERT INTO Contrato (RFC_Empleado,id_sucursal,fecha_inicio,salario,cuenta_cheques) VALUES ('NQPI625836OYI',4,'21/01/2007','8405.51','4126658501458638');
INSERT INTO Contrato (RFC_Empleado,id_sucursal,fecha_inicio,salario,cuenta_cheques) VALUES ('LJAO729462HAM',5,'03/04/2001','4955.17','2007511270336695');
INSERT INTO Contrato (RFC_Empleado,id_sucursal,fecha_inicio,salario,cuenta_cheques) VALUES ('TENL825117PFF',6,'22/03/2001','1149.74','8791615466212259');
INSERT INTO Contrato (RFC_Empleado,id_sucursal,fecha_inicio,salario,cuenta_cheques) VALUES ('KGJG043354UNM',7,'11/10/2000','2881.83','9333980470357669');
INSERT INTO Contrato (RFC_Empleado,id_sucursal,fecha_inicio,salario,cuenta_cheques) VALUES ('BDZN073735JQL',8,'27/06/2009','7994.04','9184520377189522');
INSERT INTO Contrato (RFC_Empleado,id_sucursal,fecha_inicio,salario,cuenta_cheques) VALUES ('LVXX980134OPU',9,'14/10/2015','1905.78','1828559017108024');
INSERT INTO Contrato (RFC_Empleado,id_sucursal,fecha_inicio,salario,cuenta_cheques) VALUES ('ZLKL879845RAK',10,'18/01/2011','2207.94','3801394749553558');
INSERT INTO Contrato (RFC_Empleado,id_sucursal,fecha_inicio,salario,cuenta_cheques) VALUES ('RQZQ469794BXU',11,'26/10/2008','9375.41','8424698477758695');
INSERT INTO Contrato (RFC_Empleado,id_sucursal,fecha_inicio,salario,cuenta_cheques) VALUES ('YYRK691724OKK',12,'04/01/2009','6411.78','7704357804681099');
INSERT INTO Contrato (RFC_Empleado,id_sucursal,fecha_inicio,salario,cuenta_cheques) VALUES ('EBZP762395TVW',13,'24/10/2015','8800.04','9722094565021129');
INSERT INTO Contrato (RFC_Empleado,id_sucursal,fecha_inicio,salario,cuenta_cheques) VALUES ('BXJV915442MNK',14,'25/04/2004','6165.84','6197178101400422');
INSERT INTO Contrato (RFC_Empleado,id_sucursal,fecha_inicio,salario,cuenta_cheques) VALUES ('FRAD673142MMO',15,'18/08/2014','8401.95','0685286499851947');
INSERT INTO Contrato (RFC_Empleado,id_sucursal,fecha_inicio,salario,cuenta_cheques) VALUES ('UGIO082995TYC',16,'13/09/2011','3075.96','0715806251539234');
INSERT INTO Contrato (RFC_Empleado,id_sucursal,fecha_inicio,salario,cuenta_cheques) VALUES ('FGDJ966191PVQ',17,'27/02/2013','8736.06','2029785950393714');
INSERT INTO Contrato (RFC_Empleado,id_sucursal,fecha_inicio,salario,cuenta_cheques) VALUES ('XRJV133948FFQ',18,'30/03/2013','1786.18','4404914301378432');
INSERT INTO Contrato (RFC_Empleado,id_sucursal,fecha_inicio,salario,cuenta_cheques) VALUES ('BKHH927948MIX',19,'09/02/2017','4914.49','6664512306195560');
INSERT INTO Contrato (RFC_Empleado,id_sucursal,fecha_inicio,salario,cuenta_cheques) VALUES ('VQSZ886169SIZ',20,'06/12/2011','1840.80','4205681347726691');
INSERT INTO Contrato (RFC_Empleado,id_sucursal,fecha_inicio,salario,cuenta_cheques) VALUES ('IUBY438331BCR',21,'15/09/2012','2018.09','1485139749278093');
INSERT INTO Contrato (RFC_Empleado,id_sucursal,fecha_inicio,salario,cuenta_cheques) VALUES ('YJRD743949GXU',22,'24/03/2005','3340.71','6104074112094998');
INSERT INTO Contrato (RFC_Empleado,id_sucursal,fecha_inicio,salario,cuenta_cheques) VALUES ('IIJS283543TXO',23,'24/07/2009','2605.02','6304045924083568');
INSERT INTO Contrato (RFC_Empleado,id_sucursal,fecha_inicio,salario,cuenta_cheques) VALUES ('PNOJ950252BTD',24,'23/09/2009','7809.36','3244299814482527');
INSERT INTO Contrato (RFC_Empleado,id_sucursal,fecha_inicio,salario,cuenta_cheques) VALUES ('BGOM325215NIO',25,'12/02/2011','4033.23','4031023937752177');
INSERT INTO Contrato (RFC_Empleado,id_sucursal,fecha_inicio,salario,cuenta_cheques) VALUES ('VJTQ536946ZDC',26,'10/04/2011','4826.27','8914119340837874');
INSERT INTO Contrato (RFC_Empleado,id_sucursal,fecha_inicio,salario,cuenta_cheques) VALUES ('EOEV167771ZND',27,'25/01/2013','5055.43','0427228798697307');
INSERT INTO Contrato (RFC_Empleado,id_sucursal,fecha_inicio,salario,cuenta_cheques) VALUES ('WTXW847175YGB',28,'06/06/2009','1703.54','9390636593994019');
INSERT INTO Contrato (RFC_Empleado,id_sucursal,fecha_inicio,salario,cuenta_cheques) VALUES ('NUZU566569ITR',29,'10/05/2010','1080.21','5971878833541812');
INSERT INTO Contrato (RFC_Empleado,id_sucursal,fecha_inicio,salario,cuenta_cheques) VALUES ('GHGJ391673KDC',30,'30/09/2005','1513.86','8480113187628853');
INSERT INTO Contrato (RFC_Empleado,id_sucursal,fecha_inicio,salario,cuenta_cheques) VALUES ('ZCCS578278CWP',31,'19/12/2017','2096.88','0765701464954737');
INSERT INTO Contrato (RFC_Empleado,id_sucursal,fecha_inicio,salario,cuenta_cheques) VALUES ('CXIZ973513VEU',32,'19/05/2017','2578.35','7848106601395067');
INSERT INTO Contrato (RFC_Empleado,id_sucursal,fecha_inicio,salario,cuenta_cheques) VALUES ('ZMYK193164IPM',33,'03/04/2003','8034.76','4967450670831375');
INSERT INTO Contrato (RFC_Empleado,id_sucursal,fecha_inicio,salario,cuenta_cheques) VALUES ('MMMR973929WVG',34,'16/01/2002','8185.13','3395207714320324');
INSERT INTO Contrato (RFC_Empleado,id_sucursal,fecha_inicio,salario,cuenta_cheques) VALUES ('GVCD420633DRH',35,'12/04/2008','1583.09','5500710107304840');
INSERT INTO Contrato (RFC_Empleado,id_sucursal,fecha_inicio,salario,cuenta_cheques) VALUES ('NTEJ329366ZYB',36,'02/05/2011','3916.23','9751762606363885');
INSERT INTO Contrato (RFC_Empleado,id_sucursal,fecha_inicio,salario,cuenta_cheques) VALUES ('PSQT614797WHG',37,'19/11/2012','5331.37','0617842609453127');
INSERT INTO Contrato (RFC_Empleado,id_sucursal,fecha_inicio,salario,cuenta_cheques) VALUES ('JJGE967225BTL',38,'16/10/2015','8061.09','8158242480097316');
INSERT INTO Contrato (RFC_Empleado,id_sucursal,fecha_inicio,salario,cuenta_cheques) VALUES ('YLBD020396XBF',39,'28/04/2008','1307.31','7878715979689888');
INSERT INTO Contrato (RFC_Empleado,id_sucursal,fecha_inicio,salario,cuenta_cheques) VALUES ('WVUA769661MQH',40,'05/06/2013','4659.50','0906007754518897');
INSERT INTO Contrato (RFC_Empleado,id_sucursal,fecha_inicio,salario,cuenta_cheques) VALUES ('NLNA219989FDL',41,'09/04/2006','4777.86','0313085160452801');
INSERT INTO Contrato (RFC_Empleado,id_sucursal,fecha_inicio,salario,cuenta_cheques) VALUES ('HUSN667242HMY',42,'27/09/2002','4780.75','9160347917969795');
INSERT INTO Contrato (RFC_Empleado,id_sucursal,fecha_inicio,salario,cuenta_cheques) VALUES ('YVDX072371YMO',43,'25/07/2012','8988.72','7781728399982540');
INSERT INTO Contrato (RFC_Empleado,id_sucursal,fecha_inicio,salario,cuenta_cheques) VALUES ('OIFE569266SGQ',44,'27/11/2016','4374.95','5406715273182255');
INSERT INTO Contrato (RFC_Empleado,id_sucursal,fecha_inicio,salario,cuenta_cheques) VALUES ('PVCR651915JHT',45,'12/10/2008','2546.51','0771933180149896');
INSERT INTO Contrato (RFC_Empleado,id_sucursal,fecha_inicio,salario,cuenta_cheques) VALUES ('JMOB122725CAH',46,'10/04/2015','1273.46','4286203596061762');
INSERT INTO Contrato (RFC_Empleado,id_sucursal,fecha_inicio,salario,cuenta_cheques) VALUES ('SFUM429991ENR',47,'22/11/2004','1289.08','6501822205362057');
INSERT INTO Contrato (RFC_Empleado,id_sucursal,fecha_inicio,salario,cuenta_cheques) VALUES ('OKNH862859JWZ',48,'07/04/2015','7789.01','2212376471810852');
INSERT INTO Contrato (RFC_Empleado,id_sucursal,fecha_inicio,salario,cuenta_cheques) VALUES ('ERJG356742DJU',49,'14/03/2001','8611.52','3954135407627065');
INSERT INTO Contrato (RFC_Empleado,id_sucursal,fecha_inicio,salario,cuenta_cheques) VALUES ('ULBI260467VEK',50,'07/01/2018','7859.16','6456412791663182');

INSERT INTO Sucursal (id_sucursal,supervisor,nombre,id_direccion) VALUES (1,'GQPA468567KXA','arcu.',301);
INSERT INTO Sucursal (id_sucursal,supervisor,nombre,id_direccion) VALUES (2,'WYVC286375IOA','Mauris',302);
INSERT INTO Sucursal (id_sucursal,supervisor,nombre,id_direccion) VALUES (3,'HQCZ098316ZRY','Cum',303);
INSERT INTO Sucursal (id_sucursal,supervisor,nombre,id_direccion) VALUES (4,'NQPI625836OYI','Ut',304);
INSERT INTO Sucursal (id_sucursal,supervisor,nombre,id_direccion) VALUES (5,'LJAO729462HAM','amet',305);
INSERT INTO Sucursal (id_sucursal,supervisor,nombre,id_direccion) VALUES (6,'TENL825117PFF','lobortis',306);
INSERT INTO Sucursal (id_sucursal,supervisor,nombre,id_direccion) VALUES (7,'KGJG043354UNM','eu',307);
INSERT INTO Sucursal (id_sucursal,supervisor,nombre,id_direccion) VALUES (8,'BDZN073735JQL','amet',308);
INSERT INTO Sucursal (id_sucursal,supervisor,nombre,id_direccion) VALUES (9,'LVXX980134OPU','interdum.',309);
INSERT INTO Sucursal (id_sucursal,supervisor,nombre,id_direccion) VALUES (10,'ZLKL879845RAK','Aliquam',310);
INSERT INTO Sucursal (id_sucursal,supervisor,nombre,id_direccion) VALUES (11,'RQZQ469794BXU','quis',311);
INSERT INTO Sucursal (id_sucursal,supervisor,nombre,id_direccion) VALUES (12,'YYRK691724OKK','Maecenas',312);
INSERT INTO Sucursal (id_sucursal,supervisor,nombre,id_direccion) VALUES (13,'EBZP762395TVW','Nulla',313);
INSERT INTO Sucursal (id_sucursal,supervisor,nombre,id_direccion) VALUES (14,'BXJV915442MNK','Nam',314);
INSERT INTO Sucursal (id_sucursal,supervisor,nombre,id_direccion) VALUES (15,'FRAD673142MMO','Proin',315);
INSERT INTO Sucursal (id_sucursal,supervisor,nombre,id_direccion) VALUES (16,'UGIO082995TYC','enim.',316);
INSERT INTO Sucursal (id_sucursal,supervisor,nombre,id_direccion) VALUES (17,'FGDJ966191PVQ','vel,',317);
INSERT INTO Sucursal (id_sucursal,supervisor,nombre,id_direccion) VALUES (18,'XRJV133948FFQ','mauris.',318);
INSERT INTO Sucursal (id_sucursal,supervisor,nombre,id_direccion) VALUES (19,'BKHH927948MIX','ultrices',319);
INSERT INTO Sucursal (id_sucursal,supervisor,nombre,id_direccion) VALUES (20,'VQSZ886169SIZ','penatibus',320);
INSERT INTO Sucursal (id_sucursal,supervisor,nombre,id_direccion) VALUES (21,'IUBY438331BCR','erat',321);
INSERT INTO Sucursal (id_sucursal,supervisor,nombre,id_direccion) VALUES (22,'YJRD743949GXU','ut',322);
INSERT INTO Sucursal (id_sucursal,supervisor,nombre,id_direccion) VALUES (23,'IIJS283543TXO','sapien.',323);
INSERT INTO Sucursal (id_sucursal,supervisor,nombre,id_direccion) VALUES (24,'PNOJ950252BTD','ligula',324);
INSERT INTO Sucursal (id_sucursal,supervisor,nombre,id_direccion) VALUES (25,'BGOM325215NIO','pellentesque',325);
INSERT INTO Sucursal (id_sucursal,supervisor,nombre,id_direccion) VALUES (26,'VJTQ536946ZDC','vitae',326);
INSERT INTO Sucursal (id_sucursal,supervisor,nombre,id_direccion) VALUES (27,'EOEV167771ZND','adipiscing',327);
INSERT INTO Sucursal (id_sucursal,supervisor,nombre,id_direccion) VALUES (28,'WTXW847175YGB','ultricies',328);
INSERT INTO Sucursal (id_sucursal,supervisor,nombre,id_direccion) VALUES (29,'NUZU566569ITR','nonummy',329);
INSERT INTO Sucursal (id_sucursal,supervisor,nombre,id_direccion) VALUES (30,'GHGJ391673KDC','molestie',330);
INSERT INTO Sucursal (id_sucursal,supervisor,nombre,id_direccion) VALUES (31,'ZCCS578278CWP','consequat',331);
INSERT INTO Sucursal (id_sucursal,supervisor,nombre,id_direccion) VALUES (32,'CXIZ973513VEU','eu',332);
INSERT INTO Sucursal (id_sucursal,supervisor,nombre,id_direccion) VALUES (33,'ZMYK193164IPM','dis',333);
INSERT INTO Sucursal (id_sucursal,supervisor,nombre,id_direccion) VALUES (34,'MMMR973929WVG','Fusce',334);
INSERT INTO Sucursal (id_sucursal,supervisor,nombre,id_direccion) VALUES (35,'GVCD420633DRH','orci',335);
INSERT INTO Sucursal (id_sucursal,supervisor,nombre,id_direccion) VALUES (36,'NTEJ329366ZYB','habitant',336);
INSERT INTO Sucursal (id_sucursal,supervisor,nombre,id_direccion) VALUES (37,'PSQT614797WHG','vehicula',337);
INSERT INTO Sucursal (id_sucursal,supervisor,nombre,id_direccion) VALUES (38,'JJGE967225BTL','rhoncus.',338);
INSERT INTO Sucursal (id_sucursal,supervisor,nombre,id_direccion) VALUES (39,'YLBD020396XBF','ac,',339);
INSERT INTO Sucursal (id_sucursal,supervisor,nombre,id_direccion) VALUES (40,'WVUA769661MQH','In',340);
INSERT INTO Sucursal (id_sucursal,supervisor,nombre,id_direccion) VALUES (41,'NLNA219989FDL','et',341);
INSERT INTO Sucursal (id_sucursal,supervisor,nombre,id_direccion) VALUES (42,'HUSN667242HMY','id,',342);
INSERT INTO Sucursal (id_sucursal,supervisor,nombre,id_direccion) VALUES (43,'YVDX072371YMO','mollis',343);
INSERT INTO Sucursal (id_sucursal,supervisor,nombre,id_direccion) VALUES (44,'OIFE569266SGQ','Aliquam',344);
INSERT INTO Sucursal (id_sucursal,supervisor,nombre,id_direccion) VALUES (45,'PVCR651915JHT','vulputate,',345);
INSERT INTO Sucursal (id_sucursal,supervisor,nombre,id_direccion) VALUES (46,'JMOB122725CAH','cursus',346);
INSERT INTO Sucursal (id_sucursal,supervisor,nombre,id_direccion) VALUES (47,'SFUM429991ENR','pede.',347);
INSERT INTO Sucursal (id_sucursal,supervisor,nombre,id_direccion) VALUES (48,'OKNH862859JWZ','lacinia',348);
INSERT INTO Sucursal (id_sucursal,supervisor,nombre,id_direccion) VALUES (49,'ERJG356742DJU','Lorem',349);
INSERT INTO Sucursal (id_sucursal,supervisor,nombre,id_direccion) VALUES (50,'ULBI260467VEK','dictum',350);

INSERT INTO Repartidor (RFC,num_licencia,placa,tipo_transporte,vehiculo_propio) VALUES ('BNBU168161DDD','69383773','','Motocicleta',0);
INSERT INTO Repartidor (RFC,num_licencia,placa,tipo_transporte,vehiculo_propio) VALUES ('PKBE929253GWC','17892701','7I8MC','Motocicleta',1);
INSERT INTO Repartidor (RFC,num_licencia,placa,tipo_transporte,vehiculo_propio) VALUES ('FCTC655267ZMN','34384137','','Bicicleta',1);
INSERT INTO Repartidor (RFC,num_licencia,placa,tipo_transporte,vehiculo_propio) VALUES ('VRWA637374NRX','22315903','8Q9CZ','Bicicleta',0);
INSERT INTO Repartidor (RFC,num_licencia,placa,tipo_transporte,vehiculo_propio) VALUES ('MPAO573674HCS','92729780','3N8GK','Bicicleta',1);
INSERT INTO Repartidor (RFC,num_licencia,placa,tipo_transporte,vehiculo_propio) VALUES ('RFWF055438AAG','93928475','','Bicicleta',0);
INSERT INTO Repartidor (RFC,num_licencia,placa,tipo_transporte,vehiculo_propio) VALUES ('QETC818656HJW','19414873','1D7ZD','Bicicleta',1);
INSERT INTO Repartidor (RFC,num_licencia,placa,tipo_transporte,vehiculo_propio) VALUES ('LXYG218684ZSU','42022114','','Bicicleta',1);
INSERT INTO Repartidor (RFC,num_licencia,placa,tipo_transporte,vehiculo_propio) VALUES ('LEEN549824UDA','58033076','','Motocicleta',0);
INSERT INTO Repartidor (RFC,num_licencia,placa,tipo_transporte,vehiculo_propio) VALUES ('BQMV017895VNK','11020032','4M9QE','Bicicleta',0);
INSERT INTO Repartidor (RFC,num_licencia,placa,tipo_transporte,vehiculo_propio) VALUES ('KVKF511251TFT','62122551','1F3GV','Motocicleta',0);
INSERT INTO Repartidor (RFC,num_licencia,placa,tipo_transporte,vehiculo_propio) VALUES ('GAMR658369QFQ','10581801','','Motocicleta',0);
INSERT INTO Repartidor (RFC,num_licencia,placa,tipo_transporte,vehiculo_propio) VALUES ('JTAL612751GVR','29541955','','Bicicleta',0);
INSERT INTO Repartidor (RFC,num_licencia,placa,tipo_transporte,vehiculo_propio) VALUES ('LAOG460926XPJ','74252694','','Motocicleta',1);
INSERT INTO Repartidor (RFC,num_licencia,placa,tipo_transporte,vehiculo_propio) VALUES ('STTG363733EME','48937703','5U8SW','Motocicleta',0);
INSERT INTO Repartidor (RFC,num_licencia,placa,tipo_transporte,vehiculo_propio) VALUES ('GVXX989194WLU','83737973','3E3XN','Bicicleta',1);
INSERT INTO Repartidor (RFC,num_licencia,placa,tipo_transporte,vehiculo_propio) VALUES ('DYUS581612EHX','83584120','7F9CI','Bicicleta',1);
INSERT INTO Repartidor (RFC,num_licencia,placa,tipo_transporte,vehiculo_propio) VALUES ('CQAM120729SDH','67402447','','Motocicleta',0);
INSERT INTO Repartidor (RFC,num_licencia,placa,tipo_transporte,vehiculo_propio) VALUES ('UXEI731115TTE','60288254','','Motocicleta',1);

INSERT INTO Horarios_Sucursales (id_sucursal,id_dia,hora_inicio,hora_fin) VALUES (1,1,TO_TIMESTAMP('10-SEP-02 01:14:29 123000','DD-Mon-RR HH24:MI:SS FF'),TO_TIMESTAMP('10-SEP-02 21:55:08 123000','DD-Mon-RR HH24:MI:SS FF'));
INSERT INTO Horarios_Sucursales (id_sucursal,id_dia,hora_inicio,hora_fin) VALUES (2,1,TO_TIMESTAMP('10-SEP-02 00:28:44 123000','DD-Mon-RR HH24:MI:SS FF'),TO_TIMESTAMP('10-SEP-02 20:54:08 123000','DD-Mon-RR HH24:MI:SS FF'));
INSERT INTO Horarios_Sucursales (id_sucursal,id_dia,hora_inicio,hora_fin) VALUES (3,1,TO_TIMESTAMP('10-SEP-02 09:16:32 123000','DD-Mon-RR HH24:MI:SS FF'),TO_TIMESTAMP('10-SEP-02 22:54:07 123000','DD-Mon-RR HH24:MI:SS FF'));
INSERT INTO Horarios_Sucursales (id_sucursal,id_dia,hora_inicio,hora_fin) VALUES (4,1,TO_TIMESTAMP('10-SEP-02 01:32:33 123000','DD-Mon-RR HH24:MI:SS FF'),TO_TIMESTAMP('10-SEP-02 12:42:14 123000','DD-Mon-RR HH24:MI:SS FF'));
INSERT INTO Horarios_Sucursales (id_sucursal,id_dia,hora_inicio,hora_fin) VALUES (5,1,TO_TIMESTAMP('10-SEP-02 15:46:49 123000','DD-Mon-RR HH24:MI:SS FF'),TO_TIMESTAMP('10-SEP-02 20:29:47 123000','DD-Mon-RR HH24:MI:SS FF'));
INSERT INTO Horarios_Sucursales (id_sucursal,id_dia,hora_inicio,hora_fin) VALUES (6,1,TO_TIMESTAMP('10-SEP-02 11:35:00 123000','DD-Mon-RR HH24:MI:SS FF'),TO_TIMESTAMP('10-SEP-02 17:03:39 123000','DD-Mon-RR HH24:MI:SS FF'));
INSERT INTO Horarios_Sucursales (id_sucursal,id_dia,hora_inicio,hora_fin) VALUES (7,1,TO_TIMESTAMP('10-SEP-02 14:51:14 123000','DD-Mon-RR HH24:MI:SS FF'),TO_TIMESTAMP('10-SEP-02 17:32:44 123000','DD-Mon-RR HH24:MI:SS FF'));
INSERT INTO Horarios_Sucursales (id_sucursal,id_dia,hora_inicio,hora_fin) VALUES (8,1,TO_TIMESTAMP('10-SEP-02 20:50:06 123000','DD-Mon-RR HH24:MI:SS FF'),TO_TIMESTAMP('10-SEP-02 22:53:47 123000','DD-Mon-RR HH24:MI:SS FF'));
INSERT INTO Horarios_Sucursales (id_sucursal,id_dia,hora_inicio,hora_fin) VALUES (9,1,TO_TIMESTAMP('10-SEP-02 03:24:08 123000','DD-Mon-RR HH24:MI:SS FF'),TO_TIMESTAMP('10-SEP-02 18:41:13 123000','DD-Mon-RR HH24:MI:SS FF'));
INSERT INTO Horarios_Sucursales (id_sucursal,id_dia,hora_inicio,hora_fin) VALUES (10,1,TO_TIMESTAMP('10-SEP-02 05:54:40 123000','DD-Mon-RR HH24:MI:SS FF'),TO_TIMESTAMP('10-SEP-02 19:27:04 123000','DD-Mon-RR HH24:MI:SS FF'));
INSERT INTO Horarios_Sucursales (id_sucursal,id_dia,hora_inicio,hora_fin) VALUES (11,1,TO_TIMESTAMP('10-SEP-02 11:55:22 123000','DD-Mon-RR HH24:MI:SS FF'),TO_TIMESTAMP('10-SEP-02 19:58:05 123000','DD-Mon-RR HH24:MI:SS FF'));
INSERT INTO Horarios_Sucursales (id_sucursal,id_dia,hora_inicio,hora_fin) VALUES (12,1,TO_TIMESTAMP('10-SEP-02 01:12:42 123000','DD-Mon-RR HH24:MI:SS FF'),TO_TIMESTAMP('10-SEP-02 10:22:34 123000','DD-Mon-RR HH24:MI:SS FF'));
INSERT INTO Horarios_Sucursales (id_sucursal,id_dia,hora_inicio,hora_fin) VALUES (13,1,TO_TIMESTAMP('10-SEP-02 04:38:24 123000','DD-Mon-RR HH24:MI:SS FF'),TO_TIMESTAMP('10-SEP-02 12:43:40 123000','DD-Mon-RR HH24:MI:SS FF'));
INSERT INTO Horarios_Sucursales (id_sucursal,id_dia,hora_inicio,hora_fin) VALUES (14,1,TO_TIMESTAMP('10-SEP-02 05:42:38 123000','DD-Mon-RR HH24:MI:SS FF'),TO_TIMESTAMP('10-SEP-02 09:24:37 123000','DD-Mon-RR HH24:MI:SS FF'));
INSERT INTO Horarios_Sucursales (id_sucursal,id_dia,hora_inicio,hora_fin) VALUES (15,1,TO_TIMESTAMP('10-SEP-02 10:33:32 123000','DD-Mon-RR HH24:MI:SS FF'),TO_TIMESTAMP('10-SEP-02 11:33:34 123000','DD-Mon-RR HH24:MI:SS FF'));
INSERT INTO Horarios_Sucursales (id_sucursal,id_dia,hora_inicio,hora_fin) VALUES (16,1,TO_TIMESTAMP('10-SEP-02 06:18:01 123000','DD-Mon-RR HH24:MI:SS FF'),TO_TIMESTAMP('10-SEP-02 14:51:51 123000','DD-Mon-RR HH24:MI:SS FF'));
INSERT INTO Horarios_Sucursales (id_sucursal,id_dia,hora_inicio,hora_fin) VALUES (17,1,TO_TIMESTAMP('10-SEP-02 04:07:12 123000','DD-Mon-RR HH24:MI:SS FF'),TO_TIMESTAMP('10-SEP-02 06:07:04 123000','DD-Mon-RR HH24:MI:SS FF'));
INSERT INTO Horarios_Sucursales (id_sucursal,id_dia,hora_inicio,hora_fin) VALUES (18,1,TO_TIMESTAMP('10-SEP-02 10:35:39 123000','DD-Mon-RR HH24:MI:SS FF'),TO_TIMESTAMP('10-SEP-02 23:07:49 123000','DD-Mon-RR HH24:MI:SS FF'));
INSERT INTO Horarios_Sucursales (id_sucursal,id_dia,hora_inicio,hora_fin) VALUES (19,1,TO_TIMESTAMP('10-SEP-02 15:10:41 123000','DD-Mon-RR HH24:MI:SS FF'),TO_TIMESTAMP('10-SEP-02 22:53:41 123000','DD-Mon-RR HH24:MI:SS FF'));
INSERT INTO Horarios_Sucursales (id_sucursal,id_dia,hora_inicio,hora_fin) VALUES (20,1,TO_TIMESTAMP('10-SEP-02 16:39:26 123000','DD-Mon-RR HH24:MI:SS FF'),TO_TIMESTAMP('10-SEP-02 17:01:09 123000','DD-Mon-RR HH24:MI:SS FF'));
INSERT INTO Horarios_Sucursales (id_sucursal,id_dia,hora_inicio,hora_fin) VALUES (21,1,TO_TIMESTAMP('10-SEP-02 08:04:52 123000','DD-Mon-RR HH24:MI:SS FF'),TO_TIMESTAMP('10-SEP-02 10:54:53 123000','DD-Mon-RR HH24:MI:SS FF'));
INSERT INTO Horarios_Sucursales (id_sucursal,id_dia,hora_inicio,hora_fin) VALUES (22,1,TO_TIMESTAMP('10-SEP-02 12:13:52 123000','DD-Mon-RR HH24:MI:SS FF'),TO_TIMESTAMP('10-SEP-02 18:38:38 123000','DD-Mon-RR HH24:MI:SS FF'));
INSERT INTO Horarios_Sucursales (id_sucursal,id_dia,hora_inicio,hora_fin) VALUES (23,1,TO_TIMESTAMP('10-SEP-02 13:21:34 123000','DD-Mon-RR HH24:MI:SS FF'),TO_TIMESTAMP('10-SEP-02 16:37:49 123000','DD-Mon-RR HH24:MI:SS FF'));
INSERT INTO Horarios_Sucursales (id_sucursal,id_dia,hora_inicio,hora_fin) VALUES (24,1,TO_TIMESTAMP('10-SEP-02 13:09:03 123000','DD-Mon-RR HH24:MI:SS FF'),TO_TIMESTAMP('10-SEP-02 13:43:30 123000','DD-Mon-RR HH24:MI:SS FF'));
INSERT INTO Horarios_Sucursales (id_sucursal,id_dia,hora_inicio,hora_fin) VALUES (25,1,TO_TIMESTAMP('10-SEP-02 07:56:38 123000','DD-Mon-RR HH24:MI:SS FF'),TO_TIMESTAMP('10-SEP-02 08:15:52 123000','DD-Mon-RR HH24:MI:SS FF'));
INSERT INTO Horarios_Sucursales (id_sucursal,id_dia,hora_inicio,hora_fin) VALUES (26,1,TO_TIMESTAMP('10-SEP-02 00:51:02 123000','DD-Mon-RR HH24:MI:SS FF'),TO_TIMESTAMP('10-SEP-02 21:08:06 123000','DD-Mon-RR HH24:MI:SS FF'));
INSERT INTO Horarios_Sucursales (id_sucursal,id_dia,hora_inicio,hora_fin) VALUES (27,1,TO_TIMESTAMP('10-SEP-02 09:17:04 123000','DD-Mon-RR HH24:MI:SS FF'),TO_TIMESTAMP('10-SEP-02 20:23:28 123000','DD-Mon-RR HH24:MI:SS FF'));
INSERT INTO Horarios_Sucursales (id_sucursal,id_dia,hora_inicio,hora_fin) VALUES (28,1,TO_TIMESTAMP('10-SEP-02 02:45:04 123000','DD-Mon-RR HH24:MI:SS FF'),TO_TIMESTAMP('10-SEP-02 05:51:12 123000','DD-Mon-RR HH24:MI:SS FF'));
INSERT INTO Horarios_Sucursales (id_sucursal,id_dia,hora_inicio,hora_fin) VALUES (29,1,TO_TIMESTAMP('10-SEP-02 02:14:59 123000','DD-Mon-RR HH24:MI:SS FF'),TO_TIMESTAMP('10-SEP-02 14:11:10 123000','DD-Mon-RR HH24:MI:SS FF'));
INSERT INTO Horarios_Sucursales (id_sucursal,id_dia,hora_inicio,hora_fin) VALUES (30,1,TO_TIMESTAMP('10-SEP-02 03:11:33 123000','DD-Mon-RR HH24:MI:SS FF'),TO_TIMESTAMP('10-SEP-02 08:56:18 123000','DD-Mon-RR HH24:MI:SS FF'));
INSERT INTO Horarios_Sucursales (id_sucursal,id_dia,hora_inicio,hora_fin) VALUES (31,1,TO_TIMESTAMP('10-SEP-02 12:37:42 123000','DD-Mon-RR HH24:MI:SS FF'),TO_TIMESTAMP('10-SEP-02 22:09:44 123000','DD-Mon-RR HH24:MI:SS FF'));
INSERT INTO Horarios_Sucursales (id_sucursal,id_dia,hora_inicio,hora_fin) VALUES (32,1,TO_TIMESTAMP('10-SEP-02 13:38:10 123000','DD-Mon-RR HH24:MI:SS FF'),TO_TIMESTAMP('10-SEP-02 14:53:41 123000','DD-Mon-RR HH24:MI:SS FF'));
INSERT INTO Horarios_Sucursales (id_sucursal,id_dia,hora_inicio,hora_fin) VALUES (33,1,TO_TIMESTAMP('10-SEP-02 06:56:57 123000','DD-Mon-RR HH24:MI:SS FF'),TO_TIMESTAMP('10-SEP-02 17:11:58 123000','DD-Mon-RR HH24:MI:SS FF'));
INSERT INTO Horarios_Sucursales (id_sucursal,id_dia,hora_inicio,hora_fin) VALUES (34,1,TO_TIMESTAMP('10-SEP-02 12:47:06 123000','DD-Mon-RR HH24:MI:SS FF'),TO_TIMESTAMP('10-SEP-02 23:02:18 123000','DD-Mon-RR HH24:MI:SS FF'));
INSERT INTO Horarios_Sucursales (id_sucursal,id_dia,hora_inicio,hora_fin) VALUES (35,1,TO_TIMESTAMP('10-SEP-02 06:43:27 123000','DD-Mon-RR HH24:MI:SS FF'),TO_TIMESTAMP('10-SEP-02 19:35:55 123000','DD-Mon-RR HH24:MI:SS FF'));
INSERT INTO Horarios_Sucursales (id_sucursal,id_dia,hora_inicio,hora_fin) VALUES (36,1,TO_TIMESTAMP('10-SEP-02 05:59:48 123000','DD-Mon-RR HH24:MI:SS FF'),TO_TIMESTAMP('10-SEP-02 06:04:37 123000','DD-Mon-RR HH24:MI:SS FF'));
INSERT INTO Horarios_Sucursales (id_sucursal,id_dia,hora_inicio,hora_fin) VALUES (37,1,TO_TIMESTAMP('10-SEP-02 06:13:22 123000','DD-Mon-RR HH24:MI:SS FF'),TO_TIMESTAMP('10-SEP-02 16:17:44 123000','DD-Mon-RR HH24:MI:SS FF'));
INSERT INTO Horarios_Sucursales (id_sucursal,id_dia,hora_inicio,hora_fin) VALUES (38,1,TO_TIMESTAMP('10-SEP-02 06:25:29 123000','DD-Mon-RR HH24:MI:SS FF'),TO_TIMESTAMP('10-SEP-02 20:10:35 123000','DD-Mon-RR HH24:MI:SS FF'));
INSERT INTO Horarios_Sucursales (id_sucursal,id_dia,hora_inicio,hora_fin) VALUES (39,1,TO_TIMESTAMP('10-SEP-02 01:07:51 123000','DD-Mon-RR HH24:MI:SS FF'),TO_TIMESTAMP('10-SEP-02 18:58:15 123000','DD-Mon-RR HH24:MI:SS FF'));
INSERT INTO Horarios_Sucursales (id_sucursal,id_dia,hora_inicio,hora_fin) VALUES (40,1,TO_TIMESTAMP('10-SEP-02 20:30:46 123000','DD-Mon-RR HH24:MI:SS FF'),TO_TIMESTAMP('10-SEP-02 22:03:34 123000','DD-Mon-RR HH24:MI:SS FF'));
INSERT INTO Horarios_Sucursales (id_sucursal,id_dia,hora_inicio,hora_fin) VALUES (41,1,TO_TIMESTAMP('10-SEP-02 15:01:43 123000','DD-Mon-RR HH24:MI:SS FF'),TO_TIMESTAMP('10-SEP-02 18:29:45 123000','DD-Mon-RR HH24:MI:SS FF'));
INSERT INTO Horarios_Sucursales (id_sucursal,id_dia,hora_inicio,hora_fin) VALUES (42,1,TO_TIMESTAMP('10-SEP-02 18:45:52 123000','DD-Mon-RR HH24:MI:SS FF'),TO_TIMESTAMP('10-SEP-02 20:17:43 123000','DD-Mon-RR HH24:MI:SS FF'));
INSERT INTO Horarios_Sucursales (id_sucursal,id_dia,hora_inicio,hora_fin) VALUES (43,1,TO_TIMESTAMP('10-SEP-02 11:19:21 123000','DD-Mon-RR HH24:MI:SS FF'),TO_TIMESTAMP('10-SEP-02 22:30:39 123000','DD-Mon-RR HH24:MI:SS FF'));
INSERT INTO Horarios_Sucursales (id_sucursal,id_dia,hora_inicio,hora_fin) VALUES (44,1,TO_TIMESTAMP('10-SEP-02 17:08:51 123000','DD-Mon-RR HH24:MI:SS FF'),TO_TIMESTAMP('10-SEP-02 19:16:22 123000','DD-Mon-RR HH24:MI:SS FF'));
INSERT INTO Horarios_Sucursales (id_sucursal,id_dia,hora_inicio,hora_fin) VALUES (45,1,TO_TIMESTAMP('10-SEP-02 01:56:01 123000','DD-Mon-RR HH24:MI:SS FF'),TO_TIMESTAMP('10-SEP-02 05:11:13 123000','DD-Mon-RR HH24:MI:SS FF'));
INSERT INTO Horarios_Sucursales (id_sucursal,id_dia,hora_inicio,hora_fin) VALUES (46,1,TO_TIMESTAMP('10-SEP-02 05:52:07 123000','DD-Mon-RR HH24:MI:SS FF'),TO_TIMESTAMP('10-SEP-02 06:45:11 123000','DD-Mon-RR HH24:MI:SS FF'));
INSERT INTO Horarios_Sucursales (id_sucursal,id_dia,hora_inicio,hora_fin) VALUES (47,1,TO_TIMESTAMP('10-SEP-02 20:51:09 123000','DD-Mon-RR HH24:MI:SS FF'),TO_TIMESTAMP('10-SEP-02 22:24:18 123000','DD-Mon-RR HH24:MI:SS FF'));
INSERT INTO Horarios_Sucursales (id_sucursal,id_dia,hora_inicio,hora_fin) VALUES (48,1,TO_TIMESTAMP('10-SEP-02 08:07:46 123000','DD-Mon-RR HH24:MI:SS FF'),TO_TIMESTAMP('10-SEP-02 15:12:37 123000','DD-Mon-RR HH24:MI:SS FF'));
INSERT INTO Horarios_Sucursales (id_sucursal,id_dia,hora_inicio,hora_fin) VALUES (49,1,TO_TIMESTAMP('10-SEP-02 19:11:04 123000','DD-Mon-RR HH24:MI:SS FF'),TO_TIMESTAMP('10-SEP-02 21:02:52 123000','DD-Mon-RR HH24:MI:SS FF'));
INSERT INTO Horarios_Sucursales (id_sucursal,id_dia,hora_inicio,hora_fin) VALUES (50,1,TO_TIMESTAMP('10-SEP-02 07:37:00 123000','DD-Mon-RR HH24:MI:SS FF'),TO_TIMESTAMP('10-SEP-02 09:40:04 123000','DD-Mon-RR HH24:MI:SS FF'));

INSERT INTO Horarios_Sucursales (id_sucursal,id_dia,hora_inicio,hora_fin) VALUES (1,2,TO_TIMESTAMP('10-SEP-02 06:26:55 123000','DD-Mon-RR HH24:MI:SS FF'),TO_TIMESTAMP('10-SEP-02 23:53:44 123000','DD-Mon-RR HH24:MI:SS FF'));
INSERT INTO Horarios_Sucursales (id_sucursal,id_dia,hora_inicio,hora_fin) VALUES (2,2,TO_TIMESTAMP('10-SEP-02 11:44:59 123000','DD-Mon-RR HH24:MI:SS FF'),TO_TIMESTAMP('10-SEP-02 17:42:25 123000','DD-Mon-RR HH24:MI:SS FF'));
INSERT INTO Horarios_Sucursales (id_sucursal,id_dia,hora_inicio,hora_fin) VALUES (3,2,TO_TIMESTAMP('10-SEP-02 08:30:15 123000','DD-Mon-RR HH24:MI:SS FF'),TO_TIMESTAMP('10-SEP-02 12:20:44 123000','DD-Mon-RR HH24:MI:SS FF'));
INSERT INTO Horarios_Sucursales (id_sucursal,id_dia,hora_inicio,hora_fin) VALUES (4,2,TO_TIMESTAMP('10-SEP-02 03:00:09 123000','DD-Mon-RR HH24:MI:SS FF'),TO_TIMESTAMP('10-SEP-02 12:51:42 123000','DD-Mon-RR HH24:MI:SS FF'));
INSERT INTO Horarios_Sucursales (id_sucursal,id_dia,hora_inicio,hora_fin) VALUES (5,2,TO_TIMESTAMP('10-SEP-02 08:26:15 123000','DD-Mon-RR HH24:MI:SS FF'),TO_TIMESTAMP('10-SEP-02 20:34:19 123000','DD-Mon-RR HH24:MI:SS FF'));
INSERT INTO Horarios_Sucursales (id_sucursal,id_dia,hora_inicio,hora_fin) VALUES (6,2,TO_TIMESTAMP('10-SEP-02 04:25:48 123000','DD-Mon-RR HH24:MI:SS FF'),TO_TIMESTAMP('10-SEP-02 20:07:33 123000','DD-Mon-RR HH24:MI:SS FF'));
INSERT INTO Horarios_Sucursales (id_sucursal,id_dia,hora_inicio,hora_fin) VALUES (7,2,TO_TIMESTAMP('10-SEP-02 12:08:36 123000','DD-Mon-RR HH24:MI:SS FF'),TO_TIMESTAMP('10-SEP-02 17:50:34 123000','DD-Mon-RR HH24:MI:SS FF'));
INSERT INTO Horarios_Sucursales (id_sucursal,id_dia,hora_inicio,hora_fin) VALUES (8,2,TO_TIMESTAMP('10-SEP-02 01:21:37 123000','DD-Mon-RR HH24:MI:SS FF'),TO_TIMESTAMP('10-SEP-02 20:10:28 123000','DD-Mon-RR HH24:MI:SS FF'));
INSERT INTO Horarios_Sucursales (id_sucursal,id_dia,hora_inicio,hora_fin) VALUES (9,2,TO_TIMESTAMP('10-SEP-02 01:18:27 123000','DD-Mon-RR HH24:MI:SS FF'),TO_TIMESTAMP('10-SEP-02 19:13:38 123000','DD-Mon-RR HH24:MI:SS FF'));
INSERT INTO Horarios_Sucursales (id_sucursal,id_dia,hora_inicio,hora_fin) VALUES (10,2,TO_TIMESTAMP('10-SEP-02 03:33:16 123000','DD-Mon-RR HH24:MI:SS FF'),TO_TIMESTAMP('10-SEP-02 07:37:20 123000','DD-Mon-RR HH24:MI:SS FF'));
INSERT INTO Horarios_Sucursales (id_sucursal,id_dia,hora_inicio,hora_fin) VALUES (11,2,TO_TIMESTAMP('10-SEP-02 11:55:54 123000','DD-Mon-RR HH24:MI:SS FF'),TO_TIMESTAMP('10-SEP-02 17:45:58 123000','DD-Mon-RR HH24:MI:SS FF'));
INSERT INTO Horarios_Sucursales (id_sucursal,id_dia,hora_inicio,hora_fin) VALUES (12,2,TO_TIMESTAMP('10-SEP-02 10:24:24 123000','DD-Mon-RR HH24:MI:SS FF'),TO_TIMESTAMP('10-SEP-02 17:43:31 123000','DD-Mon-RR HH24:MI:SS FF'));
INSERT INTO Horarios_Sucursales (id_sucursal,id_dia,hora_inicio,hora_fin) VALUES (13,2,TO_TIMESTAMP('10-SEP-02 13:03:37 123000','DD-Mon-RR HH24:MI:SS FF'),TO_TIMESTAMP('10-SEP-02 16:50:08 123000','DD-Mon-RR HH24:MI:SS FF'));
INSERT INTO Horarios_Sucursales (id_sucursal,id_dia,hora_inicio,hora_fin) VALUES (14,2,TO_TIMESTAMP('10-SEP-02 14:45:58 123000','DD-Mon-RR HH24:MI:SS FF'),TO_TIMESTAMP('10-SEP-02 16:06:59 123000','DD-Mon-RR HH24:MI:SS FF'));
INSERT INTO Horarios_Sucursales (id_sucursal,id_dia,hora_inicio,hora_fin) VALUES (15,2,TO_TIMESTAMP('10-SEP-02 03:13:12 123000','DD-Mon-RR HH24:MI:SS FF'),TO_TIMESTAMP('10-SEP-02 17:40:23 123000','DD-Mon-RR HH24:MI:SS FF'));
INSERT INTO Horarios_Sucursales (id_sucursal,id_dia,hora_inicio,hora_fin) VALUES (16,2,TO_TIMESTAMP('10-SEP-02 10:54:49 123000','DD-Mon-RR HH24:MI:SS FF'),TO_TIMESTAMP('10-SEP-02 14:32:07 123000','DD-Mon-RR HH24:MI:SS FF'));
INSERT INTO Horarios_Sucursales (id_sucursal,id_dia,hora_inicio,hora_fin) VALUES (17,2,TO_TIMESTAMP('10-SEP-02 03:14:45 123000','DD-Mon-RR HH24:MI:SS FF'),TO_TIMESTAMP('10-SEP-02 16:55:35 123000','DD-Mon-RR HH24:MI:SS FF'));
INSERT INTO Horarios_Sucursales (id_sucursal,id_dia,hora_inicio,hora_fin) VALUES (18,2,TO_TIMESTAMP('10-SEP-02 00:24:18 123000','DD-Mon-RR HH24:MI:SS FF'),TO_TIMESTAMP('10-SEP-02 14:38:26 123000','DD-Mon-RR HH24:MI:SS FF'));
INSERT INTO Horarios_Sucursales (id_sucursal,id_dia,hora_inicio,hora_fin) VALUES (19,2,TO_TIMESTAMP('10-SEP-02 00:30:13 123000','DD-Mon-RR HH24:MI:SS FF'),TO_TIMESTAMP('10-SEP-02 08:31:53 123000','DD-Mon-RR HH24:MI:SS FF'));
INSERT INTO Horarios_Sucursales (id_sucursal,id_dia,hora_inicio,hora_fin) VALUES (20,2,TO_TIMESTAMP('10-SEP-02 10:36:27 123000','DD-Mon-RR HH24:MI:SS FF'),TO_TIMESTAMP('10-SEP-02 20:47:28 123000','DD-Mon-RR HH24:MI:SS FF'));
INSERT INTO Horarios_Sucursales (id_sucursal,id_dia,hora_inicio,hora_fin) VALUES (21,2,TO_TIMESTAMP('10-SEP-02 04:19:57 123000','DD-Mon-RR HH24:MI:SS FF'),TO_TIMESTAMP('10-SEP-02 17:23:20 123000','DD-Mon-RR HH24:MI:SS FF'));
INSERT INTO Horarios_Sucursales (id_sucursal,id_dia,hora_inicio,hora_fin) VALUES (22,2,TO_TIMESTAMP('10-SEP-02 05:35:32 123000','DD-Mon-RR HH24:MI:SS FF'),TO_TIMESTAMP('10-SEP-02 17:40:24 123000','DD-Mon-RR HH24:MI:SS FF'));
INSERT INTO Horarios_Sucursales (id_sucursal,id_dia,hora_inicio,hora_fin) VALUES (23,2,TO_TIMESTAMP('10-SEP-02 19:39:08 123000','DD-Mon-RR HH24:MI:SS FF'),TO_TIMESTAMP('10-SEP-02 21:01:10 123000','DD-Mon-RR HH24:MI:SS FF'));
INSERT INTO Horarios_Sucursales (id_sucursal,id_dia,hora_inicio,hora_fin) VALUES (24,2,TO_TIMESTAMP('10-SEP-02 11:39:46 123000','DD-Mon-RR HH24:MI:SS FF'),TO_TIMESTAMP('10-SEP-02 20:03:42 123000','DD-Mon-RR HH24:MI:SS FF'));
INSERT INTO Horarios_Sucursales (id_sucursal,id_dia,hora_inicio,hora_fin) VALUES (25,2,TO_TIMESTAMP('10-SEP-02 02:47:08 123000','DD-Mon-RR HH24:MI:SS FF'),TO_TIMESTAMP('10-SEP-02 18:39:35 123000','DD-Mon-RR HH24:MI:SS FF'));
INSERT INTO Horarios_Sucursales (id_sucursal,id_dia,hora_inicio,hora_fin) VALUES (26,2,TO_TIMESTAMP('10-SEP-02 12:15:20 123000','DD-Mon-RR HH24:MI:SS FF'),TO_TIMESTAMP('10-SEP-02 18:50:24 123000','DD-Mon-RR HH24:MI:SS FF'));
INSERT INTO Horarios_Sucursales (id_sucursal,id_dia,hora_inicio,hora_fin) VALUES (27,2,TO_TIMESTAMP('10-SEP-02 06:05:36 123000','DD-Mon-RR HH24:MI:SS FF'),TO_TIMESTAMP('10-SEP-02 06:36:42 123000','DD-Mon-RR HH24:MI:SS FF'));
INSERT INTO Horarios_Sucursales (id_sucursal,id_dia,hora_inicio,hora_fin) VALUES (28,2,TO_TIMESTAMP('10-SEP-02 15:02:02 123000','DD-Mon-RR HH24:MI:SS FF'),TO_TIMESTAMP('10-SEP-02 17:41:10 123000','DD-Mon-RR HH24:MI:SS FF'));
INSERT INTO Horarios_Sucursales (id_sucursal,id_dia,hora_inicio,hora_fin) VALUES (29,2,TO_TIMESTAMP('10-SEP-02 02:55:02 123000','DD-Mon-RR HH24:MI:SS FF'),TO_TIMESTAMP('10-SEP-02 02:57:12 123000','DD-Mon-RR HH24:MI:SS FF'));
INSERT INTO Horarios_Sucursales (id_sucursal,id_dia,hora_inicio,hora_fin) VALUES (30,2,TO_TIMESTAMP('10-SEP-02 18:15:52 123000','DD-Mon-RR HH24:MI:SS FF'),TO_TIMESTAMP('10-SEP-02 23:16:05 123000','DD-Mon-RR HH24:MI:SS FF'));
INSERT INTO Horarios_Sucursales (id_sucursal,id_dia,hora_inicio,hora_fin) VALUES (31,2,TO_TIMESTAMP('10-SEP-02 04:56:26 123000','DD-Mon-RR HH24:MI:SS FF'),TO_TIMESTAMP('10-SEP-02 11:30:38 123000','DD-Mon-RR HH24:MI:SS FF'));
INSERT INTO Horarios_Sucursales (id_sucursal,id_dia,hora_inicio,hora_fin) VALUES (32,2,TO_TIMESTAMP('10-SEP-02 11:50:22 123000','DD-Mon-RR HH24:MI:SS FF'),TO_TIMESTAMP('10-SEP-02 14:25:39 123000','DD-Mon-RR HH24:MI:SS FF'));
INSERT INTO Horarios_Sucursales (id_sucursal,id_dia,hora_inicio,hora_fin) VALUES (33,2,TO_TIMESTAMP('10-SEP-02 04:42:21 123000','DD-Mon-RR HH24:MI:SS FF'),TO_TIMESTAMP('10-SEP-02 14:32:18 123000','DD-Mon-RR HH24:MI:SS FF'));
INSERT INTO Horarios_Sucursales (id_sucursal,id_dia,hora_inicio,hora_fin) VALUES (34,2,TO_TIMESTAMP('10-SEP-02 08:42:02 123000','DD-Mon-RR HH24:MI:SS FF'),TO_TIMESTAMP('10-SEP-02 15:54:39 123000','DD-Mon-RR HH24:MI:SS FF'));
INSERT INTO Horarios_Sucursales (id_sucursal,id_dia,hora_inicio,hora_fin) VALUES (35,2,TO_TIMESTAMP('10-SEP-02 02:28:26 123000','DD-Mon-RR HH24:MI:SS FF'),TO_TIMESTAMP('10-SEP-02 14:15:56 123000','DD-Mon-RR HH24:MI:SS FF'));
INSERT INTO Horarios_Sucursales (id_sucursal,id_dia,hora_inicio,hora_fin) VALUES (36,2,TO_TIMESTAMP('10-SEP-02 01:53:29 123000','DD-Mon-RR HH24:MI:SS FF'),TO_TIMESTAMP('10-SEP-02 08:15:32 123000','DD-Mon-RR HH24:MI:SS FF'));
INSERT INTO Horarios_Sucursales (id_sucursal,id_dia,hora_inicio,hora_fin) VALUES (37,2,TO_TIMESTAMP('10-SEP-02 13:20:23 123000','DD-Mon-RR HH24:MI:SS FF'),TO_TIMESTAMP('10-SEP-02 16:34:40 123000','DD-Mon-RR HH24:MI:SS FF'));
INSERT INTO Horarios_Sucursales (id_sucursal,id_dia,hora_inicio,hora_fin) VALUES (38,2,TO_TIMESTAMP('10-SEP-02 11:41:06 123000','DD-Mon-RR HH24:MI:SS FF'),TO_TIMESTAMP('10-SEP-02 22:47:18 123000','DD-Mon-RR HH24:MI:SS FF'));
INSERT INTO Horarios_Sucursales (id_sucursal,id_dia,hora_inicio,hora_fin) VALUES (39,2,TO_TIMESTAMP('10-SEP-02 04:41:17 123000','DD-Mon-RR HH24:MI:SS FF'),TO_TIMESTAMP('10-SEP-02 20:41:08 123000','DD-Mon-RR HH24:MI:SS FF'));
INSERT INTO Horarios_Sucursales (id_sucursal,id_dia,hora_inicio,hora_fin) VALUES (40,2,TO_TIMESTAMP('10-SEP-02 00:10:40 123000','DD-Mon-RR HH24:MI:SS FF'),TO_TIMESTAMP('10-SEP-02 13:26:15 123000','DD-Mon-RR HH24:MI:SS FF'));
INSERT INTO Horarios_Sucursales (id_sucursal,id_dia,hora_inicio,hora_fin) VALUES (41,2,TO_TIMESTAMP('10-SEP-02 20:55:14 123000','DD-Mon-RR HH24:MI:SS FF'),TO_TIMESTAMP('10-SEP-02 23:24:55 123000','DD-Mon-RR HH24:MI:SS FF'));
INSERT INTO Horarios_Sucursales (id_sucursal,id_dia,hora_inicio,hora_fin) VALUES (42,2,TO_TIMESTAMP('10-SEP-02 10:35:26 123000','DD-Mon-RR HH24:MI:SS FF'),TO_TIMESTAMP('10-SEP-02 20:07:19 123000','DD-Mon-RR HH24:MI:SS FF'));
INSERT INTO Horarios_Sucursales (id_sucursal,id_dia,hora_inicio,hora_fin) VALUES (43,2,TO_TIMESTAMP('10-SEP-02 05:50:39 123000','DD-Mon-RR HH24:MI:SS FF'),TO_TIMESTAMP('10-SEP-02 08:36:05 123000','DD-Mon-RR HH24:MI:SS FF'));
INSERT INTO Horarios_Sucursales (id_sucursal,id_dia,hora_inicio,hora_fin) VALUES (44,2,TO_TIMESTAMP('10-SEP-02 01:40:40 123000','DD-Mon-RR HH24:MI:SS FF'),TO_TIMESTAMP('10-SEP-02 18:58:06 123000','DD-Mon-RR HH24:MI:SS FF'));
INSERT INTO Horarios_Sucursales (id_sucursal,id_dia,hora_inicio,hora_fin) VALUES (45,2,TO_TIMESTAMP('10-SEP-02 20:04:29 123000','DD-Mon-RR HH24:MI:SS FF'),TO_TIMESTAMP('10-SEP-02 20:19:19 123000','DD-Mon-RR HH24:MI:SS FF'));
INSERT INTO Horarios_Sucursales (id_sucursal,id_dia,hora_inicio,hora_fin) VALUES (46,2,TO_TIMESTAMP('10-SEP-02 11:56:51 123000','DD-Mon-RR HH24:MI:SS FF'),TO_TIMESTAMP('10-SEP-02 19:11:58 123000','DD-Mon-RR HH24:MI:SS FF'));
INSERT INTO Horarios_Sucursales (id_sucursal,id_dia,hora_inicio,hora_fin) VALUES (47,2,TO_TIMESTAMP('10-SEP-02 08:28:28 123000','DD-Mon-RR HH24:MI:SS FF'),TO_TIMESTAMP('10-SEP-02 11:03:29 123000','DD-Mon-RR HH24:MI:SS FF'));
INSERT INTO Horarios_Sucursales (id_sucursal,id_dia,hora_inicio,hora_fin) VALUES (48,2,TO_TIMESTAMP('10-SEP-02 03:47:14 123000','DD-Mon-RR HH24:MI:SS FF'),TO_TIMESTAMP('10-SEP-02 07:27:39 123000','DD-Mon-RR HH24:MI:SS FF'));
INSERT INTO Horarios_Sucursales (id_sucursal,id_dia,hora_inicio,hora_fin) VALUES (49,2,TO_TIMESTAMP('10-SEP-02 04:19:34 123000','DD-Mon-RR HH24:MI:SS FF'),TO_TIMESTAMP('10-SEP-02 11:14:59 123000','DD-Mon-RR HH24:MI:SS FF'));
INSERT INTO Horarios_Sucursales (id_sucursal,id_dia,hora_inicio,hora_fin) VALUES (50,2,TO_TIMESTAMP('10-SEP-02 16:15:38 123000','DD-Mon-RR HH24:MI:SS FF'),TO_TIMESTAMP('10-SEP-02 18:02:11 123000','DD-Mon-RR HH24:MI:SS FF'));

INSERT INTO Horarios_Sucursales (id_sucursal,id_dia,hora_inicio,hora_fin) VALUES (1,3,TO_TIMESTAMP('10-SEP-02 00:07:01 123000','DD-Mon-RR HH24:MI:SS FF'),TO_TIMESTAMP('10-SEP-02 04:28:16 123000','DD-Mon-RR HH24:MI:SS FF'));
INSERT INTO Horarios_Sucursales (id_sucursal,id_dia,hora_inicio,hora_fin) VALUES (2,3,TO_TIMESTAMP('10-SEP-02 04:37:45 123000','DD-Mon-RR HH24:MI:SS FF'),TO_TIMESTAMP('10-SEP-02 22:58:30 123000','DD-Mon-RR HH24:MI:SS FF'));
INSERT INTO Horarios_Sucursales (id_sucursal,id_dia,hora_inicio,hora_fin) VALUES (3,3,TO_TIMESTAMP('10-SEP-02 04:00:35 123000','DD-Mon-RR HH24:MI:SS FF'),TO_TIMESTAMP('10-SEP-02 18:07:28 123000','DD-Mon-RR HH24:MI:SS FF'));
INSERT INTO Horarios_Sucursales (id_sucursal,id_dia,hora_inicio,hora_fin) VALUES (4,3,TO_TIMESTAMP('10-SEP-02 18:21:47 123000','DD-Mon-RR HH24:MI:SS FF'),TO_TIMESTAMP('10-SEP-02 22:47:46 123000','DD-Mon-RR HH24:MI:SS FF'));
INSERT INTO Horarios_Sucursales (id_sucursal,id_dia,hora_inicio,hora_fin) VALUES (5,3,TO_TIMESTAMP('10-SEP-02 02:55:43 123000','DD-Mon-RR HH24:MI:SS FF'),TO_TIMESTAMP('10-SEP-02 13:44:38 123000','DD-Mon-RR HH24:MI:SS FF'));
INSERT INTO Horarios_Sucursales (id_sucursal,id_dia,hora_inicio,hora_fin) VALUES (6,3,TO_TIMESTAMP('10-SEP-02 12:13:50 123000','DD-Mon-RR HH24:MI:SS FF'),TO_TIMESTAMP('10-SEP-02 17:46:12 123000','DD-Mon-RR HH24:MI:SS FF'));
INSERT INTO Horarios_Sucursales (id_sucursal,id_dia,hora_inicio,hora_fin) VALUES (7,3,TO_TIMESTAMP('10-SEP-02 09:34:58 123000','DD-Mon-RR HH24:MI:SS FF'),TO_TIMESTAMP('10-SEP-02 21:34:28 123000','DD-Mon-RR HH24:MI:SS FF'));
INSERT INTO Horarios_Sucursales (id_sucursal,id_dia,hora_inicio,hora_fin) VALUES (8,3,TO_TIMESTAMP('10-SEP-02 06:29:28 123000','DD-Mon-RR HH24:MI:SS FF'),TO_TIMESTAMP('10-SEP-02 18:59:22 123000','DD-Mon-RR HH24:MI:SS FF'));
INSERT INTO Horarios_Sucursales (id_sucursal,id_dia,hora_inicio,hora_fin) VALUES (9,3,TO_TIMESTAMP('10-SEP-02 17:22:03 123000','DD-Mon-RR HH24:MI:SS FF'),TO_TIMESTAMP('10-SEP-02 20:40:53 123000','DD-Mon-RR HH24:MI:SS FF'));
INSERT INTO Horarios_Sucursales (id_sucursal,id_dia,hora_inicio,hora_fin) VALUES (10,3,TO_TIMESTAMP('10-SEP-02 00:50:28 123000','DD-Mon-RR HH24:MI:SS FF'),TO_TIMESTAMP('10-SEP-02 05:33:23 123000','DD-Mon-RR HH24:MI:SS FF'));
INSERT INTO Horarios_Sucursales (id_sucursal,id_dia,hora_inicio,hora_fin) VALUES (11,3,TO_TIMESTAMP('10-SEP-02 02:41:44 123000','DD-Mon-RR HH24:MI:SS FF'),TO_TIMESTAMP('10-SEP-02 11:25:27 123000','DD-Mon-RR HH24:MI:SS FF'));
INSERT INTO Horarios_Sucursales (id_sucursal,id_dia,hora_inicio,hora_fin) VALUES (12,3,TO_TIMESTAMP('10-SEP-02 01:09:43 123000','DD-Mon-RR HH24:MI:SS FF'),TO_TIMESTAMP('10-SEP-02 22:43:50 123000','DD-Mon-RR HH24:MI:SS FF'));
INSERT INTO Horarios_Sucursales (id_sucursal,id_dia,hora_inicio,hora_fin) VALUES (13,3,TO_TIMESTAMP('10-SEP-02 04:04:06 123000','DD-Mon-RR HH24:MI:SS FF'),TO_TIMESTAMP('10-SEP-02 23:46:31 123000','DD-Mon-RR HH24:MI:SS FF'));
INSERT INTO Horarios_Sucursales (id_sucursal,id_dia,hora_inicio,hora_fin) VALUES (14,3,TO_TIMESTAMP('10-SEP-02 07:19:17 123000','DD-Mon-RR HH24:MI:SS FF'),TO_TIMESTAMP('10-SEP-02 16:31:24 123000','DD-Mon-RR HH24:MI:SS FF'));
INSERT INTO Horarios_Sucursales (id_sucursal,id_dia,hora_inicio,hora_fin) VALUES (15,3,TO_TIMESTAMP('10-SEP-02 01:13:18 123000','DD-Mon-RR HH24:MI:SS FF'),TO_TIMESTAMP('10-SEP-02 13:44:03 123000','DD-Mon-RR HH24:MI:SS FF'));
INSERT INTO Horarios_Sucursales (id_sucursal,id_dia,hora_inicio,hora_fin) VALUES (16,3,TO_TIMESTAMP('10-SEP-02 14:43:53 123000','DD-Mon-RR HH24:MI:SS FF'),TO_TIMESTAMP('10-SEP-02 18:29:49 123000','DD-Mon-RR HH24:MI:SS FF'));
INSERT INTO Horarios_Sucursales (id_sucursal,id_dia,hora_inicio,hora_fin) VALUES (17,3,TO_TIMESTAMP('10-SEP-02 02:05:28 123000','DD-Mon-RR HH24:MI:SS FF'),TO_TIMESTAMP('10-SEP-02 19:35:13 123000','DD-Mon-RR HH24:MI:SS FF'));
INSERT INTO Horarios_Sucursales (id_sucursal,id_dia,hora_inicio,hora_fin) VALUES (18,3,TO_TIMESTAMP('10-SEP-02 00:18:16 123000','DD-Mon-RR HH24:MI:SS FF'),TO_TIMESTAMP('10-SEP-02 04:29:16 123000','DD-Mon-RR HH24:MI:SS FF'));
INSERT INTO Horarios_Sucursales (id_sucursal,id_dia,hora_inicio,hora_fin) VALUES (19,3,TO_TIMESTAMP('10-SEP-02 05:37:04 123000','DD-Mon-RR HH24:MI:SS FF'),TO_TIMESTAMP('10-SEP-02 18:25:45 123000','DD-Mon-RR HH24:MI:SS FF'));
INSERT INTO Horarios_Sucursales (id_sucursal,id_dia,hora_inicio,hora_fin) VALUES (20,3,TO_TIMESTAMP('10-SEP-02 05:32:19 123000','DD-Mon-RR HH24:MI:SS FF'),TO_TIMESTAMP('10-SEP-02 07:12:21 123000','DD-Mon-RR HH24:MI:SS FF'));
INSERT INTO Horarios_Sucursales (id_sucursal,id_dia,hora_inicio,hora_fin) VALUES (21,3,TO_TIMESTAMP('10-SEP-02 09:22:54 123000','DD-Mon-RR HH24:MI:SS FF'),TO_TIMESTAMP('10-SEP-02 23:00:25 123000','DD-Mon-RR HH24:MI:SS FF'));
INSERT INTO Horarios_Sucursales (id_sucursal,id_dia,hora_inicio,hora_fin) VALUES (22,3,TO_TIMESTAMP('10-SEP-02 06:36:27 123000','DD-Mon-RR HH24:MI:SS FF'),TO_TIMESTAMP('10-SEP-02 07:25:28 123000','DD-Mon-RR HH24:MI:SS FF'));
INSERT INTO Horarios_Sucursales (id_sucursal,id_dia,hora_inicio,hora_fin) VALUES (23,3,TO_TIMESTAMP('10-SEP-02 08:09:39 123000','DD-Mon-RR HH24:MI:SS FF'),TO_TIMESTAMP('10-SEP-02 14:23:41 123000','DD-Mon-RR HH24:MI:SS FF'));
INSERT INTO Horarios_Sucursales (id_sucursal,id_dia,hora_inicio,hora_fin) VALUES (24,3,TO_TIMESTAMP('10-SEP-02 01:25:32 123000','DD-Mon-RR HH24:MI:SS FF'),TO_TIMESTAMP('10-SEP-02 05:05:29 123000','DD-Mon-RR HH24:MI:SS FF'));
INSERT INTO Horarios_Sucursales (id_sucursal,id_dia,hora_inicio,hora_fin) VALUES (25,3,TO_TIMESTAMP('10-SEP-02 07:18:21 123000','DD-Mon-RR HH24:MI:SS FF'),TO_TIMESTAMP('10-SEP-02 13:02:17 123000','DD-Mon-RR HH24:MI:SS FF'));
INSERT INTO Horarios_Sucursales (id_sucursal,id_dia,hora_inicio,hora_fin) VALUES (26,3,TO_TIMESTAMP('10-SEP-02 06:12:19 123000','DD-Mon-RR HH24:MI:SS FF'),TO_TIMESTAMP('10-SEP-02 17:41:13 123000','DD-Mon-RR HH24:MI:SS FF'));
INSERT INTO Horarios_Sucursales (id_sucursal,id_dia,hora_inicio,hora_fin) VALUES (27,3,TO_TIMESTAMP('10-SEP-02 07:12:46 123000','DD-Mon-RR HH24:MI:SS FF'),TO_TIMESTAMP('10-SEP-02 18:27:47 123000','DD-Mon-RR HH24:MI:SS FF'));
INSERT INTO Horarios_Sucursales (id_sucursal,id_dia,hora_inicio,hora_fin) VALUES (28,3,TO_TIMESTAMP('10-SEP-02 18:18:53 123000','DD-Mon-RR HH24:MI:SS FF'),TO_TIMESTAMP('10-SEP-02 20:50:38 123000','DD-Mon-RR HH24:MI:SS FF'));
INSERT INTO Horarios_Sucursales (id_sucursal,id_dia,hora_inicio,hora_fin) VALUES (29,3,TO_TIMESTAMP('10-SEP-02 10:18:46 123000','DD-Mon-RR HH24:MI:SS FF'),TO_TIMESTAMP('10-SEP-02 13:54:54 123000','DD-Mon-RR HH24:MI:SS FF'));
INSERT INTO Horarios_Sucursales (id_sucursal,id_dia,hora_inicio,hora_fin) VALUES (30,3,TO_TIMESTAMP('10-SEP-02 20:16:03 123000','DD-Mon-RR HH24:MI:SS FF'),TO_TIMESTAMP('10-SEP-02 22:18:49 123000','DD-Mon-RR HH24:MI:SS FF'));
INSERT INTO Horarios_Sucursales (id_sucursal,id_dia,hora_inicio,hora_fin) VALUES (31,3,TO_TIMESTAMP('10-SEP-02 15:17:03 123000','DD-Mon-RR HH24:MI:SS FF'),TO_TIMESTAMP('10-SEP-02 15:55:58 123000','DD-Mon-RR HH24:MI:SS FF'));
INSERT INTO Horarios_Sucursales (id_sucursal,id_dia,hora_inicio,hora_fin) VALUES (32,3,TO_TIMESTAMP('10-SEP-02 00:02:28 123000','DD-Mon-RR HH24:MI:SS FF'),TO_TIMESTAMP('10-SEP-02 02:44:37 123000','DD-Mon-RR HH24:MI:SS FF'));
INSERT INTO Horarios_Sucursales (id_sucursal,id_dia,hora_inicio,hora_fin) VALUES (33,3,TO_TIMESTAMP('10-SEP-02 06:47:27 123000','DD-Mon-RR HH24:MI:SS FF'),TO_TIMESTAMP('10-SEP-02 11:34:03 123000','DD-Mon-RR HH24:MI:SS FF'));
INSERT INTO Horarios_Sucursales (id_sucursal,id_dia,hora_inicio,hora_fin) VALUES (34,3,TO_TIMESTAMP('10-SEP-02 03:00:53 123000','DD-Mon-RR HH24:MI:SS FF'),TO_TIMESTAMP('10-SEP-02 11:39:05 123000','DD-Mon-RR HH24:MI:SS FF'));
INSERT INTO Horarios_Sucursales (id_sucursal,id_dia,hora_inicio,hora_fin) VALUES (35,3,TO_TIMESTAMP('10-SEP-02 03:11:36 123000','DD-Mon-RR HH24:MI:SS FF'),TO_TIMESTAMP('10-SEP-02 19:08:31 123000','DD-Mon-RR HH24:MI:SS FF'));
INSERT INTO Horarios_Sucursales (id_sucursal,id_dia,hora_inicio,hora_fin) VALUES (36,3,TO_TIMESTAMP('10-SEP-02 09:50:37 123000','DD-Mon-RR HH24:MI:SS FF'),TO_TIMESTAMP('10-SEP-02 14:59:09 123000','DD-Mon-RR HH24:MI:SS FF'));
INSERT INTO Horarios_Sucursales (id_sucursal,id_dia,hora_inicio,hora_fin) VALUES (37,3,TO_TIMESTAMP('10-SEP-02 10:51:59 123000','DD-Mon-RR HH24:MI:SS FF'),TO_TIMESTAMP('10-SEP-02 13:28:10 123000','DD-Mon-RR HH24:MI:SS FF'));
INSERT INTO Horarios_Sucursales (id_sucursal,id_dia,hora_inicio,hora_fin) VALUES (38,3,TO_TIMESTAMP('10-SEP-02 10:33:19 123000','DD-Mon-RR HH24:MI:SS FF'),TO_TIMESTAMP('10-SEP-02 23:48:24 123000','DD-Mon-RR HH24:MI:SS FF'));
INSERT INTO Horarios_Sucursales (id_sucursal,id_dia,hora_inicio,hora_fin) VALUES (39,3,TO_TIMESTAMP('10-SEP-02 04:36:12 123000','DD-Mon-RR HH24:MI:SS FF'),TO_TIMESTAMP('10-SEP-02 17:32:46 123000','DD-Mon-RR HH24:MI:SS FF'));
INSERT INTO Horarios_Sucursales (id_sucursal,id_dia,hora_inicio,hora_fin) VALUES (40,3,TO_TIMESTAMP('10-SEP-02 06:27:37 123000','DD-Mon-RR HH24:MI:SS FF'),TO_TIMESTAMP('10-SEP-02 08:40:31 123000','DD-Mon-RR HH24:MI:SS FF'));
INSERT INTO Horarios_Sucursales (id_sucursal,id_dia,hora_inicio,hora_fin) VALUES (41,3,TO_TIMESTAMP('10-SEP-02 01:55:00 123000','DD-Mon-RR HH24:MI:SS FF'),TO_TIMESTAMP('10-SEP-02 21:19:59 123000','DD-Mon-RR HH24:MI:SS FF'));
INSERT INTO Horarios_Sucursales (id_sucursal,id_dia,hora_inicio,hora_fin) VALUES (42,3,TO_TIMESTAMP('10-SEP-02 11:12:35 123000','DD-Mon-RR HH24:MI:SS FF'),TO_TIMESTAMP('10-SEP-02 22:54:04 123000','DD-Mon-RR HH24:MI:SS FF'));
INSERT INTO Horarios_Sucursales (id_sucursal,id_dia,hora_inicio,hora_fin) VALUES (43,3,TO_TIMESTAMP('10-SEP-02 12:49:39 123000','DD-Mon-RR HH24:MI:SS FF'),TO_TIMESTAMP('10-SEP-02 13:22:03 123000','DD-Mon-RR HH24:MI:SS FF'));
INSERT INTO Horarios_Sucursales (id_sucursal,id_dia,hora_inicio,hora_fin) VALUES (44,3,TO_TIMESTAMP('10-SEP-02 18:28:44 123000','DD-Mon-RR HH24:MI:SS FF'),TO_TIMESTAMP('10-SEP-02 20:31:54 123000','DD-Mon-RR HH24:MI:SS FF'));
INSERT INTO Horarios_Sucursales (id_sucursal,id_dia,hora_inicio,hora_fin) VALUES (45,3,TO_TIMESTAMP('10-SEP-02 12:05:29 123000','DD-Mon-RR HH24:MI:SS FF'),TO_TIMESTAMP('10-SEP-02 14:41:45 123000','DD-Mon-RR HH24:MI:SS FF'));
INSERT INTO Horarios_Sucursales (id_sucursal,id_dia,hora_inicio,hora_fin) VALUES (46,3,TO_TIMESTAMP('10-SEP-02 12:26:15 123000','DD-Mon-RR HH24:MI:SS FF'),TO_TIMESTAMP('10-SEP-02 19:07:10 123000','DD-Mon-RR HH24:MI:SS FF'));
INSERT INTO Horarios_Sucursales (id_sucursal,id_dia,hora_inicio,hora_fin) VALUES (47,3,TO_TIMESTAMP('10-SEP-02 06:19:40 123000','DD-Mon-RR HH24:MI:SS FF'),TO_TIMESTAMP('10-SEP-02 12:16:40 123000','DD-Mon-RR HH24:MI:SS FF'));
INSERT INTO Horarios_Sucursales (id_sucursal,id_dia,hora_inicio,hora_fin) VALUES (48,3,TO_TIMESTAMP('10-SEP-02 03:06:12 123000','DD-Mon-RR HH24:MI:SS FF'),TO_TIMESTAMP('10-SEP-02 16:22:15 123000','DD-Mon-RR HH24:MI:SS FF'));
INSERT INTO Horarios_Sucursales (id_sucursal,id_dia,hora_inicio,hora_fin) VALUES (49,3,TO_TIMESTAMP('10-SEP-02 17:58:48 123000','DD-Mon-RR HH24:MI:SS FF'),TO_TIMESTAMP('10-SEP-02 18:01:07 123000','DD-Mon-RR HH24:MI:SS FF'));
INSERT INTO Horarios_Sucursales (id_sucursal,id_dia,hora_inicio,hora_fin) VALUES (50,3,TO_TIMESTAMP('10-SEP-02 18:27:16 123000','DD-Mon-RR HH24:MI:SS FF'),TO_TIMESTAMP('10-SEP-02 19:27:30 123000','DD-Mon-RR HH24:MI:SS FF'));

INSERT INTO Horarios_Sucursales (id_sucursal,id_dia,hora_inicio,hora_fin) VALUES (1,4,TO_TIMESTAMP('10-SEP-02 06:45:33 123000','DD-Mon-RR HH24:MI:SS FF'),TO_TIMESTAMP('10-SEP-02 07:12:32 123000','DD-Mon-RR HH24:MI:SS FF'));
INSERT INTO Horarios_Sucursales (id_sucursal,id_dia,hora_inicio,hora_fin) VALUES (2,4,TO_TIMESTAMP('10-SEP-02 04:16:23 123000','DD-Mon-RR HH24:MI:SS FF'),TO_TIMESTAMP('10-SEP-02 23:25:41 123000','DD-Mon-RR HH24:MI:SS FF'));
INSERT INTO Horarios_Sucursales (id_sucursal,id_dia,hora_inicio,hora_fin) VALUES (3,4,TO_TIMESTAMP('10-SEP-02 12:24:39 123000','DD-Mon-RR HH24:MI:SS FF'),TO_TIMESTAMP('10-SEP-02 23:22:45 123000','DD-Mon-RR HH24:MI:SS FF'));
INSERT INTO Horarios_Sucursales (id_sucursal,id_dia,hora_inicio,hora_fin) VALUES (4,4,TO_TIMESTAMP('10-SEP-02 12:36:02 123000','DD-Mon-RR HH24:MI:SS FF'),TO_TIMESTAMP('10-SEP-02 13:16:21 123000','DD-Mon-RR HH24:MI:SS FF'));
INSERT INTO Horarios_Sucursales (id_sucursal,id_dia,hora_inicio,hora_fin) VALUES (5,4,TO_TIMESTAMP('10-SEP-02 18:24:58 123000','DD-Mon-RR HH24:MI:SS FF'),TO_TIMESTAMP('10-SEP-02 23:46:18 123000','DD-Mon-RR HH24:MI:SS FF'));
INSERT INTO Horarios_Sucursales (id_sucursal,id_dia,hora_inicio,hora_fin) VALUES (6,4,TO_TIMESTAMP('10-SEP-02 06:25:35 123000','DD-Mon-RR HH24:MI:SS FF'),TO_TIMESTAMP('10-SEP-02 13:09:53 123000','DD-Mon-RR HH24:MI:SS FF'));
INSERT INTO Horarios_Sucursales (id_sucursal,id_dia,hora_inicio,hora_fin) VALUES (7,4,TO_TIMESTAMP('10-SEP-02 02:28:59 123000','DD-Mon-RR HH24:MI:SS FF'),TO_TIMESTAMP('10-SEP-02 19:42:49 123000','DD-Mon-RR HH24:MI:SS FF'));
INSERT INTO Horarios_Sucursales (id_sucursal,id_dia,hora_inicio,hora_fin) VALUES (8,4,TO_TIMESTAMP('10-SEP-02 09:02:34 123000','DD-Mon-RR HH24:MI:SS FF'),TO_TIMESTAMP('10-SEP-02 19:25:29 123000','DD-Mon-RR HH24:MI:SS FF'));
INSERT INTO Horarios_Sucursales (id_sucursal,id_dia,hora_inicio,hora_fin) VALUES (9,4,TO_TIMESTAMP('10-SEP-02 16:34:52 123000','DD-Mon-RR HH24:MI:SS FF'),TO_TIMESTAMP('10-SEP-02 23:35:11 123000','DD-Mon-RR HH24:MI:SS FF'));
INSERT INTO Horarios_Sucursales (id_sucursal,id_dia,hora_inicio,hora_fin) VALUES (10,4,TO_TIMESTAMP('10-SEP-02 11:20:17 123000','DD-Mon-RR HH24:MI:SS FF'),TO_TIMESTAMP('10-SEP-02 12:01:23 123000','DD-Mon-RR HH24:MI:SS FF'));
INSERT INTO Horarios_Sucursales (id_sucursal,id_dia,hora_inicio,hora_fin) VALUES (11,4,TO_TIMESTAMP('10-SEP-02 05:35:20 123000','DD-Mon-RR HH24:MI:SS FF'),TO_TIMESTAMP('10-SEP-02 16:11:55 123000','DD-Mon-RR HH24:MI:SS FF'));
INSERT INTO Horarios_Sucursales (id_sucursal,id_dia,hora_inicio,hora_fin) VALUES (12,4,TO_TIMESTAMP('10-SEP-02 01:07:40 123000','DD-Mon-RR HH24:MI:SS FF'),TO_TIMESTAMP('10-SEP-02 22:29:23 123000','DD-Mon-RR HH24:MI:SS FF'));
INSERT INTO Horarios_Sucursales (id_sucursal,id_dia,hora_inicio,hora_fin) VALUES (13,4,TO_TIMESTAMP('10-SEP-02 02:02:10 123000','DD-Mon-RR HH24:MI:SS FF'),TO_TIMESTAMP('10-SEP-02 16:15:17 123000','DD-Mon-RR HH24:MI:SS FF'));
INSERT INTO Horarios_Sucursales (id_sucursal,id_dia,hora_inicio,hora_fin) VALUES (14,4,TO_TIMESTAMP('10-SEP-02 12:16:22 123000','DD-Mon-RR HH24:MI:SS FF'),TO_TIMESTAMP('10-SEP-02 23:55:41 123000','DD-Mon-RR HH24:MI:SS FF'));
INSERT INTO Horarios_Sucursales (id_sucursal,id_dia,hora_inicio,hora_fin) VALUES (15,4,TO_TIMESTAMP('10-SEP-02 02:16:32 123000','DD-Mon-RR HH24:MI:SS FF'),TO_TIMESTAMP('10-SEP-02 15:05:26 123000','DD-Mon-RR HH24:MI:SS FF'));
INSERT INTO Horarios_Sucursales (id_sucursal,id_dia,hora_inicio,hora_fin) VALUES (16,4,TO_TIMESTAMP('10-SEP-02 02:51:48 123000','DD-Mon-RR HH24:MI:SS FF'),TO_TIMESTAMP('10-SEP-02 10:03:32 123000','DD-Mon-RR HH24:MI:SS FF'));
INSERT INTO Horarios_Sucursales (id_sucursal,id_dia,hora_inicio,hora_fin) VALUES (17,4,TO_TIMESTAMP('10-SEP-02 00:01:33 123000','DD-Mon-RR HH24:MI:SS FF'),TO_TIMESTAMP('10-SEP-02 06:59:10 123000','DD-Mon-RR HH24:MI:SS FF'));
INSERT INTO Horarios_Sucursales (id_sucursal,id_dia,hora_inicio,hora_fin) VALUES (18,4,TO_TIMESTAMP('10-SEP-02 17:33:12 123000','DD-Mon-RR HH24:MI:SS FF'),TO_TIMESTAMP('10-SEP-02 21:22:19 123000','DD-Mon-RR HH24:MI:SS FF'));
INSERT INTO Horarios_Sucursales (id_sucursal,id_dia,hora_inicio,hora_fin) VALUES (19,4,TO_TIMESTAMP('10-SEP-02 05:47:00 123000','DD-Mon-RR HH24:MI:SS FF'),TO_TIMESTAMP('10-SEP-02 13:04:35 123000','DD-Mon-RR HH24:MI:SS FF'));
INSERT INTO Horarios_Sucursales (id_sucursal,id_dia,hora_inicio,hora_fin) VALUES (20,4,TO_TIMESTAMP('10-SEP-02 02:01:20 123000','DD-Mon-RR HH24:MI:SS FF'),TO_TIMESTAMP('10-SEP-02 12:57:24 123000','DD-Mon-RR HH24:MI:SS FF'));
INSERT INTO Horarios_Sucursales (id_sucursal,id_dia,hora_inicio,hora_fin) VALUES (21,4,TO_TIMESTAMP('10-SEP-02 07:51:16 123000','DD-Mon-RR HH24:MI:SS FF'),TO_TIMESTAMP('10-SEP-02 22:01:24 123000','DD-Mon-RR HH24:MI:SS FF'));
INSERT INTO Horarios_Sucursales (id_sucursal,id_dia,hora_inicio,hora_fin) VALUES (22,4,TO_TIMESTAMP('10-SEP-02 11:44:56 123000','DD-Mon-RR HH24:MI:SS FF'),TO_TIMESTAMP('10-SEP-02 22:25:10 123000','DD-Mon-RR HH24:MI:SS FF'));
INSERT INTO Horarios_Sucursales (id_sucursal,id_dia,hora_inicio,hora_fin) VALUES (23,4,TO_TIMESTAMP('10-SEP-02 02:57:14 123000','DD-Mon-RR HH24:MI:SS FF'),TO_TIMESTAMP('10-SEP-02 23:01:30 123000','DD-Mon-RR HH24:MI:SS FF'));
INSERT INTO Horarios_Sucursales (id_sucursal,id_dia,hora_inicio,hora_fin) VALUES (24,4,TO_TIMESTAMP('10-SEP-02 15:16:06 123000','DD-Mon-RR HH24:MI:SS FF'),TO_TIMESTAMP('10-SEP-02 18:58:59 123000','DD-Mon-RR HH24:MI:SS FF'));
INSERT INTO Horarios_Sucursales (id_sucursal,id_dia,hora_inicio,hora_fin) VALUES (25,4,TO_TIMESTAMP('10-SEP-02 05:51:33 123000','DD-Mon-RR HH24:MI:SS FF'),TO_TIMESTAMP('10-SEP-02 11:19:40 123000','DD-Mon-RR HH24:MI:SS FF'));
INSERT INTO Horarios_Sucursales (id_sucursal,id_dia,hora_inicio,hora_fin) VALUES (26,4,TO_TIMESTAMP('10-SEP-02 06:32:58 123000','DD-Mon-RR HH24:MI:SS FF'),TO_TIMESTAMP('10-SEP-02 07:40:13 123000','DD-Mon-RR HH24:MI:SS FF'));
INSERT INTO Horarios_Sucursales (id_sucursal,id_dia,hora_inicio,hora_fin) VALUES (27,4,TO_TIMESTAMP('10-SEP-02 06:41:54 123000','DD-Mon-RR HH24:MI:SS FF'),TO_TIMESTAMP('10-SEP-02 15:23:00 123000','DD-Mon-RR HH24:MI:SS FF'));
INSERT INTO Horarios_Sucursales (id_sucursal,id_dia,hora_inicio,hora_fin) VALUES (28,4,TO_TIMESTAMP('10-SEP-02 12:20:44 123000','DD-Mon-RR HH24:MI:SS FF'),TO_TIMESTAMP('10-SEP-02 18:26:26 123000','DD-Mon-RR HH24:MI:SS FF'));
INSERT INTO Horarios_Sucursales (id_sucursal,id_dia,hora_inicio,hora_fin) VALUES (29,4,TO_TIMESTAMP('10-SEP-02 17:56:12 123000','DD-Mon-RR HH24:MI:SS FF'),TO_TIMESTAMP('10-SEP-02 23:12:31 123000','DD-Mon-RR HH24:MI:SS FF'));
INSERT INTO Horarios_Sucursales (id_sucursal,id_dia,hora_inicio,hora_fin) VALUES (30,4,TO_TIMESTAMP('10-SEP-02 10:33:27 123000','DD-Mon-RR HH24:MI:SS FF'),TO_TIMESTAMP('10-SEP-02 14:19:26 123000','DD-Mon-RR HH24:MI:SS FF'));
INSERT INTO Horarios_Sucursales (id_sucursal,id_dia,hora_inicio,hora_fin) VALUES (31,4,TO_TIMESTAMP('10-SEP-02 17:17:04 123000','DD-Mon-RR HH24:MI:SS FF'),TO_TIMESTAMP('10-SEP-02 18:45:46 123000','DD-Mon-RR HH24:MI:SS FF'));
INSERT INTO Horarios_Sucursales (id_sucursal,id_dia,hora_inicio,hora_fin) VALUES (32,4,TO_TIMESTAMP('10-SEP-02 07:07:36 123000','DD-Mon-RR HH24:MI:SS FF'),TO_TIMESTAMP('10-SEP-02 21:29:10 123000','DD-Mon-RR HH24:MI:SS FF'));
INSERT INTO Horarios_Sucursales (id_sucursal,id_dia,hora_inicio,hora_fin) VALUES (33,4,TO_TIMESTAMP('10-SEP-02 03:20:04 123000','DD-Mon-RR HH24:MI:SS FF'),TO_TIMESTAMP('10-SEP-02 21:25:46 123000','DD-Mon-RR HH24:MI:SS FF'));
INSERT INTO Horarios_Sucursales (id_sucursal,id_dia,hora_inicio,hora_fin) VALUES (34,4,TO_TIMESTAMP('10-SEP-02 04:12:11 123000','DD-Mon-RR HH24:MI:SS FF'),TO_TIMESTAMP('10-SEP-02 11:27:12 123000','DD-Mon-RR HH24:MI:SS FF'));
INSERT INTO Horarios_Sucursales (id_sucursal,id_dia,hora_inicio,hora_fin) VALUES (35,4,TO_TIMESTAMP('10-SEP-02 01:21:52 123000','DD-Mon-RR HH24:MI:SS FF'),TO_TIMESTAMP('10-SEP-02 06:47:59 123000','DD-Mon-RR HH24:MI:SS FF'));
INSERT INTO Horarios_Sucursales (id_sucursal,id_dia,hora_inicio,hora_fin) VALUES (36,4,TO_TIMESTAMP('10-SEP-02 07:05:34 123000','DD-Mon-RR HH24:MI:SS FF'),TO_TIMESTAMP('10-SEP-02 20:06:44 123000','DD-Mon-RR HH24:MI:SS FF'));
INSERT INTO Horarios_Sucursales (id_sucursal,id_dia,hora_inicio,hora_fin) VALUES (37,4,TO_TIMESTAMP('10-SEP-02 09:41:42 123000','DD-Mon-RR HH24:MI:SS FF'),TO_TIMESTAMP('10-SEP-02 23:56:56 123000','DD-Mon-RR HH24:MI:SS FF'));
INSERT INTO Horarios_Sucursales (id_sucursal,id_dia,hora_inicio,hora_fin) VALUES (38,4,TO_TIMESTAMP('10-SEP-02 08:39:29 123000','DD-Mon-RR HH24:MI:SS FF'),TO_TIMESTAMP('10-SEP-02 13:23:59 123000','DD-Mon-RR HH24:MI:SS FF'));
INSERT INTO Horarios_Sucursales (id_sucursal,id_dia,hora_inicio,hora_fin) VALUES (39,4,TO_TIMESTAMP('10-SEP-02 02:08:35 123000','DD-Mon-RR HH24:MI:SS FF'),TO_TIMESTAMP('10-SEP-02 02:47:19 123000','DD-Mon-RR HH24:MI:SS FF'));
INSERT INTO Horarios_Sucursales (id_sucursal,id_dia,hora_inicio,hora_fin) VALUES (40,4,TO_TIMESTAMP('10-SEP-02 13:28:17 123000','DD-Mon-RR HH24:MI:SS FF'),TO_TIMESTAMP('10-SEP-02 22:17:02 123000','DD-Mon-RR HH24:MI:SS FF'));
INSERT INTO Horarios_Sucursales (id_sucursal,id_dia,hora_inicio,hora_fin) VALUES (41,4,TO_TIMESTAMP('10-SEP-02 15:48:23 123000','DD-Mon-RR HH24:MI:SS FF'),TO_TIMESTAMP('10-SEP-02 21:10:07 123000','DD-Mon-RR HH24:MI:SS FF'));
INSERT INTO Horarios_Sucursales (id_sucursal,id_dia,hora_inicio,hora_fin) VALUES (42,4,TO_TIMESTAMP('10-SEP-02 03:04:44 123000','DD-Mon-RR HH24:MI:SS FF'),TO_TIMESTAMP('10-SEP-02 18:20:23 123000','DD-Mon-RR HH24:MI:SS FF'));
INSERT INTO Horarios_Sucursales (id_sucursal,id_dia,hora_inicio,hora_fin) VALUES (43,4,TO_TIMESTAMP('10-SEP-02 14:46:36 123000','DD-Mon-RR HH24:MI:SS FF'),TO_TIMESTAMP('10-SEP-02 17:44:15 123000','DD-Mon-RR HH24:MI:SS FF'));
INSERT INTO Horarios_Sucursales (id_sucursal,id_dia,hora_inicio,hora_fin) VALUES (44,4,TO_TIMESTAMP('10-SEP-02 01:08:07 123000','DD-Mon-RR HH24:MI:SS FF'),TO_TIMESTAMP('10-SEP-02 05:02:00 123000','DD-Mon-RR HH24:MI:SS FF'));
INSERT INTO Horarios_Sucursales (id_sucursal,id_dia,hora_inicio,hora_fin) VALUES (45,4,TO_TIMESTAMP('10-SEP-02 21:13:59 123000','DD-Mon-RR HH24:MI:SS FF'),TO_TIMESTAMP('10-SEP-02 23:17:04 123000','DD-Mon-RR HH24:MI:SS FF'));
INSERT INTO Horarios_Sucursales (id_sucursal,id_dia,hora_inicio,hora_fin) VALUES (46,4,TO_TIMESTAMP('10-SEP-02 10:46:35 123000','DD-Mon-RR HH24:MI:SS FF'),TO_TIMESTAMP('10-SEP-02 15:33:07 123000','DD-Mon-RR HH24:MI:SS FF'));
INSERT INTO Horarios_Sucursales (id_sucursal,id_dia,hora_inicio,hora_fin) VALUES (47,4,TO_TIMESTAMP('10-SEP-02 01:11:44 123000','DD-Mon-RR HH24:MI:SS FF'),TO_TIMESTAMP('10-SEP-02 20:31:24 123000','DD-Mon-RR HH24:MI:SS FF'));
INSERT INTO Horarios_Sucursales (id_sucursal,id_dia,hora_inicio,hora_fin) VALUES (48,4,TO_TIMESTAMP('10-SEP-02 17:14:57 123000','DD-Mon-RR HH24:MI:SS FF'),TO_TIMESTAMP('10-SEP-02 22:34:38 123000','DD-Mon-RR HH24:MI:SS FF'));
INSERT INTO Horarios_Sucursales (id_sucursal,id_dia,hora_inicio,hora_fin) VALUES (49,4,TO_TIMESTAMP('10-SEP-02 08:53:33 123000','DD-Mon-RR HH24:MI:SS FF'),TO_TIMESTAMP('10-SEP-02 17:23:12 123000','DD-Mon-RR HH24:MI:SS FF'));
INSERT INTO Horarios_Sucursales (id_sucursal,id_dia,hora_inicio,hora_fin) VALUES (50,4,TO_TIMESTAMP('10-SEP-02 04:22:52 123000','DD-Mon-RR HH24:MI:SS FF'),TO_TIMESTAMP('10-SEP-02 21:05:40 123000','DD-Mon-RR HH24:MI:SS FF'));


INSERT INTO Horarios_Sucursales (id_sucursal,id_dia,hora_inicio,hora_fin) VALUES (1,5,TO_TIMESTAMP('10-SEP-02 10:28:11 123000','DD-Mon-RR HH24:MI:SS FF'),TO_TIMESTAMP('10-SEP-02 23:38:03 123000','DD-Mon-RR HH24:MI:SS FF'));
INSERT INTO Horarios_Sucursales (id_sucursal,id_dia,hora_inicio,hora_fin) VALUES (2,5,TO_TIMESTAMP('10-SEP-02 06:22:45 123000','DD-Mon-RR HH24:MI:SS FF'),TO_TIMESTAMP('10-SEP-02 12:41:22 123000','DD-Mon-RR HH24:MI:SS FF'));
INSERT INTO Horarios_Sucursales (id_sucursal,id_dia,hora_inicio,hora_fin) VALUES (3,5,TO_TIMESTAMP('10-SEP-02 12:02:31 123000','DD-Mon-RR HH24:MI:SS FF'),TO_TIMESTAMP('10-SEP-02 22:40:35 123000','DD-Mon-RR HH24:MI:SS FF'));
INSERT INTO Horarios_Sucursales (id_sucursal,id_dia,hora_inicio,hora_fin) VALUES (4,5,TO_TIMESTAMP('10-SEP-02 06:14:24 123000','DD-Mon-RR HH24:MI:SS FF'),TO_TIMESTAMP('10-SEP-02 12:22:43 123000','DD-Mon-RR HH24:MI:SS FF'));
INSERT INTO Horarios_Sucursales (id_sucursal,id_dia,hora_inicio,hora_fin) VALUES (5,5,TO_TIMESTAMP('10-SEP-02 04:29:46 123000','DD-Mon-RR HH24:MI:SS FF'),TO_TIMESTAMP('10-SEP-02 22:02:50 123000','DD-Mon-RR HH24:MI:SS FF'));
INSERT INTO Horarios_Sucursales (id_sucursal,id_dia,hora_inicio,hora_fin) VALUES (6,5,TO_TIMESTAMP('10-SEP-02 08:03:37 123000','DD-Mon-RR HH24:MI:SS FF'),TO_TIMESTAMP('10-SEP-02 14:16:30 123000','DD-Mon-RR HH24:MI:SS FF'));
INSERT INTO Horarios_Sucursales (id_sucursal,id_dia,hora_inicio,hora_fin) VALUES (7,5,TO_TIMESTAMP('10-SEP-02 15:37:32 123000','DD-Mon-RR HH24:MI:SS FF'),TO_TIMESTAMP('10-SEP-02 21:42:56 123000','DD-Mon-RR HH24:MI:SS FF'));
INSERT INTO Horarios_Sucursales (id_sucursal,id_dia,hora_inicio,hora_fin) VALUES (8,5,TO_TIMESTAMP('10-SEP-02 03:14:36 123000','DD-Mon-RR HH24:MI:SS FF'),TO_TIMESTAMP('10-SEP-02 22:18:38 123000','DD-Mon-RR HH24:MI:SS FF'));
INSERT INTO Horarios_Sucursales (id_sucursal,id_dia,hora_inicio,hora_fin) VALUES (9,5,TO_TIMESTAMP('10-SEP-02 05:27:20 123000','DD-Mon-RR HH24:MI:SS FF'),TO_TIMESTAMP('10-SEP-02 23:22:45 123000','DD-Mon-RR HH24:MI:SS FF'));
INSERT INTO Horarios_Sucursales (id_sucursal,id_dia,hora_inicio,hora_fin) VALUES (10,5,TO_TIMESTAMP('10-SEP-02 00:20:53 123000','DD-Mon-RR HH24:MI:SS FF'),TO_TIMESTAMP('10-SEP-02 16:58:16 123000','DD-Mon-RR HH24:MI:SS FF'));
INSERT INTO Horarios_Sucursales (id_sucursal,id_dia,hora_inicio,hora_fin) VALUES (11,5,TO_TIMESTAMP('10-SEP-02 18:33:02 123000','DD-Mon-RR HH24:MI:SS FF'),TO_TIMESTAMP('10-SEP-02 21:37:00 123000','DD-Mon-RR HH24:MI:SS FF'));
INSERT INTO Horarios_Sucursales (id_sucursal,id_dia,hora_inicio,hora_fin) VALUES (12,5,TO_TIMESTAMP('10-SEP-02 10:49:16 123000','DD-Mon-RR HH24:MI:SS FF'),TO_TIMESTAMP('10-SEP-02 13:51:04 123000','DD-Mon-RR HH24:MI:SS FF'));
INSERT INTO Horarios_Sucursales (id_sucursal,id_dia,hora_inicio,hora_fin) VALUES (13,5,TO_TIMESTAMP('10-SEP-02 10:44:47 123000','DD-Mon-RR HH24:MI:SS FF'),TO_TIMESTAMP('10-SEP-02 18:33:49 123000','DD-Mon-RR HH24:MI:SS FF'));
INSERT INTO Horarios_Sucursales (id_sucursal,id_dia,hora_inicio,hora_fin) VALUES (14,5,TO_TIMESTAMP('10-SEP-02 14:39:01 123000','DD-Mon-RR HH24:MI:SS FF'),TO_TIMESTAMP('10-SEP-02 15:26:22 123000','DD-Mon-RR HH24:MI:SS FF'));
INSERT INTO Horarios_Sucursales (id_sucursal,id_dia,hora_inicio,hora_fin) VALUES (15,5,TO_TIMESTAMP('10-SEP-02 04:07:40 123000','DD-Mon-RR HH24:MI:SS FF'),TO_TIMESTAMP('10-SEP-02 15:14:19 123000','DD-Mon-RR HH24:MI:SS FF'));
INSERT INTO Horarios_Sucursales (id_sucursal,id_dia,hora_inicio,hora_fin) VALUES (16,5,TO_TIMESTAMP('10-SEP-02 08:22:14 123000','DD-Mon-RR HH24:MI:SS FF'),TO_TIMESTAMP('10-SEP-02 10:25:32 123000','DD-Mon-RR HH24:MI:SS FF'));
INSERT INTO Horarios_Sucursales (id_sucursal,id_dia,hora_inicio,hora_fin) VALUES (17,5,TO_TIMESTAMP('10-SEP-02 17:52:03 123000','DD-Mon-RR HH24:MI:SS FF'),TO_TIMESTAMP('10-SEP-02 23:26:25 123000','DD-Mon-RR HH24:MI:SS FF'));
INSERT INTO Horarios_Sucursales (id_sucursal,id_dia,hora_inicio,hora_fin) VALUES (18,5,TO_TIMESTAMP('10-SEP-02 08:59:43 123000','DD-Mon-RR HH24:MI:SS FF'),TO_TIMESTAMP('10-SEP-02 13:43:33 123000','DD-Mon-RR HH24:MI:SS FF'));
INSERT INTO Horarios_Sucursales (id_sucursal,id_dia,hora_inicio,hora_fin) VALUES (19,5,TO_TIMESTAMP('10-SEP-02 02:45:20 123000','DD-Mon-RR HH24:MI:SS FF'),TO_TIMESTAMP('10-SEP-02 07:37:28 123000','DD-Mon-RR HH24:MI:SS FF'));
INSERT INTO Horarios_Sucursales (id_sucursal,id_dia,hora_inicio,hora_fin) VALUES (20,5,TO_TIMESTAMP('10-SEP-02 03:41:09 123000','DD-Mon-RR HH24:MI:SS FF'),TO_TIMESTAMP('10-SEP-02 20:28:49 123000','DD-Mon-RR HH24:MI:SS FF'));
INSERT INTO Horarios_Sucursales (id_sucursal,id_dia,hora_inicio,hora_fin) VALUES (21,5,TO_TIMESTAMP('10-SEP-02 09:19:33 123000','DD-Mon-RR HH24:MI:SS FF'),TO_TIMESTAMP('10-SEP-02 12:28:24 123000','DD-Mon-RR HH24:MI:SS FF'));
INSERT INTO Horarios_Sucursales (id_sucursal,id_dia,hora_inicio,hora_fin) VALUES (22,5,TO_TIMESTAMP('10-SEP-02 06:27:15 123000','DD-Mon-RR HH24:MI:SS FF'),TO_TIMESTAMP('10-SEP-02 19:16:41 123000','DD-Mon-RR HH24:MI:SS FF'));
INSERT INTO Horarios_Sucursales (id_sucursal,id_dia,hora_inicio,hora_fin) VALUES (23,5,TO_TIMESTAMP('10-SEP-02 17:31:41 123000','DD-Mon-RR HH24:MI:SS FF'),TO_TIMESTAMP('10-SEP-02 22:45:59 123000','DD-Mon-RR HH24:MI:SS FF'));
INSERT INTO Horarios_Sucursales (id_sucursal,id_dia,hora_inicio,hora_fin) VALUES (24,5,TO_TIMESTAMP('10-SEP-02 02:38:26 123000','DD-Mon-RR HH24:MI:SS FF'),TO_TIMESTAMP('10-SEP-02 11:17:24 123000','DD-Mon-RR HH24:MI:SS FF'));
INSERT INTO Horarios_Sucursales (id_sucursal,id_dia,hora_inicio,hora_fin) VALUES (25,5,TO_TIMESTAMP('10-SEP-02 15:12:09 123000','DD-Mon-RR HH24:MI:SS FF'),TO_TIMESTAMP('10-SEP-02 22:55:06 123000','DD-Mon-RR HH24:MI:SS FF'));
INSERT INTO Horarios_Sucursales (id_sucursal,id_dia,hora_inicio,hora_fin) VALUES (26,5,TO_TIMESTAMP('10-SEP-02 23:03:09 123000','DD-Mon-RR HH24:MI:SS FF'),TO_TIMESTAMP('10-SEP-02 23:36:55 123000','DD-Mon-RR HH24:MI:SS FF'));
INSERT INTO Horarios_Sucursales (id_sucursal,id_dia,hora_inicio,hora_fin) VALUES (27,5,TO_TIMESTAMP('10-SEP-02 02:03:12 123000','DD-Mon-RR HH24:MI:SS FF'),TO_TIMESTAMP('10-SEP-02 18:48:32 123000','DD-Mon-RR HH24:MI:SS FF'));
INSERT INTO Horarios_Sucursales (id_sucursal,id_dia,hora_inicio,hora_fin) VALUES (28,5,TO_TIMESTAMP('10-SEP-02 14:49:22 123000','DD-Mon-RR HH24:MI:SS FF'),TO_TIMESTAMP('10-SEP-02 22:00:14 123000','DD-Mon-RR HH24:MI:SS FF'));
INSERT INTO Horarios_Sucursales (id_sucursal,id_dia,hora_inicio,hora_fin) VALUES (29,5,TO_TIMESTAMP('10-SEP-02 12:49:24 123000','DD-Mon-RR HH24:MI:SS FF'),TO_TIMESTAMP('10-SEP-02 16:15:00 123000','DD-Mon-RR HH24:MI:SS FF'));
INSERT INTO Horarios_Sucursales (id_sucursal,id_dia,hora_inicio,hora_fin) VALUES (30,5,TO_TIMESTAMP('10-SEP-02 16:12:47 123000','DD-Mon-RR HH24:MI:SS FF'),TO_TIMESTAMP('10-SEP-02 20:19:00 123000','DD-Mon-RR HH24:MI:SS FF'));
INSERT INTO Horarios_Sucursales (id_sucursal,id_dia,hora_inicio,hora_fin) VALUES (31,5,TO_TIMESTAMP('10-SEP-02 06:57:59 123000','DD-Mon-RR HH24:MI:SS FF'),TO_TIMESTAMP('10-SEP-02 17:42:04 123000','DD-Mon-RR HH24:MI:SS FF'));
INSERT INTO Horarios_Sucursales (id_sucursal,id_dia,hora_inicio,hora_fin) VALUES (32,5,TO_TIMESTAMP('10-SEP-02 23:05:57 123000','DD-Mon-RR HH24:MI:SS FF'),TO_TIMESTAMP('10-SEP-02 23:11:39 123000','DD-Mon-RR HH24:MI:SS FF'));
INSERT INTO Horarios_Sucursales (id_sucursal,id_dia,hora_inicio,hora_fin) VALUES (33,5,TO_TIMESTAMP('10-SEP-02 09:09:36 123000','DD-Mon-RR HH24:MI:SS FF'),TO_TIMESTAMP('10-SEP-02 13:53:22 123000','DD-Mon-RR HH24:MI:SS FF'));
INSERT INTO Horarios_Sucursales (id_sucursal,id_dia,hora_inicio,hora_fin) VALUES (34,5,TO_TIMESTAMP('10-SEP-02 02:03:23 123000','DD-Mon-RR HH24:MI:SS FF'),TO_TIMESTAMP('10-SEP-02 07:20:01 123000','DD-Mon-RR HH24:MI:SS FF'));
INSERT INTO Horarios_Sucursales (id_sucursal,id_dia,hora_inicio,hora_fin) VALUES (35,5,TO_TIMESTAMP('10-SEP-02 00:56:47 123000','DD-Mon-RR HH24:MI:SS FF'),TO_TIMESTAMP('10-SEP-02 07:14:39 123000','DD-Mon-RR HH24:MI:SS FF'));
INSERT INTO Horarios_Sucursales (id_sucursal,id_dia,hora_inicio,hora_fin) VALUES (36,5,TO_TIMESTAMP('10-SEP-02 02:24:35 123000','DD-Mon-RR HH24:MI:SS FF'),TO_TIMESTAMP('10-SEP-02 14:12:13 123000','DD-Mon-RR HH24:MI:SS FF'));
INSERT INTO Horarios_Sucursales (id_sucursal,id_dia,hora_inicio,hora_fin) VALUES (37,5,TO_TIMESTAMP('10-SEP-02 04:25:20 123000','DD-Mon-RR HH24:MI:SS FF'),TO_TIMESTAMP('10-SEP-02 14:17:28 123000','DD-Mon-RR HH24:MI:SS FF'));
INSERT INTO Horarios_Sucursales (id_sucursal,id_dia,hora_inicio,hora_fin) VALUES (38,5,TO_TIMESTAMP('10-SEP-02 02:08:33 123000','DD-Mon-RR HH24:MI:SS FF'),TO_TIMESTAMP('10-SEP-02 17:34:37 123000','DD-Mon-RR HH24:MI:SS FF'));
INSERT INTO Horarios_Sucursales (id_sucursal,id_dia,hora_inicio,hora_fin) VALUES (39,5,TO_TIMESTAMP('10-SEP-02 08:38:57 123000','DD-Mon-RR HH24:MI:SS FF'),TO_TIMESTAMP('10-SEP-02 22:04:51 123000','DD-Mon-RR HH24:MI:SS FF'));
INSERT INTO Horarios_Sucursales (id_sucursal,id_dia,hora_inicio,hora_fin) VALUES (40,5,TO_TIMESTAMP('10-SEP-02 01:49:53 123000','DD-Mon-RR HH24:MI:SS FF'),TO_TIMESTAMP('10-SEP-02 13:42:59 123000','DD-Mon-RR HH24:MI:SS FF'));
INSERT INTO Horarios_Sucursales (id_sucursal,id_dia,hora_inicio,hora_fin) VALUES (41,5,TO_TIMESTAMP('10-SEP-02 05:31:19 123000','DD-Mon-RR HH24:MI:SS FF'),TO_TIMESTAMP('10-SEP-02 16:42:37 123000','DD-Mon-RR HH24:MI:SS FF'));
INSERT INTO Horarios_Sucursales (id_sucursal,id_dia,hora_inicio,hora_fin) VALUES (42,5,TO_TIMESTAMP('10-SEP-02 08:36:46 123000','DD-Mon-RR HH24:MI:SS FF'),TO_TIMESTAMP('10-SEP-02 11:58:38 123000','DD-Mon-RR HH24:MI:SS FF'));
INSERT INTO Horarios_Sucursales (id_sucursal,id_dia,hora_inicio,hora_fin) VALUES (43,5,TO_TIMESTAMP('10-SEP-02 09:31:10 123000','DD-Mon-RR HH24:MI:SS FF'),TO_TIMESTAMP('10-SEP-02 17:30:40 123000','DD-Mon-RR HH24:MI:SS FF'));
INSERT INTO Horarios_Sucursales (id_sucursal,id_dia,hora_inicio,hora_fin) VALUES (44,5,TO_TIMESTAMP('10-SEP-02 13:49:07 123000','DD-Mon-RR HH24:MI:SS FF'),TO_TIMESTAMP('10-SEP-02 21:36:00 123000','DD-Mon-RR HH24:MI:SS FF'));
INSERT INTO Horarios_Sucursales (id_sucursal,id_dia,hora_inicio,hora_fin) VALUES (45,5,TO_TIMESTAMP('10-SEP-02 10:53:55 123000','DD-Mon-RR HH24:MI:SS FF'),TO_TIMESTAMP('10-SEP-02 20:55:36 123000','DD-Mon-RR HH24:MI:SS FF'));
INSERT INTO Horarios_Sucursales (id_sucursal,id_dia,hora_inicio,hora_fin) VALUES (46,5,TO_TIMESTAMP('10-SEP-02 19:12:58 123000','DD-Mon-RR HH24:MI:SS FF'),TO_TIMESTAMP('10-SEP-02 21:53:36 123000','DD-Mon-RR HH24:MI:SS FF'));
INSERT INTO Horarios_Sucursales (id_sucursal,id_dia,hora_inicio,hora_fin) VALUES (47,5,TO_TIMESTAMP('10-SEP-02 07:06:55 123000','DD-Mon-RR HH24:MI:SS FF'),TO_TIMESTAMP('10-SEP-02 22:53:50 123000','DD-Mon-RR HH24:MI:SS FF'));
INSERT INTO Horarios_Sucursales (id_sucursal,id_dia,hora_inicio,hora_fin) VALUES (48,5,TO_TIMESTAMP('10-SEP-02 08:51:19 123000','DD-Mon-RR HH24:MI:SS FF'),TO_TIMESTAMP('10-SEP-02 15:40:17 123000','DD-Mon-RR HH24:MI:SS FF'));
INSERT INTO Horarios_Sucursales (id_sucursal,id_dia,hora_inicio,hora_fin) VALUES (49,5,TO_TIMESTAMP('10-SEP-02 14:11:51 123000','DD-Mon-RR HH24:MI:SS FF'),TO_TIMESTAMP('10-SEP-02 17:29:59 123000','DD-Mon-RR HH24:MI:SS FF'));
INSERT INTO Horarios_Sucursales (id_sucursal,id_dia,hora_inicio,hora_fin) VALUES (50,5,TO_TIMESTAMP('10-SEP-02 08:58:00 123000','DD-Mon-RR HH24:MI:SS FF'),TO_TIMESTAMP('10-SEP-02 11:17:52 123000','DD-Mon-RR HH24:MI:SS FF'));

INSERT INTO Horarios_Sucursales (id_sucursal,id_dia,hora_inicio,hora_fin) VALUES (1,6,TO_TIMESTAMP('10-SEP-02 17:41:18 123000','DD-Mon-RR HH24:MI:SS FF'),TO_TIMESTAMP('10-SEP-02 19:04:34 123000','DD-Mon-RR HH24:MI:SS FF'));
INSERT INTO Horarios_Sucursales (id_sucursal,id_dia,hora_inicio,hora_fin) VALUES (2,6,TO_TIMESTAMP('10-SEP-02 10:15:00 123000','DD-Mon-RR HH24:MI:SS FF'),TO_TIMESTAMP('10-SEP-02 22:27:23 123000','DD-Mon-RR HH24:MI:SS FF'));
INSERT INTO Horarios_Sucursales (id_sucursal,id_dia,hora_inicio,hora_fin) VALUES (3,6,TO_TIMESTAMP('10-SEP-02 18:57:40 123000','DD-Mon-RR HH24:MI:SS FF'),TO_TIMESTAMP('10-SEP-02 23:42:05 123000','DD-Mon-RR HH24:MI:SS FF'));
INSERT INTO Horarios_Sucursales (id_sucursal,id_dia,hora_inicio,hora_fin) VALUES (4,6,TO_TIMESTAMP('10-SEP-02 13:12:08 123000','DD-Mon-RR HH24:MI:SS FF'),TO_TIMESTAMP('10-SEP-02 13:29:44 123000','DD-Mon-RR HH24:MI:SS FF'));
INSERT INTO Horarios_Sucursales (id_sucursal,id_dia,hora_inicio,hora_fin) VALUES (5,6,TO_TIMESTAMP('10-SEP-02 12:26:17 123000','DD-Mon-RR HH24:MI:SS FF'),TO_TIMESTAMP('10-SEP-02 21:44:44 123000','DD-Mon-RR HH24:MI:SS FF'));
INSERT INTO Horarios_Sucursales (id_sucursal,id_dia,hora_inicio,hora_fin) VALUES (6,6,TO_TIMESTAMP('10-SEP-02 18:50:26 123000','DD-Mon-RR HH24:MI:SS FF'),TO_TIMESTAMP('10-SEP-02 21:09:01 123000','DD-Mon-RR HH24:MI:SS FF'));
INSERT INTO Horarios_Sucursales (id_sucursal,id_dia,hora_inicio,hora_fin) VALUES (7,6,TO_TIMESTAMP('10-SEP-02 14:09:17 123000','DD-Mon-RR HH24:MI:SS FF'),TO_TIMESTAMP('10-SEP-02 20:42:01 123000','DD-Mon-RR HH24:MI:SS FF'));
INSERT INTO Horarios_Sucursales (id_sucursal,id_dia,hora_inicio,hora_fin) VALUES (8,6,TO_TIMESTAMP('10-SEP-02 17:11:27 123000','DD-Mon-RR HH24:MI:SS FF'),TO_TIMESTAMP('10-SEP-02 21:02:52 123000','DD-Mon-RR HH24:MI:SS FF'));
INSERT INTO Horarios_Sucursales (id_sucursal,id_dia,hora_inicio,hora_fin) VALUES (9,6,TO_TIMESTAMP('10-SEP-02 08:12:14 123000','DD-Mon-RR HH24:MI:SS FF'),TO_TIMESTAMP('10-SEP-02 17:58:12 123000','DD-Mon-RR HH24:MI:SS FF'));
INSERT INTO Horarios_Sucursales (id_sucursal,id_dia,hora_inicio,hora_fin) VALUES (10,6,TO_TIMESTAMP('10-SEP-02 07:58:16 123000','DD-Mon-RR HH24:MI:SS FF'),TO_TIMESTAMP('10-SEP-02 16:09:03 123000','DD-Mon-RR HH24:MI:SS FF'));
INSERT INTO Horarios_Sucursales (id_sucursal,id_dia,hora_inicio,hora_fin) VALUES (11,6,TO_TIMESTAMP('10-SEP-02 07:06:26 123000','DD-Mon-RR HH24:MI:SS FF'),TO_TIMESTAMP('10-SEP-02 17:50:36 123000','DD-Mon-RR HH24:MI:SS FF'));
INSERT INTO Horarios_Sucursales (id_sucursal,id_dia,hora_inicio,hora_fin) VALUES (12,6,TO_TIMESTAMP('10-SEP-02 00:38:07 123000','DD-Mon-RR HH24:MI:SS FF'),TO_TIMESTAMP('10-SEP-02 20:42:10 123000','DD-Mon-RR HH24:MI:SS FF'));
INSERT INTO Horarios_Sucursales (id_sucursal,id_dia,hora_inicio,hora_fin) VALUES (13,6,TO_TIMESTAMP('10-SEP-02 00:10:59 123000','DD-Mon-RR HH24:MI:SS FF'),TO_TIMESTAMP('10-SEP-02 01:15:56 123000','DD-Mon-RR HH24:MI:SS FF'));
INSERT INTO Horarios_Sucursales (id_sucursal,id_dia,hora_inicio,hora_fin) VALUES (14,6,TO_TIMESTAMP('10-SEP-02 11:02:18 123000','DD-Mon-RR HH24:MI:SS FF'),TO_TIMESTAMP('10-SEP-02 11:31:21 123000','DD-Mon-RR HH24:MI:SS FF'));
INSERT INTO Horarios_Sucursales (id_sucursal,id_dia,hora_inicio,hora_fin) VALUES (15,6,TO_TIMESTAMP('10-SEP-02 02:12:11 123000','DD-Mon-RR HH24:MI:SS FF'),TO_TIMESTAMP('10-SEP-02 11:12:12 123000','DD-Mon-RR HH24:MI:SS FF'));
INSERT INTO Horarios_Sucursales (id_sucursal,id_dia,hora_inicio,hora_fin) VALUES (16,6,TO_TIMESTAMP('10-SEP-02 06:28:40 123000','DD-Mon-RR HH24:MI:SS FF'),TO_TIMESTAMP('10-SEP-02 22:20:18 123000','DD-Mon-RR HH24:MI:SS FF'));
INSERT INTO Horarios_Sucursales (id_sucursal,id_dia,hora_inicio,hora_fin) VALUES (17,6,TO_TIMESTAMP('10-SEP-02 02:26:33 123000','DD-Mon-RR HH24:MI:SS FF'),TO_TIMESTAMP('10-SEP-02 15:59:36 123000','DD-Mon-RR HH24:MI:SS FF'));
INSERT INTO Horarios_Sucursales (id_sucursal,id_dia,hora_inicio,hora_fin) VALUES (18,6,TO_TIMESTAMP('10-SEP-02 03:18:19 123000','DD-Mon-RR HH24:MI:SS FF'),TO_TIMESTAMP('10-SEP-02 03:50:33 123000','DD-Mon-RR HH24:MI:SS FF'));
INSERT INTO Horarios_Sucursales (id_sucursal,id_dia,hora_inicio,hora_fin) VALUES (19,6,TO_TIMESTAMP('10-SEP-02 06:30:13 123000','DD-Mon-RR HH24:MI:SS FF'),TO_TIMESTAMP('10-SEP-02 18:52:30 123000','DD-Mon-RR HH24:MI:SS FF'));
INSERT INTO Horarios_Sucursales (id_sucursal,id_dia,hora_inicio,hora_fin) VALUES (20,6,TO_TIMESTAMP('10-SEP-02 02:43:37 123000','DD-Mon-RR HH24:MI:SS FF'),TO_TIMESTAMP('10-SEP-02 07:38:44 123000','DD-Mon-RR HH24:MI:SS FF'));
INSERT INTO Horarios_Sucursales (id_sucursal,id_dia,hora_inicio,hora_fin) VALUES (21,6,TO_TIMESTAMP('10-SEP-02 14:29:48 123000','DD-Mon-RR HH24:MI:SS FF'),TO_TIMESTAMP('10-SEP-02 23:53:20 123000','DD-Mon-RR HH24:MI:SS FF'));
INSERT INTO Horarios_Sucursales (id_sucursal,id_dia,hora_inicio,hora_fin) VALUES (22,6,TO_TIMESTAMP('10-SEP-02 08:42:22 123000','DD-Mon-RR HH24:MI:SS FF'),TO_TIMESTAMP('10-SEP-02 17:03:51 123000','DD-Mon-RR HH24:MI:SS FF'));
INSERT INTO Horarios_Sucursales (id_sucursal,id_dia,hora_inicio,hora_fin) VALUES (23,6,TO_TIMESTAMP('10-SEP-02 06:08:08 123000','DD-Mon-RR HH24:MI:SS FF'),TO_TIMESTAMP('10-SEP-02 15:26:20 123000','DD-Mon-RR HH24:MI:SS FF'));
INSERT INTO Horarios_Sucursales (id_sucursal,id_dia,hora_inicio,hora_fin) VALUES (24,6,TO_TIMESTAMP('10-SEP-02 04:00:39 123000','DD-Mon-RR HH24:MI:SS FF'),TO_TIMESTAMP('10-SEP-02 19:03:24 123000','DD-Mon-RR HH24:MI:SS FF'));
INSERT INTO Horarios_Sucursales (id_sucursal,id_dia,hora_inicio,hora_fin) VALUES (25,6,TO_TIMESTAMP('10-SEP-02 04:48:06 123000','DD-Mon-RR HH24:MI:SS FF'),TO_TIMESTAMP('10-SEP-02 16:16:07 123000','DD-Mon-RR HH24:MI:SS FF'));
INSERT INTO Horarios_Sucursales (id_sucursal,id_dia,hora_inicio,hora_fin) VALUES (26,6,TO_TIMESTAMP('10-SEP-02 06:23:31 123000','DD-Mon-RR HH24:MI:SS FF'),TO_TIMESTAMP('10-SEP-02 22:09:55 123000','DD-Mon-RR HH24:MI:SS FF'));
INSERT INTO Horarios_Sucursales (id_sucursal,id_dia,hora_inicio,hora_fin) VALUES (27,6,TO_TIMESTAMP('10-SEP-02 07:54:24 123000','DD-Mon-RR HH24:MI:SS FF'),TO_TIMESTAMP('10-SEP-02 10:31:03 123000','DD-Mon-RR HH24:MI:SS FF'));
INSERT INTO Horarios_Sucursales (id_sucursal,id_dia,hora_inicio,hora_fin) VALUES (28,6,TO_TIMESTAMP('10-SEP-02 17:18:13 123000','DD-Mon-RR HH24:MI:SS FF'),TO_TIMESTAMP('10-SEP-02 18:14:31 123000','DD-Mon-RR HH24:MI:SS FF'));
INSERT INTO Horarios_Sucursales (id_sucursal,id_dia,hora_inicio,hora_fin) VALUES (29,6,TO_TIMESTAMP('10-SEP-02 06:27:34 123000','DD-Mon-RR HH24:MI:SS FF'),TO_TIMESTAMP('10-SEP-02 23:38:53 123000','DD-Mon-RR HH24:MI:SS FF'));
INSERT INTO Horarios_Sucursales (id_sucursal,id_dia,hora_inicio,hora_fin) VALUES (30,6,TO_TIMESTAMP('10-SEP-02 08:31:41 123000','DD-Mon-RR HH24:MI:SS FF'),TO_TIMESTAMP('10-SEP-02 10:26:09 123000','DD-Mon-RR HH24:MI:SS FF'));
INSERT INTO Horarios_Sucursales (id_sucursal,id_dia,hora_inicio,hora_fin) VALUES (31,6,TO_TIMESTAMP('10-SEP-02 16:22:57 123000','DD-Mon-RR HH24:MI:SS FF'),TO_TIMESTAMP('10-SEP-02 17:41:35 123000','DD-Mon-RR HH24:MI:SS FF'));
INSERT INTO Horarios_Sucursales (id_sucursal,id_dia,hora_inicio,hora_fin) VALUES (32,6,TO_TIMESTAMP('10-SEP-02 06:37:14 123000','DD-Mon-RR HH24:MI:SS FF'),TO_TIMESTAMP('10-SEP-02 22:40:11 123000','DD-Mon-RR HH24:MI:SS FF'));
INSERT INTO Horarios_Sucursales (id_sucursal,id_dia,hora_inicio,hora_fin) VALUES (33,6,TO_TIMESTAMP('10-SEP-02 00:08:51 123000','DD-Mon-RR HH24:MI:SS FF'),TO_TIMESTAMP('10-SEP-02 05:38:50 123000','DD-Mon-RR HH24:MI:SS FF'));
INSERT INTO Horarios_Sucursales (id_sucursal,id_dia,hora_inicio,hora_fin) VALUES (34,6,TO_TIMESTAMP('10-SEP-02 06:47:48 123000','DD-Mon-RR HH24:MI:SS FF'),TO_TIMESTAMP('10-SEP-02 18:12:54 123000','DD-Mon-RR HH24:MI:SS FF'));
INSERT INTO Horarios_Sucursales (id_sucursal,id_dia,hora_inicio,hora_fin) VALUES (35,6,TO_TIMESTAMP('10-SEP-02 05:13:33 123000','DD-Mon-RR HH24:MI:SS FF'),TO_TIMESTAMP('10-SEP-02 06:34:29 123000','DD-Mon-RR HH24:MI:SS FF'));
INSERT INTO Horarios_Sucursales (id_sucursal,id_dia,hora_inicio,hora_fin) VALUES (36,6,TO_TIMESTAMP('10-SEP-02 02:14:15 123000','DD-Mon-RR HH24:MI:SS FF'),TO_TIMESTAMP('10-SEP-02 17:30:51 123000','DD-Mon-RR HH24:MI:SS FF'));
INSERT INTO Horarios_Sucursales (id_sucursal,id_dia,hora_inicio,hora_fin) VALUES (37,6,TO_TIMESTAMP('10-SEP-02 02:26:50 123000','DD-Mon-RR HH24:MI:SS FF'),TO_TIMESTAMP('10-SEP-02 11:11:17 123000','DD-Mon-RR HH24:MI:SS FF'));
INSERT INTO Horarios_Sucursales (id_sucursal,id_dia,hora_inicio,hora_fin) VALUES (38,6,TO_TIMESTAMP('10-SEP-02 05:02:12 123000','DD-Mon-RR HH24:MI:SS FF'),TO_TIMESTAMP('10-SEP-02 20:04:21 123000','DD-Mon-RR HH24:MI:SS FF'));
INSERT INTO Horarios_Sucursales (id_sucursal,id_dia,hora_inicio,hora_fin) VALUES (39,6,TO_TIMESTAMP('10-SEP-02 12:55:51 123000','DD-Mon-RR HH24:MI:SS FF'),TO_TIMESTAMP('10-SEP-02 20:08:57 123000','DD-Mon-RR HH24:MI:SS FF'));
INSERT INTO Horarios_Sucursales (id_sucursal,id_dia,hora_inicio,hora_fin) VALUES (40,6,TO_TIMESTAMP('10-SEP-02 07:19:32 123000','DD-Mon-RR HH24:MI:SS FF'),TO_TIMESTAMP('10-SEP-02 10:01:45 123000','DD-Mon-RR HH24:MI:SS FF'));
INSERT INTO Horarios_Sucursales (id_sucursal,id_dia,hora_inicio,hora_fin) VALUES (41,6,TO_TIMESTAMP('10-SEP-02 19:37:54 123000','DD-Mon-RR HH24:MI:SS FF'),TO_TIMESTAMP('10-SEP-02 23:43:25 123000','DD-Mon-RR HH24:MI:SS FF'));
INSERT INTO Horarios_Sucursales (id_sucursal,id_dia,hora_inicio,hora_fin) VALUES (42,6,TO_TIMESTAMP('10-SEP-02 08:33:04 123000','DD-Mon-RR HH24:MI:SS FF'),TO_TIMESTAMP('10-SEP-02 10:41:18 123000','DD-Mon-RR HH24:MI:SS FF'));
INSERT INTO Horarios_Sucursales (id_sucursal,id_dia,hora_inicio,hora_fin) VALUES (43,6,TO_TIMESTAMP('10-SEP-02 11:39:07 123000','DD-Mon-RR HH24:MI:SS FF'),TO_TIMESTAMP('10-SEP-02 22:02:25 123000','DD-Mon-RR HH24:MI:SS FF'));
INSERT INTO Horarios_Sucursales (id_sucursal,id_dia,hora_inicio,hora_fin) VALUES (44,6,TO_TIMESTAMP('10-SEP-02 09:27:05 123000','DD-Mon-RR HH24:MI:SS FF'),TO_TIMESTAMP('10-SEP-02 14:05:33 123000','DD-Mon-RR HH24:MI:SS FF'));
INSERT INTO Horarios_Sucursales (id_sucursal,id_dia,hora_inicio,hora_fin) VALUES (45,6,TO_TIMESTAMP('10-SEP-02 01:21:22 123000','DD-Mon-RR HH24:MI:SS FF'),TO_TIMESTAMP('10-SEP-02 23:02:03 123000','DD-Mon-RR HH24:MI:SS FF'));
INSERT INTO Horarios_Sucursales (id_sucursal,id_dia,hora_inicio,hora_fin) VALUES (46,6,TO_TIMESTAMP('10-SEP-02 06:18:52 123000','DD-Mon-RR HH24:MI:SS FF'),TO_TIMESTAMP('10-SEP-02 15:09:11 123000','DD-Mon-RR HH24:MI:SS FF'));
INSERT INTO Horarios_Sucursales (id_sucursal,id_dia,hora_inicio,hora_fin) VALUES (47,6,TO_TIMESTAMP('10-SEP-02 05:52:03 123000','DD-Mon-RR HH24:MI:SS FF'),TO_TIMESTAMP('10-SEP-02 08:49:34 123000','DD-Mon-RR HH24:MI:SS FF'));
INSERT INTO Horarios_Sucursales (id_sucursal,id_dia,hora_inicio,hora_fin) VALUES (48,6,TO_TIMESTAMP('10-SEP-02 10:01:46 123000','DD-Mon-RR HH24:MI:SS FF'),TO_TIMESTAMP('10-SEP-02 16:16:43 123000','DD-Mon-RR HH24:MI:SS FF'));
INSERT INTO Horarios_Sucursales (id_sucursal,id_dia,hora_inicio,hora_fin) VALUES (49,6,TO_TIMESTAMP('10-SEP-02 13:03:06 123000','DD-Mon-RR HH24:MI:SS FF'),TO_TIMESTAMP('10-SEP-02 15:57:13 123000','DD-Mon-RR HH24:MI:SS FF'));
INSERT INTO Horarios_Sucursales (id_sucursal,id_dia,hora_inicio,hora_fin) VALUES (50,6,TO_TIMESTAMP('10-SEP-02 01:28:36 123000','DD-Mon-RR HH24:MI:SS FF'),TO_TIMESTAMP('10-SEP-02 22:07:19 123000','DD-Mon-RR HH24:MI:SS FF'));

INSERT INTO Horarios_Sucursales (id_sucursal,id_dia,hora_inicio,hora_fin) VALUES (1,7,TO_TIMESTAMP('10-SEP-02 08:48:59 123000','DD-Mon-RR HH24:MI:SS FF'),TO_TIMESTAMP('10-SEP-02 13:56:19 123000','DD-Mon-RR HH24:MI:SS FF'));
INSERT INTO Horarios_Sucursales (id_sucursal,id_dia,hora_inicio,hora_fin) VALUES (2,7,TO_TIMESTAMP('10-SEP-02 14:15:15 123000','DD-Mon-RR HH24:MI:SS FF'),TO_TIMESTAMP('10-SEP-02 19:43:28 123000','DD-Mon-RR HH24:MI:SS FF'));
INSERT INTO Horarios_Sucursales (id_sucursal,id_dia,hora_inicio,hora_fin) VALUES (3,7,TO_TIMESTAMP('10-SEP-02 14:37:31 123000','DD-Mon-RR HH24:MI:SS FF'),TO_TIMESTAMP('10-SEP-02 17:35:30 123000','DD-Mon-RR HH24:MI:SS FF'));
INSERT INTO Horarios_Sucursales (id_sucursal,id_dia,hora_inicio,hora_fin) VALUES (4,7,TO_TIMESTAMP('10-SEP-02 02:54:31 123000','DD-Mon-RR HH24:MI:SS FF'),TO_TIMESTAMP('10-SEP-02 18:24:04 123000','DD-Mon-RR HH24:MI:SS FF'));
INSERT INTO Horarios_Sucursales (id_sucursal,id_dia,hora_inicio,hora_fin) VALUES (5,7,TO_TIMESTAMP('10-SEP-02 02:37:27 123000','DD-Mon-RR HH24:MI:SS FF'),TO_TIMESTAMP('10-SEP-02 14:22:15 123000','DD-Mon-RR HH24:MI:SS FF'));
INSERT INTO Horarios_Sucursales (id_sucursal,id_dia,hora_inicio,hora_fin) VALUES (6,7,TO_TIMESTAMP('10-SEP-02 13:28:36 123000','DD-Mon-RR HH24:MI:SS FF'),TO_TIMESTAMP('10-SEP-02 13:51:06 123000','DD-Mon-RR HH24:MI:SS FF'));
INSERT INTO Horarios_Sucursales (id_sucursal,id_dia,hora_inicio,hora_fin) VALUES (7,7,TO_TIMESTAMP('10-SEP-02 01:44:53 123000','DD-Mon-RR HH24:MI:SS FF'),TO_TIMESTAMP('10-SEP-02 19:51:41 123000','DD-Mon-RR HH24:MI:SS FF'));
INSERT INTO Horarios_Sucursales (id_sucursal,id_dia,hora_inicio,hora_fin) VALUES (8,7,TO_TIMESTAMP('10-SEP-02 16:26:47 123000','DD-Mon-RR HH24:MI:SS FF'),TO_TIMESTAMP('10-SEP-02 23:49:36 123000','DD-Mon-RR HH24:MI:SS FF'));
INSERT INTO Horarios_Sucursales (id_sucursal,id_dia,hora_inicio,hora_fin) VALUES (9,7,TO_TIMESTAMP('10-SEP-02 00:41:17 123000','DD-Mon-RR HH24:MI:SS FF'),TO_TIMESTAMP('10-SEP-02 21:23:42 123000','DD-Mon-RR HH24:MI:SS FF'));
INSERT INTO Horarios_Sucursales (id_sucursal,id_dia,hora_inicio,hora_fin) VALUES (10,7,TO_TIMESTAMP('10-SEP-02 06:40:03 123000','DD-Mon-RR HH24:MI:SS FF'),TO_TIMESTAMP('10-SEP-02 23:05:49 123000','DD-Mon-RR HH24:MI:SS FF'));
INSERT INTO Horarios_Sucursales (id_sucursal,id_dia,hora_inicio,hora_fin) VALUES (11,7,TO_TIMESTAMP('10-SEP-02 00:00:39 123000','DD-Mon-RR HH24:MI:SS FF'),TO_TIMESTAMP('10-SEP-02 01:39:02 123000','DD-Mon-RR HH24:MI:SS FF'));
INSERT INTO Horarios_Sucursales (id_sucursal,id_dia,hora_inicio,hora_fin) VALUES (12,7,TO_TIMESTAMP('10-SEP-02 16:25:57 123000','DD-Mon-RR HH24:MI:SS FF'),TO_TIMESTAMP('10-SEP-02 23:41:27 123000','DD-Mon-RR HH24:MI:SS FF'));
INSERT INTO Horarios_Sucursales (id_sucursal,id_dia,hora_inicio,hora_fin) VALUES (13,7,TO_TIMESTAMP('10-SEP-02 00:10:26 123000','DD-Mon-RR HH24:MI:SS FF'),TO_TIMESTAMP('10-SEP-02 06:02:16 123000','DD-Mon-RR HH24:MI:SS FF'));
INSERT INTO Horarios_Sucursales (id_sucursal,id_dia,hora_inicio,hora_fin) VALUES (14,7,TO_TIMESTAMP('10-SEP-02 19:15:05 123000','DD-Mon-RR HH24:MI:SS FF'),TO_TIMESTAMP('10-SEP-02 21:40:49 123000','DD-Mon-RR HH24:MI:SS FF'));
INSERT INTO Horarios_Sucursales (id_sucursal,id_dia,hora_inicio,hora_fin) VALUES (15,7,TO_TIMESTAMP('10-SEP-02 08:12:25 123000','DD-Mon-RR HH24:MI:SS FF'),TO_TIMESTAMP('10-SEP-02 14:57:25 123000','DD-Mon-RR HH24:MI:SS FF'));
INSERT INTO Horarios_Sucursales (id_sucursal,id_dia,hora_inicio,hora_fin) VALUES (16,7,TO_TIMESTAMP('10-SEP-02 04:28:51 123000','DD-Mon-RR HH24:MI:SS FF'),TO_TIMESTAMP('10-SEP-02 13:37:54 123000','DD-Mon-RR HH24:MI:SS FF'));
INSERT INTO Horarios_Sucursales (id_sucursal,id_dia,hora_inicio,hora_fin) VALUES (17,7,TO_TIMESTAMP('10-SEP-02 03:05:02 123000','DD-Mon-RR HH24:MI:SS FF'),TO_TIMESTAMP('10-SEP-02 18:40:31 123000','DD-Mon-RR HH24:MI:SS FF'));
INSERT INTO Horarios_Sucursales (id_sucursal,id_dia,hora_inicio,hora_fin) VALUES (18,7,TO_TIMESTAMP('10-SEP-02 15:11:55 123000','DD-Mon-RR HH24:MI:SS FF'),TO_TIMESTAMP('10-SEP-02 17:33:01 123000','DD-Mon-RR HH24:MI:SS FF'));
INSERT INTO Horarios_Sucursales (id_sucursal,id_dia,hora_inicio,hora_fin) VALUES (19,7,TO_TIMESTAMP('10-SEP-02 14:00:21 123000','DD-Mon-RR HH24:MI:SS FF'),TO_TIMESTAMP('10-SEP-02 22:27:27 123000','DD-Mon-RR HH24:MI:SS FF'));
INSERT INTO Horarios_Sucursales (id_sucursal,id_dia,hora_inicio,hora_fin) VALUES (20,7,TO_TIMESTAMP('10-SEP-02 06:05:39 123000','DD-Mon-RR HH24:MI:SS FF'),TO_TIMESTAMP('10-SEP-02 15:46:17 123000','DD-Mon-RR HH24:MI:SS FF'));
INSERT INTO Horarios_Sucursales (id_sucursal,id_dia,hora_inicio,hora_fin) VALUES (21,7,TO_TIMESTAMP('10-SEP-02 07:28:59 123000','DD-Mon-RR HH24:MI:SS FF'),TO_TIMESTAMP('10-SEP-02 17:08:59 123000','DD-Mon-RR HH24:MI:SS FF'));
INSERT INTO Horarios_Sucursales (id_sucursal,id_dia,hora_inicio,hora_fin) VALUES (22,7,TO_TIMESTAMP('10-SEP-02 06:43:10 123000','DD-Mon-RR HH24:MI:SS FF'),TO_TIMESTAMP('10-SEP-02 20:10:39 123000','DD-Mon-RR HH24:MI:SS FF'));
INSERT INTO Horarios_Sucursales (id_sucursal,id_dia,hora_inicio,hora_fin) VALUES (23,7,TO_TIMESTAMP('10-SEP-02 05:55:01 123000','DD-Mon-RR HH24:MI:SS FF'),TO_TIMESTAMP('10-SEP-02 08:11:03 123000','DD-Mon-RR HH24:MI:SS FF'));
INSERT INTO Horarios_Sucursales (id_sucursal,id_dia,hora_inicio,hora_fin) VALUES (24,7,TO_TIMESTAMP('10-SEP-02 01:27:00 123000','DD-Mon-RR HH24:MI:SS FF'),TO_TIMESTAMP('10-SEP-02 23:05:32 123000','DD-Mon-RR HH24:MI:SS FF'));
INSERT INTO Horarios_Sucursales (id_sucursal,id_dia,hora_inicio,hora_fin) VALUES (25,7,TO_TIMESTAMP('10-SEP-02 00:46:31 123000','DD-Mon-RR HH24:MI:SS FF'),TO_TIMESTAMP('10-SEP-02 10:29:59 123000','DD-Mon-RR HH24:MI:SS FF'));
INSERT INTO Horarios_Sucursales (id_sucursal,id_dia,hora_inicio,hora_fin) VALUES (26,7,TO_TIMESTAMP('10-SEP-02 00:25:18 123000','DD-Mon-RR HH24:MI:SS FF'),TO_TIMESTAMP('10-SEP-02 06:13:52 123000','DD-Mon-RR HH24:MI:SS FF'));
INSERT INTO Horarios_Sucursales (id_sucursal,id_dia,hora_inicio,hora_fin) VALUES (27,7,TO_TIMESTAMP('10-SEP-02 02:07:33 123000','DD-Mon-RR HH24:MI:SS FF'),TO_TIMESTAMP('10-SEP-02 21:14:48 123000','DD-Mon-RR HH24:MI:SS FF'));
INSERT INTO Horarios_Sucursales (id_sucursal,id_dia,hora_inicio,hora_fin) VALUES (28,7,TO_TIMESTAMP('10-SEP-02 05:38:34 123000','DD-Mon-RR HH24:MI:SS FF'),TO_TIMESTAMP('10-SEP-02 09:44:04 123000','DD-Mon-RR HH24:MI:SS FF'));
INSERT INTO Horarios_Sucursales (id_sucursal,id_dia,hora_inicio,hora_fin) VALUES (29,7,TO_TIMESTAMP('10-SEP-02 01:13:32 123000','DD-Mon-RR HH24:MI:SS FF'),TO_TIMESTAMP('10-SEP-02 04:43:20 123000','DD-Mon-RR HH24:MI:SS FF'));
INSERT INTO Horarios_Sucursales (id_sucursal,id_dia,hora_inicio,hora_fin) VALUES (30,7,TO_TIMESTAMP('10-SEP-02 06:46:37 123000','DD-Mon-RR HH24:MI:SS FF'),TO_TIMESTAMP('10-SEP-02 15:09:57 123000','DD-Mon-RR HH24:MI:SS FF'));
INSERT INTO Horarios_Sucursales (id_sucursal,id_dia,hora_inicio,hora_fin) VALUES (31,7,TO_TIMESTAMP('10-SEP-02 01:39:19 123000','DD-Mon-RR HH24:MI:SS FF'),TO_TIMESTAMP('10-SEP-02 13:40:16 123000','DD-Mon-RR HH24:MI:SS FF'));
INSERT INTO Horarios_Sucursales (id_sucursal,id_dia,hora_inicio,hora_fin) VALUES (32,7,TO_TIMESTAMP('10-SEP-02 10:53:02 123000','DD-Mon-RR HH24:MI:SS FF'),TO_TIMESTAMP('10-SEP-02 22:48:32 123000','DD-Mon-RR HH24:MI:SS FF'));
INSERT INTO Horarios_Sucursales (id_sucursal,id_dia,hora_inicio,hora_fin) VALUES (33,7,TO_TIMESTAMP('10-SEP-02 18:38:30 123000','DD-Mon-RR HH24:MI:SS FF'),TO_TIMESTAMP('10-SEP-02 18:47:50 123000','DD-Mon-RR HH24:MI:SS FF'));
INSERT INTO Horarios_Sucursales (id_sucursal,id_dia,hora_inicio,hora_fin) VALUES (34,7,TO_TIMESTAMP('10-SEP-02 05:48:00 123000','DD-Mon-RR HH24:MI:SS FF'),TO_TIMESTAMP('10-SEP-02 05:59:36 123000','DD-Mon-RR HH24:MI:SS FF'));
INSERT INTO Horarios_Sucursales (id_sucursal,id_dia,hora_inicio,hora_fin) VALUES (35,7,TO_TIMESTAMP('10-SEP-02 08:36:56 123000','DD-Mon-RR HH24:MI:SS FF'),TO_TIMESTAMP('10-SEP-02 19:50:05 123000','DD-Mon-RR HH24:MI:SS FF'));
INSERT INTO Horarios_Sucursales (id_sucursal,id_dia,hora_inicio,hora_fin) VALUES (36,7,TO_TIMESTAMP('10-SEP-02 00:18:26 123000','DD-Mon-RR HH24:MI:SS FF'),TO_TIMESTAMP('10-SEP-02 22:02:08 123000','DD-Mon-RR HH24:MI:SS FF'));
INSERT INTO Horarios_Sucursales (id_sucursal,id_dia,hora_inicio,hora_fin) VALUES (37,7,TO_TIMESTAMP('10-SEP-02 01:01:39 123000','DD-Mon-RR HH24:MI:SS FF'),TO_TIMESTAMP('10-SEP-02 13:34:14 123000','DD-Mon-RR HH24:MI:SS FF'));
INSERT INTO Horarios_Sucursales (id_sucursal,id_dia,hora_inicio,hora_fin) VALUES (38,7,TO_TIMESTAMP('10-SEP-02 13:21:00 123000','DD-Mon-RR HH24:MI:SS FF'),TO_TIMESTAMP('10-SEP-02 18:39:04 123000','DD-Mon-RR HH24:MI:SS FF'));
INSERT INTO Horarios_Sucursales (id_sucursal,id_dia,hora_inicio,hora_fin) VALUES (39,7,TO_TIMESTAMP('10-SEP-02 00:06:10 123000','DD-Mon-RR HH24:MI:SS FF'),TO_TIMESTAMP('10-SEP-02 11:07:24 123000','DD-Mon-RR HH24:MI:SS FF'));
INSERT INTO Horarios_Sucursales (id_sucursal,id_dia,hora_inicio,hora_fin) VALUES (40,7,TO_TIMESTAMP('10-SEP-02 17:04:09 123000','DD-Mon-RR HH24:MI:SS FF'),TO_TIMESTAMP('10-SEP-02 22:59:07 123000','DD-Mon-RR HH24:MI:SS FF'));
INSERT INTO Horarios_Sucursales (id_sucursal,id_dia,hora_inicio,hora_fin) VALUES (41,7,TO_TIMESTAMP('10-SEP-02 14:40:02 123000','DD-Mon-RR HH24:MI:SS FF'),TO_TIMESTAMP('10-SEP-02 16:41:38 123000','DD-Mon-RR HH24:MI:SS FF'));
INSERT INTO Horarios_Sucursales (id_sucursal,id_dia,hora_inicio,hora_fin) VALUES (42,7,TO_TIMESTAMP('10-SEP-02 12:06:24 123000','DD-Mon-RR HH24:MI:SS FF'),TO_TIMESTAMP('10-SEP-02 20:59:00 123000','DD-Mon-RR HH24:MI:SS FF'));
INSERT INTO Horarios_Sucursales (id_sucursal,id_dia,hora_inicio,hora_fin) VALUES (43,7,TO_TIMESTAMP('10-SEP-02 00:05:38 123000','DD-Mon-RR HH24:MI:SS FF'),TO_TIMESTAMP('10-SEP-02 01:59:47 123000','DD-Mon-RR HH24:MI:SS FF'));
INSERT INTO Horarios_Sucursales (id_sucursal,id_dia,hora_inicio,hora_fin) VALUES (44,7,TO_TIMESTAMP('10-SEP-02 20:06:19 123000','DD-Mon-RR HH24:MI:SS FF'),TO_TIMESTAMP('10-SEP-02 21:32:33 123000','DD-Mon-RR HH24:MI:SS FF'));
INSERT INTO Horarios_Sucursales (id_sucursal,id_dia,hora_inicio,hora_fin) VALUES (45,7,TO_TIMESTAMP('10-SEP-02 20:36:14 123000','DD-Mon-RR HH24:MI:SS FF'),TO_TIMESTAMP('10-SEP-02 22:27:50 123000','DD-Mon-RR HH24:MI:SS FF'));
INSERT INTO Horarios_Sucursales (id_sucursal,id_dia,hora_inicio,hora_fin) VALUES (46,7,TO_TIMESTAMP('10-SEP-02 01:21:41 123000','DD-Mon-RR HH24:MI:SS FF'),TO_TIMESTAMP('10-SEP-02 20:38:17 123000','DD-Mon-RR HH24:MI:SS FF'));
INSERT INTO Horarios_Sucursales (id_sucursal,id_dia,hora_inicio,hora_fin) VALUES (47,7,TO_TIMESTAMP('10-SEP-02 00:26:05 123000','DD-Mon-RR HH24:MI:SS FF'),TO_TIMESTAMP('10-SEP-02 12:08:20 123000','DD-Mon-RR HH24:MI:SS FF'));
INSERT INTO Horarios_Sucursales (id_sucursal,id_dia,hora_inicio,hora_fin) VALUES (48,7,TO_TIMESTAMP('10-SEP-02 00:23:58 123000','DD-Mon-RR HH24:MI:SS FF'),TO_TIMESTAMP('10-SEP-02 13:54:50 123000','DD-Mon-RR HH24:MI:SS FF'));
INSERT INTO Horarios_Sucursales (id_sucursal,id_dia,hora_inicio,hora_fin) VALUES (49,7,TO_TIMESTAMP('10-SEP-02 07:08:17 123000','DD-Mon-RR HH24:MI:SS FF'),TO_TIMESTAMP('10-SEP-02 09:47:01 123000','DD-Mon-RR HH24:MI:SS FF'));
INSERT INTO Horarios_Sucursales (id_sucursal,id_dia,hora_inicio,hora_fin) VALUES (50,7,TO_TIMESTAMP('10-SEP-02 07:27:19 123000','DD-Mon-RR HH24:MI:SS FF'),TO_TIMESTAMP('10-SEP-02 18:29:23 123000','DD-Mon-RR HH24:MI:SS FF'));

INSERT INTO Producto (id_producto,nombre,marca) VALUES (1, 'Suadero','felis.');
INSERT INTO Producto (id_producto,nombre,marca) VALUES (2, 'Cochinita','nec');
INSERT INTO Producto (id_producto,nombre,marca) VALUES (3, 'Pastor','Sed');
INSERT INTO Producto (id_producto,nombre,marca) VALUES (4, 'Chorizo','lacus.');
INSERT INTO Producto (id_producto,nombre,marca) VALUES (5, 'Cabeza de res','Nam');
INSERT INTO Producto (id_producto,nombre,marca) VALUES (6, 'Lengua de res','enim');
INSERT INTO Producto (id_producto,nombre,marca) VALUES (7, 'Bistec','non');
INSERT INTO Producto (id_producto,nombre,marca) VALUES (8, 'Piña','facilisis');
INSERT INTO Producto (id_producto,nombre,marca) VALUES (9, 'Maiz','nisi');
INSERT INTO Producto (id_producto,nombre,marca) VALUES (10, 'Guajillo','morbi');
INSERT INTO Producto (id_producto,nombre,marca) VALUES (11, 'Tomates','eu,');
INSERT INTO Producto (id_producto,nombre,marca) VALUES (12, 'Jitomates','Vivamus');
INSERT INTO Producto (id_producto,nombre,marca) VALUES (13, 'Chile de arbol','magna.');
INSERT INTO Producto (id_producto,nombre,marca) VALUES (14, 'Chipotle','enim.');
INSERT INTO Producto (id_producto,nombre,marca) VALUES (15, 'Chistorra','non,');
INSERT INTO Producto (id_producto,nombre,marca) VALUES (16, 'Huevo','convallis,');
INSERT INTO Producto (id_producto,nombre,marca) VALUES (17, 'Chiltepe','felis.');
INSERT INTO Producto (id_producto,nombre,marca) VALUES (18, 'Serrano','lorem,');
INSERT INTO Producto (id_producto,nombre,marca) VALUES (19, 'Pollo','faucibus');
INSERT INTO Producto (id_producto,nombre,marca) VALUES (20, 'Ternera','eget');
INSERT INTO Producto (id_producto,nombre,marca) VALUES (21, 'Tripa','et,');
INSERT INTO Producto (id_producto,nombre,marca) VALUES (22, 'Maciza','elit,');
INSERT INTO Producto (id_producto,nombre,marca) VALUES (23, 'Buche','aliquam');
INSERT INTO Producto (id_producto,nombre,marca) VALUES (24, 'Cilantro','ipsum');
INSERT INTO Producto (id_producto,nombre,marca) VALUES (25, 'Cebolla','senectus');
INSERT INTO Producto (id_producto,nombre,marca) VALUES (26, 'Morron rojo','Aliquam');
INSERT INTO Producto (id_producto,nombre,marca) VALUES (27, 'Morron verde','Etiam');
INSERT INTO Producto (id_producto,nombre,marca) VALUES (28, 'Queso','vel,');
INSERT INTO Producto (id_producto,nombre,marca) VALUES (29, 'Tortilla','Phasellus');
INSERT INTO Producto (id_producto,nombre,marca) VALUES (30, 'Tostada','enim');
INSERT INTO Producto (id_producto,nombre,marca) VALUES (31, 'Lechuga','dis');
INSERT INTO Producto (id_producto,nombre,marca) VALUES (32, 'Rabano','neque');
INSERT INTO Producto (id_producto,nombre,marca) VALUES (33, 'Chicatanas','sit');
INSERT INTO Producto (id_producto,nombre,marca) VALUES (34, 'Nopales','magna');
INSERT INTO Producto (id_producto,nombre,marca) VALUES (35, 'Sal','aliquam');
INSERT INTO Producto (id_producto,nombre,marca) VALUES (36, 'Pimienta','neque.');
INSERT INTO Producto (id_producto,nombre,marca) VALUES (37, 'Manteca','Maecenas');
INSERT INTO Producto (id_producto,nombre,marca) VALUES (38, 'Aceite','consequat');
INSERT INTO Producto (id_producto,nombre,marca) VALUES (39, 'Cecina','dolor');
INSERT INTO Producto (id_producto,nombre,marca) VALUES (40, 'Enchilada','turpis.');
INSERT INTO Producto (id_producto,nombre,marca) VALUES (41, 'Nana','sed');
INSERT INTO Producto (id_producto,nombre,marca) VALUES (42, 'Frijoles','Nunc');
INSERT INTO Producto (id_producto,nombre,marca) VALUES (43, 'Bolillo','tincidunt');
INSERT INTO Producto (id_producto,nombre,marca) VALUES (44, 'Mayonesa','viverra.');
INSERT INTO Producto (id_producto,nombre,marca) VALUES (45, 'Atun','eget');
INSERT INTO Producto (id_producto,nombre,marca) VALUES (46, 'Limon','Integer');
INSERT INTO Producto (id_producto,nombre,marca) VALUES (47, 'Salchicha','Integer');
INSERT INTO Producto (id_producto,nombre,marca) VALUES (48, 'Jamon','et');
INSERT INTO Producto (id_producto,nombre,marca) VALUES (49, 'Molida','Cras');
INSERT INTO Producto (id_producto,nombre,marca) VALUES (50, 'Aguacate','diam');
INSERT INTO Producto (id_producto,nombre,marca) VALUES (51, 'Minifaldas','Phasellus');
INSERT INTO Producto (id_producto,nombre,marca) VALUES (52, 'Silla','laoreet,');
INSERT INTO Producto (id_producto,nombre,marca) VALUES (53, 'Veneno ratas','tincidunt');
INSERT INTO Producto (id_producto,nombre,marca) VALUES (54, 'Parrilla','parturient');
INSERT INTO Producto (id_producto,nombre,marca) VALUES (55, 'Veneno insecto','non');
INSERT INTO Producto (id_producto,nombre,marca) VALUES (56, 'Foco','Aenean');
INSERT INTO Producto (id_producto,nombre,marca) VALUES (57, 'Pintura','quis');
INSERT INTO Producto (id_producto,nombre,marca) VALUES (58, 'Zapatos','dignissim');
INSERT INTO Producto (id_producto,nombre,marca) VALUES (59, 'Plato','eu');
INSERT INTO Producto (id_producto,nombre,marca) VALUES (60, 'Vaso','non');
INSERT INTO Producto (id_producto,nombre,marca) VALUES (61, 'Mantel','id');
INSERT INTO Producto (id_producto,nombre,marca) VALUES (62, 'Pantalla','augue');
INSERT INTO Producto (id_producto,nombre,marca) VALUES (63, 'Computador','elementum');
INSERT INTO Producto (id_producto,nombre,marca) VALUES (64, 'Teclado','elementum,');
INSERT INTO Producto (id_producto,nombre,marca) VALUES (65, 'Raton','semper');
INSERT INTO Producto (id_producto,nombre,marca) VALUES (66, 'Pantalon','ipsum');
INSERT INTO Producto (id_producto,nombre,marca) VALUES (67, 'Camisa','ante.');
INSERT INTO Producto (id_producto,nombre,marca) VALUES (68, 'Cinturon','eget');
INSERT INTO Producto (id_producto,nombre,marca) VALUES (69, 'Papel','luctus,');
INSERT INTO Producto (id_producto,nombre,marca) VALUES (70, 'Servilletas','magna.');
INSERT INTO Producto (id_producto,nombre,marca) VALUES (71, 'Letrero','magna,');
INSERT INTO Producto (id_producto,nombre,marca) VALUES (72, 'Lavaloza','sit');
INSERT INTO Producto (id_producto,nombre,marca) VALUES (73, 'Jabon','sem');
INSERT INTO Producto (id_producto,nombre,marca) VALUES (74, 'Escoba','Mauris');
INSERT INTO Producto (id_producto,nombre,marca) VALUES (75, 'Mechudo','arcu');
INSERT INTO Producto (id_producto,nombre,marca) VALUES (76, 'Pancarta','ipsum');
INSERT INTO Producto (id_producto,nombre,marca) VALUES (77, 'Acido','Nulla');
INSERT INTO Producto (id_producto,nombre,marca) VALUES (78, 'Pegamento','non,');
INSERT INTO Producto (id_producto,nombre,marca) VALUES (79, 'Trapo','Duis');
INSERT INTO Producto (id_producto,nombre,marca) VALUES (80, 'Jerga','malesuada');
INSERT INTO Producto (id_producto,nombre,marca) VALUES (81, 'Envases','Proin');
INSERT INTO Producto (id_producto,nombre,marca) VALUES (82, 'Estufa','neque');
INSERT INTO Producto (id_producto,nombre,marca) VALUES (83, 'Espejo','eget');
INSERT INTO Producto (id_producto,nombre,marca) VALUES (84, 'Destapacaño','ornare.');
INSERT INTO Producto (id_producto,nombre,marca) VALUES (85, 'Delantal','Nulla');
INSERT INTO Producto (id_producto,nombre,marca) VALUES (86, 'Rejilla','pellentesque.');
INSERT INTO Producto (id_producto,nombre,marca) VALUES (87, 'Decoraciones','mi');
INSERT INTO Producto (id_producto,nombre,marca) VALUES (88, 'Lampara','facilisis');
INSERT INTO Producto (id_producto,nombre,marca) VALUES (89, 'Cinturon','pede');
INSERT INTO Producto (id_producto,nombre,marca) VALUES (90, 'Papel','eu');
INSERT INTO Producto (id_producto,nombre,marca) VALUES (91, 'Servilletas','blandit');
INSERT INTO Producto (id_producto,nombre,marca) VALUES (92, 'Letrero','ut');
INSERT INTO Producto (id_producto,nombre,marca) VALUES (93, 'Lavaloza','venenatis');
INSERT INTO Producto (id_producto,nombre,marca) VALUES (94, 'Jabon','ipsum');
INSERT INTO Producto (id_producto,nombre,marca) VALUES (95, 'Escoba','in');
INSERT INTO Producto (id_producto,nombre,marca) VALUES (96, 'Mechudo','a,');
INSERT INTO Producto (id_producto,nombre,marca) VALUES (97, 'Parrilla','fames');
INSERT INTO Producto (id_producto,nombre,marca) VALUES (98, 'Veneno insecto','diam.');
INSERT INTO Producto (id_producto,nombre,marca) VALUES (99, 'Foco','felis.');
INSERT INTO Producto (id_producto,nombre,marca) VALUES (100, 'Pintura','Sed');

INSERT INTO Proveedor (id_proveedor,id_direccion,nombre,telefono,email) VALUES (1,351,'Valencia','4523237844','at@temporaugueac.org');
INSERT INTO Proveedor (id_proveedor,id_direccion,nombre,telefono,email) VALUES (2,352,'Vang','9433063840','magna@egetvarius.ca');
INSERT INTO Proveedor (id_proveedor,id_direccion,nombre,telefono,email) VALUES (3,353,'Whitney','4053353740','elit.erat.vitae@necenim.ca');
INSERT INTO Proveedor (id_proveedor,id_direccion,nombre,telefono,email) VALUES (4,354,'York','7439003090','nec.imperdiet.nec@velmauris.net');
INSERT INTO Proveedor (id_proveedor,id_direccion,nombre,telefono,email) VALUES (5,355,'Cooke','4455349877','in@ullamcorper.edu');
INSERT INTO Proveedor (id_proveedor,id_direccion,nombre,telefono,email) VALUES (6,356,'Skinner','7709854470','eros.Proin@vitaeerat.org');
INSERT INTO Proveedor (id_proveedor,id_direccion,nombre,telefono,email) VALUES (7,357,'Saunders','6537333189','nunc.In.at@aliquet.ca');
INSERT INTO Proveedor (id_proveedor,id_direccion,nombre,telefono,email) VALUES (8,358,'Moses','3129147223','tellus@luctuset.ca');
INSERT INTO Proveedor (id_proveedor,id_direccion,nombre,telefono,email) VALUES (9,359,'Copeland','2555494708','Curabitur.massa.Vestibulum@Morbimetus.edu');
INSERT INTO Proveedor (id_proveedor,id_direccion,nombre,telefono,email) VALUES (10,360,'Irwin','5714380893','faucibus.orci.luctus@molestietellusAenean.edu');
INSERT INTO Proveedor (id_proveedor,id_direccion,nombre,telefono,email) VALUES (11,361,'Moreno','3148149891','auctor.velit.eget@orciquis.ca');
INSERT INTO Proveedor (id_proveedor,id_direccion,nombre,telefono,email) VALUES (12,362,'Burke','3533138313','at@Pellentesquehabitantmorbi.com');
INSERT INTO Proveedor (id_proveedor,id_direccion,nombre,telefono,email) VALUES (13,363,'Mcdaniel','1266375545','sed.pede@infelisNulla.org');
INSERT INTO Proveedor (id_proveedor,id_direccion,nombre,telefono,email) VALUES (14,364,'Gallagher','4212041057','et.malesuada.fames@arcu.org');
INSERT INTO Proveedor (id_proveedor,id_direccion,nombre,telefono,email) VALUES (15,365,'Franks','8624832103','vitae.mauris@euismodenim.org');
INSERT INTO Proveedor (id_proveedor,id_direccion,nombre,telefono,email) VALUES (16,366,'Taylor','5843353704','cubilia.Curae@Suspendisse.edu');
INSERT INTO Proveedor (id_proveedor,id_direccion,nombre,telefono,email) VALUES (17,367,'Juarez','3837947965','orci.in.consequat@actellus.net');
INSERT INTO Proveedor (id_proveedor,id_direccion,nombre,telefono,email) VALUES (18,368,'Blanchard','1621164395','vitae@mollis.org');
INSERT INTO Proveedor (id_proveedor,id_direccion,nombre,telefono,email) VALUES (19,369,'Morton','7907716426','nec.orci.Donec@urna.co.uk');
INSERT INTO Proveedor (id_proveedor,id_direccion,nombre,telefono,email) VALUES (20,370,'Woodward','3611465419','dui.lectus.rutrum@Nunc.com');
INSERT INTO Proveedor (id_proveedor,id_direccion,nombre,telefono,email) VALUES (21,371,'Jones','7293317023','nibh@conubianostra.co.uk');
INSERT INTO Proveedor (id_proveedor,id_direccion,nombre,telefono,email) VALUES (22,372,'Harrell','9747638828','congue.turpis@massa.ca');
INSERT INTO Proveedor (id_proveedor,id_direccion,nombre,telefono,email) VALUES (23,373,'Justice','1817036893','Ut.sagittis@disparturientmontes.ca');
INSERT INTO Proveedor (id_proveedor,id_direccion,nombre,telefono,email) VALUES (24,374,'Santana','6698757220','orci@rutrum.ca');
INSERT INTO Proveedor (id_proveedor,id_direccion,nombre,telefono,email) VALUES (25,375,'Oneil','2096813845','egestas@malesuada.ca');
INSERT INTO Proveedor (id_proveedor,id_direccion,nombre,telefono,email) VALUES (26,376,'Nelson','6589762627','odio.tristique@Duis.net');
INSERT INTO Proveedor (id_proveedor,id_direccion,nombre,telefono,email) VALUES (27,377,'Flynn','9337661398','cursus.vestibulum@lorem.com');
INSERT INTO Proveedor (id_proveedor,id_direccion,nombre,telefono,email) VALUES (28,378,'Knapp','6534076281','adipiscing.enim@Nullatemporaugue.net');
INSERT INTO Proveedor (id_proveedor,id_direccion,nombre,telefono,email) VALUES (29,379,'Zamora','3207869209','a.felis@maurisid.org');
INSERT INTO Proveedor (id_proveedor,id_direccion,nombre,telefono,email) VALUES (30,380,'Gray','5904239784','egestas.nunc.sed@diamluctus.org');
INSERT INTO Proveedor (id_proveedor,id_direccion,nombre,telefono,email) VALUES (31,381,'Leblanc','8486618657','Donec.egestas@portaelita.ca');
INSERT INTO Proveedor (id_proveedor,id_direccion,nombre,telefono,email) VALUES (32,382,'Tanner','7795957357','elit.pretium.et@quamCurabitur.net');
INSERT INTO Proveedor (id_proveedor,id_direccion,nombre,telefono,email) VALUES (33,383,'Baxter','1129773029','euismod.et@purus.ca');
INSERT INTO Proveedor (id_proveedor,id_direccion,nombre,telefono,email) VALUES (34,384,'Blankenship','5307025852','Fusce@nislQuisquefringilla.edu');
INSERT INTO Proveedor (id_proveedor,id_direccion,nombre,telefono,email) VALUES (35,385,'Morris','8971719899','a.mi@aenimSuspendisse.edu');
INSERT INTO Proveedor (id_proveedor,id_direccion,nombre,telefono,email) VALUES (36,386,'Chan','1933081638','et.libero@duiSuspendisseac.edu');
INSERT INTO Proveedor (id_proveedor,id_direccion,nombre,telefono,email) VALUES (37,387,'Singleton','5846798767','Morbi@lobortis.com');
INSERT INTO Proveedor (id_proveedor,id_direccion,nombre,telefono,email) VALUES (38,388,'Sims','7007112093','Proin.velit.Sed@tempuseu.co.uk');
INSERT INTO Proveedor (id_proveedor,id_direccion,nombre,telefono,email) VALUES (39,389,'Taylor','2649416631','vel.turpis@odio.edu');
INSERT INTO Proveedor (id_proveedor,id_direccion,nombre,telefono,email) VALUES (40,390,'Swanson','7631643901','metus.facilisis@Fuscedolor.ca');
INSERT INTO Proveedor (id_proveedor,id_direccion,nombre,telefono,email) VALUES (41,391,'Byers','6259041125','Phasellus.dapibus.quam@aliquetmetus.edu');
INSERT INTO Proveedor (id_proveedor,id_direccion,nombre,telefono,email) VALUES (42,392,'Spencer','9365839514','In.tincidunt@Aliquamrutrumlorem.org');
INSERT INTO Proveedor (id_proveedor,id_direccion,nombre,telefono,email) VALUES (43,393,'Rich','4478069666','Maecenas@enim.com');
INSERT INTO Proveedor (id_proveedor,id_direccion,nombre,telefono,email) VALUES (44,394,'Tate','3104804037','molestie.Sed.id@dolornonummy.com');
INSERT INTO Proveedor (id_proveedor,id_direccion,nombre,telefono,email) VALUES (45,395,'Mercado','4979302530','diam.lorem.auctor@cursusinhendrerit.edu');
INSERT INTO Proveedor (id_proveedor,id_direccion,nombre,telefono,email) VALUES (46,396,'Ratliff','6212595166','aliquet@felispurus.ca');
INSERT INTO Proveedor (id_proveedor,id_direccion,nombre,telefono,email) VALUES (47,397,'Owen','3411866366','egestas.Sed.pharetra@scelerisquelorem.edu');
INSERT INTO Proveedor (id_proveedor,id_direccion,nombre,telefono,email) VALUES (48,398,'Anderson','3677818209','Nam.ac@Sed.net');
INSERT INTO Proveedor (id_proveedor,id_direccion,nombre,telefono,email) VALUES (49,399,'Berger','8715160732','rhoncus.Proin@pretiumnequeMorbi.co.uk');
INSERT INTO Proveedor (id_proveedor,id_direccion,nombre,telefono,email) VALUES (50,400,'Mccall','2091941572','cursus.in.hendrerit@Phaselluselitpede.co.uk');
INSERT INTO Proveedor (id_proveedor,id_direccion,nombre,telefono,email) VALUES (51,401,'Hardin','5927110757','tellus@adipiscingfringilla.ca');
INSERT INTO Proveedor (id_proveedor,id_direccion,nombre,telefono,email) VALUES (52,402,'Rutledge','4412606152','ac@sapiengravidanon.co.uk');
INSERT INTO Proveedor (id_proveedor,id_direccion,nombre,telefono,email) VALUES (53,403,'Ashley','7763106115','et.arcu.imperdiet@acfacilisis.co.uk');
INSERT INTO Proveedor (id_proveedor,id_direccion,nombre,telefono,email) VALUES (54,404,'Medina','8503397679','eu@Namnulla.co.uk');
INSERT INTO Proveedor (id_proveedor,id_direccion,nombre,telefono,email) VALUES (55,405,'Howe','7867420816','iaculis.nec@semperetlacinia.org');
INSERT INTO Proveedor (id_proveedor,id_direccion,nombre,telefono,email) VALUES (56,406,'Ratliff','4839377398','suscipit@Nunc.ca');
INSERT INTO Proveedor (id_proveedor,id_direccion,nombre,telefono,email) VALUES (57,407,'Wood','4195531340','mollis.Integer@montesnasceturridiculus.edu');
INSERT INTO Proveedor (id_proveedor,id_direccion,nombre,telefono,email) VALUES (58,408,'Allen','3454540874','taciti.sociosqu.ad@estMauriseu.co.uk');
INSERT INTO Proveedor (id_proveedor,id_direccion,nombre,telefono,email) VALUES (59,409,'French','1892062142','nulla@dignissimpharetra.co.uk');
INSERT INTO Proveedor (id_proveedor,id_direccion,nombre,telefono,email) VALUES (60,410,'Hays','3255144465','Aliquam.erat.volutpat@sem.edu');
INSERT INTO Proveedor (id_proveedor,id_direccion,nombre,telefono,email) VALUES (61,411,'Bird','5175267525','consectetuer@interdumliberodui.com');
INSERT INTO Proveedor (id_proveedor,id_direccion,nombre,telefono,email) VALUES (62,412,'Weaver','3354534303','Cum.sociis.natoque@perinceptos.net');
INSERT INTO Proveedor (id_proveedor,id_direccion,nombre,telefono,email) VALUES (63,413,'Powers','5103471581','risus.varius@acmetus.edu');
INSERT INTO Proveedor (id_proveedor,id_direccion,nombre,telefono,email) VALUES (64,414,'Bowman','3454715654','Cras.interdum.Nunc@necanteMaecenas.org');
INSERT INTO Proveedor (id_proveedor,id_direccion,nombre,telefono,email) VALUES (65,415,'Jensen','9431831406','Sed@diam.com');
INSERT INTO Proveedor (id_proveedor,id_direccion,nombre,telefono,email) VALUES (66,416,'Byrd','8164530139','ante@augueeu.ca');
INSERT INTO Proveedor (id_proveedor,id_direccion,nombre,telefono,email) VALUES (67,417,'Fleming','6262577437','augue.eu.tellus@necdiam.com');
INSERT INTO Proveedor (id_proveedor,id_direccion,nombre,telefono,email) VALUES (68,418,'Shannon','8786374159','turpis@velit.net');
INSERT INTO Proveedor (id_proveedor,id_direccion,nombre,telefono,email) VALUES (69,419,'Freeman','9838578009','nec.urna.et@Nuncut.com');
INSERT INTO Proveedor (id_proveedor,id_direccion,nombre,telefono,email) VALUES (70,420,'Cobb','9411650036','eu@ataugueid.edu');
INSERT INTO Proveedor (id_proveedor,id_direccion,nombre,telefono,email) VALUES (71,421,'Tran','2093485204','cursus@arcuVivamussit.edu');
INSERT INTO Proveedor (id_proveedor,id_direccion,nombre,telefono,email) VALUES (72,422,'Lloyd','9293107732','diam@Morbi.com');
INSERT INTO Proveedor (id_proveedor,id_direccion,nombre,telefono,email) VALUES (73,423,'Sweet','6366182016','eros.nec.tellus@ipsum.ca');
INSERT INTO Proveedor (id_proveedor,id_direccion,nombre,telefono,email) VALUES (74,424,'Adams','7368204552','Nullam.vitae@Phasellus.org');
INSERT INTO Proveedor (id_proveedor,id_direccion,nombre,telefono,email) VALUES (75,425,'Pugh','4503437593','sapien.Nunc.pulvinar@vulputate.org');
INSERT INTO Proveedor (id_proveedor,id_direccion,nombre,telefono,email) VALUES (76,426,'Vargas','2407573557','sagittis.placerat@Suspendissetristiqueneque.ca');
INSERT INTO Proveedor (id_proveedor,id_direccion,nombre,telefono,email) VALUES (77,427,'Newton','7186365580','faucibus@eu.edu');
INSERT INTO Proveedor (id_proveedor,id_direccion,nombre,telefono,email) VALUES (78,428,'Bailey','5325985872','Aliquam.auctor.velit@tortor.net');
INSERT INTO Proveedor (id_proveedor,id_direccion,nombre,telefono,email) VALUES (79,429,'Day','6397264028','magna.Lorem@ornarelectusjusto.net');
INSERT INTO Proveedor (id_proveedor,id_direccion,nombre,telefono,email) VALUES (80,430,'Ramirez','3019425835','et@Nullam.org');
INSERT INTO Proveedor (id_proveedor,id_direccion,nombre,telefono,email) VALUES (81,431,'Castaneda','8379555671','vitae.dolor@acurna.org');
INSERT INTO Proveedor (id_proveedor,id_direccion,nombre,telefono,email) VALUES (82,432,'Vazquez','8773339330','natoque.penatibus@condimentumDonecat.net');
INSERT INTO Proveedor (id_proveedor,id_direccion,nombre,telefono,email) VALUES (83,433,'Nieves','8826891002','eu.tellus.eu@necquam.com');
INSERT INTO Proveedor (id_proveedor,id_direccion,nombre,telefono,email) VALUES (84,434,'Gallagher','3271736190','Cras.dolor@dapibusgravida.edu');
INSERT INTO Proveedor (id_proveedor,id_direccion,nombre,telefono,email) VALUES (85,435,'Woodard','5352338862','justo@auctorodioa.edu');
INSERT INTO Proveedor (id_proveedor,id_direccion,nombre,telefono,email) VALUES (86,436,'Crawford','1478582640','at.fringilla@egestasAliquam.ca');
INSERT INTO Proveedor (id_proveedor,id_direccion,nombre,telefono,email) VALUES (87,437,'Haynes','9682305916','non@pedePraesenteu.com');
INSERT INTO Proveedor (id_proveedor,id_direccion,nombre,telefono,email) VALUES (88,438,'Perry','9811392810','ut@lobortistellusjusto.net');
INSERT INTO Proveedor (id_proveedor,id_direccion,nombre,telefono,email) VALUES (89,439,'Barlow','7759091249','Phasellus.dapibus.quam@metus.net');
INSERT INTO Proveedor (id_proveedor,id_direccion,nombre,telefono,email) VALUES (90,440,'Cervantes','5301747428','Nam@necmalesuada.edu');
INSERT INTO Proveedor (id_proveedor,id_direccion,nombre,telefono,email) VALUES (91,441,'Long','5367497392','ut@vulputatenisisem.ca');
INSERT INTO Proveedor (id_proveedor,id_direccion,nombre,telefono,email) VALUES (92,442,'Serrano','9549179229','ultrices.a.auctor@Donectempor.edu');
INSERT INTO Proveedor (id_proveedor,id_direccion,nombre,telefono,email) VALUES (93,443,'Stuart','9257498739','ut@aliquamarcuAliquam.ca');
INSERT INTO Proveedor (id_proveedor,id_direccion,nombre,telefono,email) VALUES (94,444,'Henderson','7328829601','mollis.non.cursus@duiSuspendisse.ca');
INSERT INTO Proveedor (id_proveedor,id_direccion,nombre,telefono,email) VALUES (95,445,'Cunningham','5816694674','ut@disparturient.org');
INSERT INTO Proveedor (id_proveedor,id_direccion,nombre,telefono,email) VALUES (96,446,'Jackson','3929542624','Suspendisse@nonbibendum.net');
INSERT INTO Proveedor (id_proveedor,id_direccion,nombre,telefono,email) VALUES (97,447,'Reid','1095669131','sodales@massa.ca');
INSERT INTO Proveedor (id_proveedor,id_direccion,nombre,telefono,email) VALUES (98,448,'Donaldson','9986489939','purus.in.molestie@et.net');
INSERT INTO Proveedor (id_proveedor,id_direccion,nombre,telefono,email) VALUES (99,449,'Carney','8677348794','nunc.est@velit.net');
INSERT INTO Proveedor (id_proveedor,id_direccion,nombre,telefono,email) VALUES (100,450,'Maxwell','2589511546','erat.vitae@sem.org');

INSERT INTO Ingrediente (id_ingrediente,unidad_de_medida,cantidad,caducidad) VALUES (1,'Kilos',169,'14/03/2017');
INSERT INTO Ingrediente (id_ingrediente,unidad_de_medida,cantidad,caducidad) VALUES (2,'Litros',3,'16/01/2017');
INSERT INTO Ingrediente (id_ingrediente,unidad_de_medida,cantidad,caducidad) VALUES (3,'Litros',920,'05/04/2017');
INSERT INTO Ingrediente (id_ingrediente,unidad_de_medida,cantidad,caducidad) VALUES (4,'Pieza',575,'03/02/2018');
INSERT INTO Ingrediente (id_ingrediente,unidad_de_medida,cantidad,caducidad) VALUES (5,'Litros',563,'06/02/2017');
INSERT INTO Ingrediente (id_ingrediente,unidad_de_medida,cantidad,caducidad) VALUES (6,'Kilos',30,'31/08/2017');
INSERT INTO Ingrediente (id_ingrediente,unidad_de_medida,cantidad,caducidad) VALUES (7,'Kilos',546,'16/09/2017');
INSERT INTO Ingrediente (id_ingrediente,unidad_de_medida,cantidad,caducidad) VALUES (8,'Kilos',181,'27/04/2017');
INSERT INTO Ingrediente (id_ingrediente,unidad_de_medida,cantidad,caducidad) VALUES (9,'Kilos',435,'06/10/2017');
INSERT INTO Ingrediente (id_ingrediente,unidad_de_medida,cantidad,caducidad) VALUES (10,'Kilos',544,'12/11/2017');
INSERT INTO Ingrediente (id_ingrediente,unidad_de_medida,cantidad,caducidad) VALUES (11,'Pieza',824,'09/08/2017');
INSERT INTO Ingrediente (id_ingrediente,unidad_de_medida,cantidad,caducidad) VALUES (12,'Kilos',778,'13/03/2018');
INSERT INTO Ingrediente (id_ingrediente,unidad_de_medida,cantidad,caducidad) VALUES (13,'Pieza',829,'18/05/2018');
INSERT INTO Ingrediente (id_ingrediente,unidad_de_medida,cantidad,caducidad) VALUES (14,'Pieza',119,'06/06/2018');
INSERT INTO Ingrediente (id_ingrediente,unidad_de_medida,cantidad,caducidad) VALUES (15,'Pieza',32,'07/10/2017');
INSERT INTO Ingrediente (id_ingrediente,unidad_de_medida,cantidad,caducidad) VALUES (16,'Pieza',980,'06/12/2017');
INSERT INTO Ingrediente (id_ingrediente,unidad_de_medida,cantidad,caducidad) VALUES (17,'Litros',910,'21/11/2017');
INSERT INTO Ingrediente (id_ingrediente,unidad_de_medida,cantidad,caducidad) VALUES (18,'Pieza',237,'27/05/2018');
INSERT INTO Ingrediente (id_ingrediente,unidad_de_medida,cantidad,caducidad) VALUES (19,'Pieza',874,'13/11/2017');
INSERT INTO Ingrediente (id_ingrediente,unidad_de_medida,cantidad,caducidad) VALUES (20,'Pieza',711,'27/01/2018');
INSERT INTO Ingrediente (id_ingrediente,unidad_de_medida,cantidad,caducidad) VALUES (21,'Kilos',172,'05/09/2018');
INSERT INTO Ingrediente (id_ingrediente,unidad_de_medida,cantidad,caducidad) VALUES (22,'Litros',13,'17/04/2018');
INSERT INTO Ingrediente (id_ingrediente,unidad_de_medida,cantidad,caducidad) VALUES (23,'Kilos',31,'01/09/2018');
INSERT INTO Ingrediente (id_ingrediente,unidad_de_medida,cantidad,caducidad) VALUES (24,'Litros',349,'24/03/2018');
INSERT INTO Ingrediente (id_ingrediente,unidad_de_medida,cantidad,caducidad) VALUES (25,'Pieza',769,'23/11/2018');
INSERT INTO Ingrediente (id_ingrediente,unidad_de_medida,cantidad,caducidad) VALUES (26,'Pieza',181,'17/04/2018');
INSERT INTO Ingrediente (id_ingrediente,unidad_de_medida,cantidad,caducidad) VALUES (27,'Pieza',315,'02/11/2017');
INSERT INTO Ingrediente (id_ingrediente,unidad_de_medida,cantidad,caducidad) VALUES (28,'Kilos',656,'08/12/2018');
INSERT INTO Ingrediente (id_ingrediente,unidad_de_medida,cantidad,caducidad) VALUES (29,'Litros',571,'29/06/2017');
INSERT INTO Ingrediente (id_ingrediente,unidad_de_medida,cantidad,caducidad) VALUES (30,'Litros',421,'07/02/2017');
INSERT INTO Ingrediente (id_ingrediente,unidad_de_medida,cantidad,caducidad) VALUES (31,'Pieza',137,'06/04/2017');
INSERT INTO Ingrediente (id_ingrediente,unidad_de_medida,cantidad,caducidad) VALUES (32,'Kilos',948,'05/02/2017');
INSERT INTO Ingrediente (id_ingrediente,unidad_de_medida,cantidad,caducidad) VALUES (33,'Pieza',178,'24/12/2017');
INSERT INTO Ingrediente (id_ingrediente,unidad_de_medida,cantidad,caducidad) VALUES (34,'Kilos',948,'10/06/2017');
INSERT INTO Ingrediente (id_ingrediente,unidad_de_medida,cantidad,caducidad) VALUES (35,'Litros',810,'26/04/2018');
INSERT INTO Ingrediente (id_ingrediente,unidad_de_medida,cantidad,caducidad) VALUES (36,'Pieza',744,'10/06/2018');
INSERT INTO Ingrediente (id_ingrediente,unidad_de_medida,cantidad,caducidad) VALUES (37,'Litros',496,'21/05/2018');
INSERT INTO Ingrediente (id_ingrediente,unidad_de_medida,cantidad,caducidad) VALUES (38,'Litros',835,'25/11/2018');
INSERT INTO Ingrediente (id_ingrediente,unidad_de_medida,cantidad,caducidad) VALUES (39,'Litros',185,'18/10/2018');
INSERT INTO Ingrediente (id_ingrediente,unidad_de_medida,cantidad,caducidad) VALUES (40,'Pieza',601,'04/08/2017');
INSERT INTO Ingrediente (id_ingrediente,unidad_de_medida,cantidad,caducidad) VALUES (41,'Pieza',807,'13/09/2017');
INSERT INTO Ingrediente (id_ingrediente,unidad_de_medida,cantidad,caducidad) VALUES (42,'Litros',361,'04/09/2018');
INSERT INTO Ingrediente (id_ingrediente,unidad_de_medida,cantidad,caducidad) VALUES (43,'Kilos',84,'29/05/2018');
INSERT INTO Ingrediente (id_ingrediente,unidad_de_medida,cantidad,caducidad) VALUES (44,'Litros',858,'08/04/2018');
INSERT INTO Ingrediente (id_ingrediente,unidad_de_medida,cantidad,caducidad) VALUES (45,'Kilos',679,'04/11/2018');
INSERT INTO Ingrediente (id_ingrediente,unidad_de_medida,cantidad,caducidad) VALUES (46,'Kilos',865,'07/03/2017');
INSERT INTO Ingrediente (id_ingrediente,unidad_de_medida,cantidad,caducidad) VALUES (47,'Pieza',34,'08/07/2018');
INSERT INTO Ingrediente (id_ingrediente,unidad_de_medida,cantidad,caducidad) VALUES (48,'Kilos',363,'27/06/2017');
INSERT INTO Ingrediente (id_ingrediente,unidad_de_medida,cantidad,caducidad) VALUES (49,'Kilos',384,'19/08/2018');
INSERT INTO Ingrediente (id_ingrediente,unidad_de_medida,cantidad,caducidad) VALUES (50,'Pieza',870,'20/09/2018');

INSERT INTO Alimento (id_alimento,nombre,tipo_alimento,descripcion) VALUES (1,'dolor. Quisque','Tentempie','sociis natoque');
INSERT INTO Alimento (id_alimento,nombre,tipo_alimento,descripcion) VALUES (2,'montes,','Entrada','adipiscing elit.');
INSERT INTO Alimento (id_alimento,nombre,tipo_alimento,descripcion) VALUES (3,'adipiscing.','Entrada','nisl.');
INSERT INTO Alimento (id_alimento,nombre,tipo_alimento,descripcion) VALUES (4,'et, rutrum','Poste','ut mi. Duis');
INSERT INTO Alimento (id_alimento,nombre,tipo_alimento,descripcion) VALUES (5,'mi. Duis','Fuerte','ornare lectus justo eu arcu.');
INSERT INTO Alimento (id_alimento,nombre,tipo_alimento,descripcion) VALUES (6,'tristique aliquet.','Tentempie','Morbi non sapien molestie orci');
INSERT INTO Alimento (id_alimento,nombre,tipo_alimento,descripcion) VALUES (7,'dapibus','Sopa','libero. Donec');
INSERT INTO Alimento (id_alimento,nombre,tipo_alimento,descripcion) VALUES (8,'lacinia','Sopa','lectus. Cum');
INSERT INTO Alimento (id_alimento,nombre,tipo_alimento,descripcion) VALUES (9,'eleifend','Poste','dictum eu, eleifend nec, malesuada');
INSERT INTO Alimento (id_alimento,nombre,tipo_alimento,descripcion) VALUES (10,'tincidunt','Poste','consectetuer adipiscing elit. Curabitur sed');
INSERT INTO Alimento (id_alimento,nombre,tipo_alimento,descripcion) VALUES (11,'enim','Sopa','tortor');
INSERT INTO Alimento (id_alimento,nombre,tipo_alimento,descripcion) VALUES (12,'rutrum urna,','Fuerte','Fusce fermentum');
INSERT INTO Alimento (id_alimento,nombre,tipo_alimento,descripcion) VALUES (13,'sem','Sopa','neque et nunc. Quisque');
INSERT INTO Alimento (id_alimento,nombre,tipo_alimento,descripcion) VALUES (14,'Vestibulum','Tentempie','adipiscing lacus. Ut nec urna');
INSERT INTO Alimento (id_alimento,nombre,tipo_alimento,descripcion) VALUES (15,'Quisque porttitor','Fuerte','nec');
INSERT INTO Alimento (id_alimento,nombre,tipo_alimento,descripcion) VALUES (16,'a','Entrada','Nam consequat dolor');
INSERT INTO Alimento (id_alimento,nombre,tipo_alimento,descripcion) VALUES (17,'nec','Poste','eu, accumsan sed, facilisis');
INSERT INTO Alimento (id_alimento,nombre,tipo_alimento,descripcion) VALUES (18,'Cras','Fuerte','ipsum');
INSERT INTO Alimento (id_alimento,nombre,tipo_alimento,descripcion) VALUES (19,'arcu.','Entrada','congue a,');
INSERT INTO Alimento (id_alimento,nombre,tipo_alimento,descripcion) VALUES (20,'eleifend. Cras','Sopa','ipsum. Phasellus vitae mauris sit');
INSERT INTO Alimento (id_alimento,nombre,tipo_alimento,descripcion) VALUES (21,'magna','Entrada','nec enim. Nunc');
INSERT INTO Alimento (id_alimento,nombre,tipo_alimento,descripcion) VALUES (22,'Duis ac','Poste','tellus. Phasellus elit pede, malesuada');
INSERT INTO Alimento (id_alimento,nombre,tipo_alimento,descripcion) VALUES (23,'tortor','Tentempie','neque venenatis');
INSERT INTO Alimento (id_alimento,nombre,tipo_alimento,descripcion) VALUES (24,'Phasellus','Entrada','non, luctus');
INSERT INTO Alimento (id_alimento,nombre,tipo_alimento,descripcion) VALUES (25,'neque sed','Entrada','Proin nisl sem, consequat nec,');
INSERT INTO Alimento (id_alimento,nombre,tipo_alimento,descripcion) VALUES (26,'suscipit,','Fuerte','pharetra');
INSERT INTO Alimento (id_alimento,nombre,tipo_alimento,descripcion) VALUES (27,'Quisque','Entrada','Sed');
INSERT INTO Alimento (id_alimento,nombre,tipo_alimento,descripcion) VALUES (28,'molestie.','Tentempie','risus. Donec egestas. Duis ac');
INSERT INTO Alimento (id_alimento,nombre,tipo_alimento,descripcion) VALUES (29,'pharetra. Nam','Entrada','cursus luctus, ipsum');
INSERT INTO Alimento (id_alimento,nombre,tipo_alimento,descripcion) VALUES (30,'eget ipsum.','Entrada','fermentum metus. Aenean sed pede');
INSERT INTO Alimento (id_alimento,nombre,tipo_alimento,descripcion) VALUES (31,'feugiat.','Poste','massa non');
INSERT INTO Alimento (id_alimento,nombre,tipo_alimento,descripcion) VALUES (32,'in','Tentempie','senectus et netus et malesuada');
INSERT INTO Alimento (id_alimento,nombre,tipo_alimento,descripcion) VALUES (33,'amet,','Poste','parturient montes, nascetur ridiculus mus.');
INSERT INTO Alimento (id_alimento,nombre,tipo_alimento,descripcion) VALUES (34,'Cras','Poste','sagittis semper.');
INSERT INTO Alimento (id_alimento,nombre,tipo_alimento,descripcion) VALUES (35,'scelerisque,','Poste','at fringilla');
INSERT INTO Alimento (id_alimento,nombre,tipo_alimento,descripcion) VALUES (36,'Aliquam','Fuerte','tellus. Phasellus');
INSERT INTO Alimento (id_alimento,nombre,tipo_alimento,descripcion) VALUES (37,'vitae','Fuerte','posuere vulputate, lacus. Cras interdum.');
INSERT INTO Alimento (id_alimento,nombre,tipo_alimento,descripcion) VALUES (38,'sit amet,','Poste','dictum cursus.');
INSERT INTO Alimento (id_alimento,nombre,tipo_alimento,descripcion) VALUES (39,'In ornare','Entrada','commodo tincidunt nibh. Phasellus');
INSERT INTO Alimento (id_alimento,nombre,tipo_alimento,descripcion) VALUES (40,'nibh lacinia','Sopa','Donec consectetuer');
INSERT INTO Alimento (id_alimento,nombre,tipo_alimento,descripcion) VALUES (41,'penatibus','Fuerte','hendrerit id,');
INSERT INTO Alimento (id_alimento,nombre,tipo_alimento,descripcion) VALUES (42,'dolor sit','Fuerte','pede sagittis augue, eu');
INSERT INTO Alimento (id_alimento,nombre,tipo_alimento,descripcion) VALUES (43,'gravida','Sopa','augue id ante dictum');
INSERT INTO Alimento (id_alimento,nombre,tipo_alimento,descripcion) VALUES (44,'non,','Poste','gravida');
INSERT INTO Alimento (id_alimento,nombre,tipo_alimento,descripcion) VALUES (45,'molestie orci','Sopa','facilisis eget, ipsum. Donec');
INSERT INTO Alimento (id_alimento,nombre,tipo_alimento,descripcion) VALUES (46,'non,','Fuerte','dapibus quam quis diam. Pellentesque');
INSERT INTO Alimento (id_alimento,nombre,tipo_alimento,descripcion) VALUES (47,'Aliquam vulputate','Fuerte','pharetra. Quisque');
INSERT INTO Alimento (id_alimento,nombre,tipo_alimento,descripcion) VALUES (48,'rutrum,','Tentempie','Donec fringilla. Donec feugiat metus');
INSERT INTO Alimento (id_alimento,nombre,tipo_alimento,descripcion) VALUES (49,'dolor quam,','Poste','feugiat metus sit');
INSERT INTO Alimento (id_alimento,nombre,tipo_alimento,descripcion) VALUES (50,'Curabitur dictum.','Tentempie','Praesent');
INSERT INTO Alimento (id_alimento,nombre,tipo_alimento,descripcion) VALUES (51,'lorem semper','Tentempie','nulla. Integer urna. Vivamus');
INSERT INTO Alimento (id_alimento,nombre,tipo_alimento,descripcion) VALUES (52,'quis accumsan','Entrada','mauris ipsum porta elit,');
INSERT INTO Alimento (id_alimento,nombre,tipo_alimento,descripcion) VALUES (53,'eget,','Entrada','at augue id');
INSERT INTO Alimento (id_alimento,nombre,tipo_alimento,descripcion) VALUES (54,'ante bibendum','Fuerte','lectus pede, ultrices a,');
INSERT INTO Alimento (id_alimento,nombre,tipo_alimento,descripcion) VALUES (55,'sociis natoque','Entrada','amet');
INSERT INTO Alimento (id_alimento,nombre,tipo_alimento,descripcion) VALUES (56,'aliquam','Entrada','litora torquent per');
INSERT INTO Alimento (id_alimento,nombre,tipo_alimento,descripcion) VALUES (57,'aliquam,','Entrada','dictum magna. Ut tincidunt');
INSERT INTO Alimento (id_alimento,nombre,tipo_alimento,descripcion) VALUES (58,'quam','Tentempie','a feugiat');
INSERT INTO Alimento (id_alimento,nombre,tipo_alimento,descripcion) VALUES (59,'amet ante.','Entrada','vitae risus.');
INSERT INTO Alimento (id_alimento,nombre,tipo_alimento,descripcion) VALUES (60,'Cras','Entrada','et, rutrum eu, ultrices sit');
INSERT INTO Alimento (id_alimento,nombre,tipo_alimento,descripcion) VALUES (61,'risus.','Tentempie','tellus. Aenean egestas');
INSERT INTO Alimento (id_alimento,nombre,tipo_alimento,descripcion) VALUES (62,'tincidunt,','Fuerte','erat volutpat. Nulla');
INSERT INTO Alimento (id_alimento,nombre,tipo_alimento,descripcion) VALUES (63,'Aliquam','Poste','euismod ac, fermentum vel,');
INSERT INTO Alimento (id_alimento,nombre,tipo_alimento,descripcion) VALUES (64,'tempus eu,','Poste','eu eros.');
INSERT INTO Alimento (id_alimento,nombre,tipo_alimento,descripcion) VALUES (65,'nonummy','Sopa','Cras convallis convallis dolor. Quisque');
INSERT INTO Alimento (id_alimento,nombre,tipo_alimento,descripcion) VALUES (66,'Quisque','Fuerte','nibh. Phasellus nulla. Integer vulputate,');
INSERT INTO Alimento (id_alimento,nombre,tipo_alimento,descripcion) VALUES (67,'arcu.','Fuerte','Donec nibh.');
INSERT INTO Alimento (id_alimento,nombre,tipo_alimento,descripcion) VALUES (68,'vel,','Entrada','convallis,');
INSERT INTO Alimento (id_alimento,nombre,tipo_alimento,descripcion) VALUES (69,'non dui','Fuerte','tristique aliquet. Phasellus fermentum convallis');
INSERT INTO Alimento (id_alimento,nombre,tipo_alimento,descripcion) VALUES (70,'eget,','Sopa','Donec luctus aliquet odio. Etiam');
INSERT INTO Alimento (id_alimento,nombre,tipo_alimento,descripcion) VALUES (71,'Proin','Sopa','vulputate, risus a');
INSERT INTO Alimento (id_alimento,nombre,tipo_alimento,descripcion) VALUES (72,'Suspendisse','Tentempie','erat, in consectetuer');
INSERT INTO Alimento (id_alimento,nombre,tipo_alimento,descripcion) VALUES (73,'turpis.','Entrada','quam');
INSERT INTO Alimento (id_alimento,nombre,tipo_alimento,descripcion) VALUES (74,'Praesent eu','Sopa','mi pede, nonummy ut,');
INSERT INTO Alimento (id_alimento,nombre,tipo_alimento,descripcion) VALUES (75,'et','Fuerte','Quisque ac libero nec');
INSERT INTO Alimento (id_alimento,nombre,tipo_alimento,descripcion) VALUES (76,'Praesent eu','Tentempie','Vivamus nibh');
INSERT INTO Alimento (id_alimento,nombre,tipo_alimento,descripcion) VALUES (77,'nulla','Fuerte','lorem lorem, luctus ut, pellentesque');
INSERT INTO Alimento (id_alimento,nombre,tipo_alimento,descripcion) VALUES (78,'lorem,','Tentempie','libero. Proin');
INSERT INTO Alimento (id_alimento,nombre,tipo_alimento,descripcion) VALUES (79,'Class aptent','Poste','tellus');
INSERT INTO Alimento (id_alimento,nombre,tipo_alimento,descripcion) VALUES (80,'ac mi','Tentempie','euismod est arcu ac');
INSERT INTO Alimento (id_alimento,nombre,tipo_alimento,descripcion) VALUES (81,'sit amet','Entrada','malesuada. Integer id magna');
INSERT INTO Alimento (id_alimento,nombre,tipo_alimento,descripcion) VALUES (82,'dui nec','Entrada','sem. Pellentesque');
INSERT INTO Alimento (id_alimento,nombre,tipo_alimento,descripcion) VALUES (83,'Sed','Sopa','luctus lobortis. Class aptent taciti');
INSERT INTO Alimento (id_alimento,nombre,tipo_alimento,descripcion) VALUES (84,'velit','Fuerte','consequat enim diam vel');
INSERT INTO Alimento (id_alimento,nombre,tipo_alimento,descripcion) VALUES (85,'massa.','Fuerte','turpis. Nulla aliquet. Proin velit.');
INSERT INTO Alimento (id_alimento,nombre,tipo_alimento,descripcion) VALUES (86,'tellus','Tentempie','iaculis');
INSERT INTO Alimento (id_alimento,nombre,tipo_alimento,descripcion) VALUES (87,'ut','Sopa','ante');
INSERT INTO Alimento (id_alimento,nombre,tipo_alimento,descripcion) VALUES (88,'luctus felis','Tentempie','malesuada augue ut');
INSERT INTO Alimento (id_alimento,nombre,tipo_alimento,descripcion) VALUES (89,'mi lorem,','Poste','lobortis');
INSERT INTO Alimento (id_alimento,nombre,tipo_alimento,descripcion) VALUES (90,'convallis','Entrada','at arcu. Vestibulum');
INSERT INTO Alimento (id_alimento,nombre,tipo_alimento,descripcion) VALUES (91,'lobortis, nisi','Entrada','vel, venenatis vel, faucibus id,');
INSERT INTO Alimento (id_alimento,nombre,tipo_alimento,descripcion) VALUES (92,'facilisis,','Entrada','et malesuada fames ac turpis');
INSERT INTO Alimento (id_alimento,nombre,tipo_alimento,descripcion) VALUES (93,'pede.','Fuerte','ante dictum');
INSERT INTO Alimento (id_alimento,nombre,tipo_alimento,descripcion) VALUES (94,'consectetuer ipsum','Entrada','scelerisque scelerisque dui. Suspendisse ac');
INSERT INTO Alimento (id_alimento,nombre,tipo_alimento,descripcion) VALUES (95,'Integer','Tentempie','turpis egestas. Fusce');
INSERT INTO Alimento (id_alimento,nombre,tipo_alimento,descripcion) VALUES (96,'dui. Suspendisse','Poste','et tristique pellentesque, tellus sem');
INSERT INTO Alimento (id_alimento,nombre,tipo_alimento,descripcion) VALUES (97,'Duis','Fuerte','eget odio. Aliquam vulputate');
INSERT INTO Alimento (id_alimento,nombre,tipo_alimento,descripcion) VALUES (98,'Aliquam nec','Sopa','In mi');
INSERT INTO Alimento (id_alimento,nombre,tipo_alimento,descripcion) VALUES (99,'elit','Poste','parturient montes, nascetur ridiculus mus.');
INSERT INTO Alimento (id_alimento,nombre,tipo_alimento,descripcion) VALUES (100,'enim non','Entrada','venenatis vel, faucibus');

INSERT INTO Ingrediente_Ocupado (id_alimento,id_ingrediente,cantidad_alimento,cantidad_ingrediente) VALUES (1,44,84,'56.90');
INSERT INTO Ingrediente_Ocupado (id_alimento,id_ingrediente,cantidad_alimento,cantidad_ingrediente) VALUES (2,37,82,'86.44');
INSERT INTO Ingrediente_Ocupado (id_alimento,id_ingrediente,cantidad_alimento,cantidad_ingrediente) VALUES (3,9,9,'28.45');
INSERT INTO Ingrediente_Ocupado (id_alimento,id_ingrediente,cantidad_alimento,cantidad_ingrediente) VALUES (4,3,17,'68.04');
INSERT INTO Ingrediente_Ocupado (id_alimento,id_ingrediente,cantidad_alimento,cantidad_ingrediente) VALUES (5,22,87,'29.75');
INSERT INTO Ingrediente_Ocupado (id_alimento,id_ingrediente,cantidad_alimento,cantidad_ingrediente) VALUES (6,27,32,'40.13');
INSERT INTO Ingrediente_Ocupado (id_alimento,id_ingrediente,cantidad_alimento,cantidad_ingrediente) VALUES (7,2,85,'55.17');
INSERT INTO Ingrediente_Ocupado (id_alimento,id_ingrediente,cantidad_alimento,cantidad_ingrediente) VALUES (8,19,78,'83.25');
INSERT INTO Ingrediente_Ocupado (id_alimento,id_ingrediente,cantidad_alimento,cantidad_ingrediente) VALUES (9,44,56,'86.25');
INSERT INTO Ingrediente_Ocupado (id_alimento,id_ingrediente,cantidad_alimento,cantidad_ingrediente) VALUES (10,31,54,'34.93');
INSERT INTO Ingrediente_Ocupado (id_alimento,id_ingrediente,cantidad_alimento,cantidad_ingrediente) VALUES (11,46,45,'50.73');
INSERT INTO Ingrediente_Ocupado (id_alimento,id_ingrediente,cantidad_alimento,cantidad_ingrediente) VALUES (12,25,43,'13.05');
INSERT INTO Ingrediente_Ocupado (id_alimento,id_ingrediente,cantidad_alimento,cantidad_ingrediente) VALUES (13,22,8,'96.14');
INSERT INTO Ingrediente_Ocupado (id_alimento,id_ingrediente,cantidad_alimento,cantidad_ingrediente) VALUES (14,2,6,'15.38');
INSERT INTO Ingrediente_Ocupado (id_alimento,id_ingrediente,cantidad_alimento,cantidad_ingrediente) VALUES (15,45,100,'42.98');
INSERT INTO Ingrediente_Ocupado (id_alimento,id_ingrediente,cantidad_alimento,cantidad_ingrediente) VALUES (16,11,22,'19.87');
INSERT INTO Ingrediente_Ocupado (id_alimento,id_ingrediente,cantidad_alimento,cantidad_ingrediente) VALUES (17,29,39,'19.71');
INSERT INTO Ingrediente_Ocupado (id_alimento,id_ingrediente,cantidad_alimento,cantidad_ingrediente) VALUES (18,40,88,'30.93');
INSERT INTO Ingrediente_Ocupado (id_alimento,id_ingrediente,cantidad_alimento,cantidad_ingrediente) VALUES (19,47,59,'35.79');
INSERT INTO Ingrediente_Ocupado (id_alimento,id_ingrediente,cantidad_alimento,cantidad_ingrediente) VALUES (20,14,33,'75.40');
INSERT INTO Ingrediente_Ocupado (id_alimento,id_ingrediente,cantidad_alimento,cantidad_ingrediente) VALUES (21,34,10,'40.46');
INSERT INTO Ingrediente_Ocupado (id_alimento,id_ingrediente,cantidad_alimento,cantidad_ingrediente) VALUES (22,48,29,'94.79');
INSERT INTO Ingrediente_Ocupado (id_alimento,id_ingrediente,cantidad_alimento,cantidad_ingrediente) VALUES (23,36,29,'83.76');
INSERT INTO Ingrediente_Ocupado (id_alimento,id_ingrediente,cantidad_alimento,cantidad_ingrediente) VALUES (24,23,37,'75.89');
INSERT INTO Ingrediente_Ocupado (id_alimento,id_ingrediente,cantidad_alimento,cantidad_ingrediente) VALUES (25,26,28,'14.05');
INSERT INTO Ingrediente_Ocupado (id_alimento,id_ingrediente,cantidad_alimento,cantidad_ingrediente) VALUES (26,7,61,'23.62');
INSERT INTO Ingrediente_Ocupado (id_alimento,id_ingrediente,cantidad_alimento,cantidad_ingrediente) VALUES (27,14,49,'52.75');
INSERT INTO Ingrediente_Ocupado (id_alimento,id_ingrediente,cantidad_alimento,cantidad_ingrediente) VALUES (28,17,68,'72.66');
INSERT INTO Ingrediente_Ocupado (id_alimento,id_ingrediente,cantidad_alimento,cantidad_ingrediente) VALUES (29,19,17,'62.24');
INSERT INTO Ingrediente_Ocupado (id_alimento,id_ingrediente,cantidad_alimento,cantidad_ingrediente) VALUES (30,2,42,'81.86');
INSERT INTO Ingrediente_Ocupado (id_alimento,id_ingrediente,cantidad_alimento,cantidad_ingrediente) VALUES (31,19,23,'16.64');
INSERT INTO Ingrediente_Ocupado (id_alimento,id_ingrediente,cantidad_alimento,cantidad_ingrediente) VALUES (32,12,26,'85.30');
INSERT INTO Ingrediente_Ocupado (id_alimento,id_ingrediente,cantidad_alimento,cantidad_ingrediente) VALUES (33,14,17,'92.86');
INSERT INTO Ingrediente_Ocupado (id_alimento,id_ingrediente,cantidad_alimento,cantidad_ingrediente) VALUES (34,41,84,'32.39');
INSERT INTO Ingrediente_Ocupado (id_alimento,id_ingrediente,cantidad_alimento,cantidad_ingrediente) VALUES (35,44,95,'31.29');
INSERT INTO Ingrediente_Ocupado (id_alimento,id_ingrediente,cantidad_alimento,cantidad_ingrediente) VALUES (36,15,51,'25.57');
INSERT INTO Ingrediente_Ocupado (id_alimento,id_ingrediente,cantidad_alimento,cantidad_ingrediente) VALUES (37,13,87,'56.79');
INSERT INTO Ingrediente_Ocupado (id_alimento,id_ingrediente,cantidad_alimento,cantidad_ingrediente) VALUES (38,40,65,'27.47');
INSERT INTO Ingrediente_Ocupado (id_alimento,id_ingrediente,cantidad_alimento,cantidad_ingrediente) VALUES (39,11,15,'98.81');
INSERT INTO Ingrediente_Ocupado (id_alimento,id_ingrediente,cantidad_alimento,cantidad_ingrediente) VALUES (40,43,53,'47.91');
INSERT INTO Ingrediente_Ocupado (id_alimento,id_ingrediente,cantidad_alimento,cantidad_ingrediente) VALUES (41,23,31,'62.65');
INSERT INTO Ingrediente_Ocupado (id_alimento,id_ingrediente,cantidad_alimento,cantidad_ingrediente) VALUES (42,47,44,'95.78');
INSERT INTO Ingrediente_Ocupado (id_alimento,id_ingrediente,cantidad_alimento,cantidad_ingrediente) VALUES (43,34,47,'67.11');
INSERT INTO Ingrediente_Ocupado (id_alimento,id_ingrediente,cantidad_alimento,cantidad_ingrediente) VALUES (44,9,83,'52.05');
INSERT INTO Ingrediente_Ocupado (id_alimento,id_ingrediente,cantidad_alimento,cantidad_ingrediente) VALUES (45,22,32,'70.17');
INSERT INTO Ingrediente_Ocupado (id_alimento,id_ingrediente,cantidad_alimento,cantidad_ingrediente) VALUES (46,50,80,'88.88');
INSERT INTO Ingrediente_Ocupado (id_alimento,id_ingrediente,cantidad_alimento,cantidad_ingrediente) VALUES (47,22,32,'53.66');
INSERT INTO Ingrediente_Ocupado (id_alimento,id_ingrediente,cantidad_alimento,cantidad_ingrediente) VALUES (48,23,61,'92.12');
INSERT INTO Ingrediente_Ocupado (id_alimento,id_ingrediente,cantidad_alimento,cantidad_ingrediente) VALUES (49,18,76,'32.99');
INSERT INTO Ingrediente_Ocupado (id_alimento,id_ingrediente,cantidad_alimento,cantidad_ingrediente) VALUES (50,21,65,'15.79');
INSERT INTO Ingrediente_Ocupado (id_alimento,id_ingrediente,cantidad_alimento,cantidad_ingrediente) VALUES (51,48,47,'30.55');
INSERT INTO Ingrediente_Ocupado (id_alimento,id_ingrediente,cantidad_alimento,cantidad_ingrediente) VALUES (52,18,18,'35.15');
INSERT INTO Ingrediente_Ocupado (id_alimento,id_ingrediente,cantidad_alimento,cantidad_ingrediente) VALUES (53,17,5,'49.94');
INSERT INTO Ingrediente_Ocupado (id_alimento,id_ingrediente,cantidad_alimento,cantidad_ingrediente) VALUES (54,21,21,'74.82');
INSERT INTO Ingrediente_Ocupado (id_alimento,id_ingrediente,cantidad_alimento,cantidad_ingrediente) VALUES (55,19,79,'61.55');
INSERT INTO Ingrediente_Ocupado (id_alimento,id_ingrediente,cantidad_alimento,cantidad_ingrediente) VALUES (56,19,52,'79.40');
INSERT INTO Ingrediente_Ocupado (id_alimento,id_ingrediente,cantidad_alimento,cantidad_ingrediente) VALUES (57,15,16,'52.59');
INSERT INTO Ingrediente_Ocupado (id_alimento,id_ingrediente,cantidad_alimento,cantidad_ingrediente) VALUES (58,43,59,'99.86');
INSERT INTO Ingrediente_Ocupado (id_alimento,id_ingrediente,cantidad_alimento,cantidad_ingrediente) VALUES (59,31,85,'82.36');
INSERT INTO Ingrediente_Ocupado (id_alimento,id_ingrediente,cantidad_alimento,cantidad_ingrediente) VALUES (60,27,56,'68.27');
INSERT INTO Ingrediente_Ocupado (id_alimento,id_ingrediente,cantidad_alimento,cantidad_ingrediente) VALUES (61,45,28,'24.04');
INSERT INTO Ingrediente_Ocupado (id_alimento,id_ingrediente,cantidad_alimento,cantidad_ingrediente) VALUES (62,27,75,'34.94');
INSERT INTO Ingrediente_Ocupado (id_alimento,id_ingrediente,cantidad_alimento,cantidad_ingrediente) VALUES (63,21,47,'54.48');
INSERT INTO Ingrediente_Ocupado (id_alimento,id_ingrediente,cantidad_alimento,cantidad_ingrediente) VALUES (64,12,3,'67.21');
INSERT INTO Ingrediente_Ocupado (id_alimento,id_ingrediente,cantidad_alimento,cantidad_ingrediente) VALUES (65,46,40,'97.00');
INSERT INTO Ingrediente_Ocupado (id_alimento,id_ingrediente,cantidad_alimento,cantidad_ingrediente) VALUES (66,9,34,'11.23');
INSERT INTO Ingrediente_Ocupado (id_alimento,id_ingrediente,cantidad_alimento,cantidad_ingrediente) VALUES (67,49,87,'94.38');
INSERT INTO Ingrediente_Ocupado (id_alimento,id_ingrediente,cantidad_alimento,cantidad_ingrediente) VALUES (68,22,11,'94.98');
INSERT INTO Ingrediente_Ocupado (id_alimento,id_ingrediente,cantidad_alimento,cantidad_ingrediente) VALUES (69,26,41,'40.24');
INSERT INTO Ingrediente_Ocupado (id_alimento,id_ingrediente,cantidad_alimento,cantidad_ingrediente) VALUES (70,28,84,'30.54');
INSERT INTO Ingrediente_Ocupado (id_alimento,id_ingrediente,cantidad_alimento,cantidad_ingrediente) VALUES (71,21,53,'89.72');
INSERT INTO Ingrediente_Ocupado (id_alimento,id_ingrediente,cantidad_alimento,cantidad_ingrediente) VALUES (72,47,57,'58.22');
INSERT INTO Ingrediente_Ocupado (id_alimento,id_ingrediente,cantidad_alimento,cantidad_ingrediente) VALUES (73,48,24,'38.63');
INSERT INTO Ingrediente_Ocupado (id_alimento,id_ingrediente,cantidad_alimento,cantidad_ingrediente) VALUES (74,1,22,'73.45');
INSERT INTO Ingrediente_Ocupado (id_alimento,id_ingrediente,cantidad_alimento,cantidad_ingrediente) VALUES (75,32,60,'60.90');
INSERT INTO Ingrediente_Ocupado (id_alimento,id_ingrediente,cantidad_alimento,cantidad_ingrediente) VALUES (76,21,56,'89.89');
INSERT INTO Ingrediente_Ocupado (id_alimento,id_ingrediente,cantidad_alimento,cantidad_ingrediente) VALUES (77,14,96,'99.34');
INSERT INTO Ingrediente_Ocupado (id_alimento,id_ingrediente,cantidad_alimento,cantidad_ingrediente) VALUES (78,19,87,'50.78');
INSERT INTO Ingrediente_Ocupado (id_alimento,id_ingrediente,cantidad_alimento,cantidad_ingrediente) VALUES (79,36,65,'85.27');
INSERT INTO Ingrediente_Ocupado (id_alimento,id_ingrediente,cantidad_alimento,cantidad_ingrediente) VALUES (80,40,32,'65.11');
INSERT INTO Ingrediente_Ocupado (id_alimento,id_ingrediente,cantidad_alimento,cantidad_ingrediente) VALUES (81,42,98,'69.39');
INSERT INTO Ingrediente_Ocupado (id_alimento,id_ingrediente,cantidad_alimento,cantidad_ingrediente) VALUES (82,29,39,'27.23');
INSERT INTO Ingrediente_Ocupado (id_alimento,id_ingrediente,cantidad_alimento,cantidad_ingrediente) VALUES (83,44,18,'80.51');
INSERT INTO Ingrediente_Ocupado (id_alimento,id_ingrediente,cantidad_alimento,cantidad_ingrediente) VALUES (84,23,89,'53.66');
INSERT INTO Ingrediente_Ocupado (id_alimento,id_ingrediente,cantidad_alimento,cantidad_ingrediente) VALUES (85,17,52,'86.47');
INSERT INTO Ingrediente_Ocupado (id_alimento,id_ingrediente,cantidad_alimento,cantidad_ingrediente) VALUES (86,32,58,'84.60');
INSERT INTO Ingrediente_Ocupado (id_alimento,id_ingrediente,cantidad_alimento,cantidad_ingrediente) VALUES (87,11,9,'90.94');
INSERT INTO Ingrediente_Ocupado (id_alimento,id_ingrediente,cantidad_alimento,cantidad_ingrediente) VALUES (88,30,39,'35.68');
INSERT INTO Ingrediente_Ocupado (id_alimento,id_ingrediente,cantidad_alimento,cantidad_ingrediente) VALUES (89,37,40,'78.47');
INSERT INTO Ingrediente_Ocupado (id_alimento,id_ingrediente,cantidad_alimento,cantidad_ingrediente) VALUES (90,29,85,'40.91');
INSERT INTO Ingrediente_Ocupado (id_alimento,id_ingrediente,cantidad_alimento,cantidad_ingrediente) VALUES (91,12,18,'39.60');
INSERT INTO Ingrediente_Ocupado (id_alimento,id_ingrediente,cantidad_alimento,cantidad_ingrediente) VALUES (92,8,57,'65.21');
INSERT INTO Ingrediente_Ocupado (id_alimento,id_ingrediente,cantidad_alimento,cantidad_ingrediente) VALUES (93,5,100,'57.26');
INSERT INTO Ingrediente_Ocupado (id_alimento,id_ingrediente,cantidad_alimento,cantidad_ingrediente) VALUES (94,28,97,'52.44');
INSERT INTO Ingrediente_Ocupado (id_alimento,id_ingrediente,cantidad_alimento,cantidad_ingrediente) VALUES (95,43,12,'96.84');
INSERT INTO Ingrediente_Ocupado (id_alimento,id_ingrediente,cantidad_alimento,cantidad_ingrediente) VALUES (96,20,35,'96.62');
INSERT INTO Ingrediente_Ocupado (id_alimento,id_ingrediente,cantidad_alimento,cantidad_ingrediente) VALUES (97,29,24,'63.44');
INSERT INTO Ingrediente_Ocupado (id_alimento,id_ingrediente,cantidad_alimento,cantidad_ingrediente) VALUES (98,18,2,'74.01');
INSERT INTO Ingrediente_Ocupado (id_alimento,id_ingrediente,cantidad_alimento,cantidad_ingrediente) VALUES (99,47,88,'57.53');
INSERT INTO Ingrediente_Ocupado (id_alimento,id_ingrediente,cantidad_alimento,cantidad_ingrediente) VALUES (100,3,39,'35.24');

INSERT INTO Promocion (id_promocion,inicio_vigencia,fin_vigencia) VALUES (1,'22/07/2009','07/02/2018');
INSERT INTO Promocion (id_promocion,inicio_vigencia,fin_vigencia) VALUES (2,'31/07/2012','16/06/2018');
INSERT INTO Promocion (id_promocion,inicio_vigencia,fin_vigencia) VALUES (3,'27/06/2006','05/04/2018');
INSERT INTO Promocion (id_promocion,inicio_vigencia,fin_vigencia) VALUES (4,'14/08/2015','05/06/2018');
INSERT INTO Promocion (id_promocion,inicio_vigencia,fin_vigencia) VALUES (5,'06/08/2003','15/03/2018');
INSERT INTO Promocion (id_promocion,inicio_vigencia,fin_vigencia) VALUES (6,'03/06/2007','02/09/2018');
INSERT INTO Promocion (id_promocion,inicio_vigencia,fin_vigencia) VALUES (7,'15/03/2009','06/08/2018');
INSERT INTO Promocion (id_promocion,inicio_vigencia,fin_vigencia) VALUES (8,'31/07/2002','04/04/2018');
INSERT INTO Promocion (id_promocion,inicio_vigencia,fin_vigencia) VALUES (9,'08/04/2009','28/03/2018');
INSERT INTO Promocion (id_promocion,inicio_vigencia,fin_vigencia) VALUES (10,'29/12/2014','08/04/2018');
INSERT INTO Promocion (id_promocion,inicio_vigencia,fin_vigencia) VALUES (11,'19/06/2010','15/02/2018');
INSERT INTO Promocion (id_promocion,inicio_vigencia,fin_vigencia) VALUES (12,'06/04/2011','18/06/2018');
INSERT INTO Promocion (id_promocion,inicio_vigencia,fin_vigencia) VALUES (13,'10/06/2005','14/11/2018');
INSERT INTO Promocion (id_promocion,inicio_vigencia,fin_vigencia) VALUES (14,'19/12/2004','03/05/2018');
INSERT INTO Promocion (id_promocion,inicio_vigencia,fin_vigencia) VALUES (15,'11/12/2006','08/08/2018');
INSERT INTO Promocion (id_promocion,inicio_vigencia,fin_vigencia) VALUES (16,'29/09/2000','01/01/2019');
INSERT INTO Promocion (id_promocion,inicio_vigencia,fin_vigencia) VALUES (17,'03/08/2009','17/12/2018');
INSERT INTO Promocion (id_promocion,inicio_vigencia,fin_vigencia) VALUES (18,'23/09/2001','12/11/2018');
INSERT INTO Promocion (id_promocion,inicio_vigencia,fin_vigencia) VALUES (19,'06/10/2017','10/10/2018');
INSERT INTO Promocion (id_promocion,inicio_vigencia,fin_vigencia) VALUES (20,'07/04/2003','29/03/2018');
INSERT INTO Promocion (id_promocion,inicio_vigencia,fin_vigencia) VALUES (21,'22/06/2016','30/12/2018');
INSERT INTO Promocion (id_promocion,inicio_vigencia,fin_vigencia) VALUES (22,'06/12/2010','01/12/2018');
INSERT INTO Promocion (id_promocion,inicio_vigencia,fin_vigencia) VALUES (23,'11/10/2007','28/06/2018');
INSERT INTO Promocion (id_promocion,inicio_vigencia,fin_vigencia) VALUES (24,'18/10/2008','22/09/2018');
INSERT INTO Promocion (id_promocion,inicio_vigencia,fin_vigencia) VALUES (25,'03/04/2003','31/01/2018');
INSERT INTO Promocion (id_promocion,inicio_vigencia,fin_vigencia) VALUES (26,'17/11/2006','08/05/2018');
INSERT INTO Promocion (id_promocion,inicio_vigencia,fin_vigencia) VALUES (27,'27/07/2008','04/10/2018');
INSERT INTO Promocion (id_promocion,inicio_vigencia,fin_vigencia) VALUES (28,'03/11/2009','05/05/2018');
INSERT INTO Promocion (id_promocion,inicio_vigencia,fin_vigencia) VALUES (29,'13/01/2004','13/09/2018');
INSERT INTO Promocion (id_promocion,inicio_vigencia,fin_vigencia) VALUES (30,'27/06/2003','27/08/2018');
INSERT INTO Promocion (id_promocion,inicio_vigencia,fin_vigencia) VALUES (31,'22/11/2009','07/05/2018');
INSERT INTO Promocion (id_promocion,inicio_vigencia,fin_vigencia) VALUES (32,'23/06/2015','13/04/2018');
INSERT INTO Promocion (id_promocion,inicio_vigencia,fin_vigencia) VALUES (33,'15/05/2014','10/12/2018');
INSERT INTO Promocion (id_promocion,inicio_vigencia,fin_vigencia) VALUES (34,'30/03/2006','19/07/2018');
INSERT INTO Promocion (id_promocion,inicio_vigencia,fin_vigencia) VALUES (35,'13/05/2006','01/02/2018');
INSERT INTO Promocion (id_promocion,inicio_vigencia,fin_vigencia) VALUES (36,'25/11/2002','17/04/2018');
INSERT INTO Promocion (id_promocion,inicio_vigencia,fin_vigencia) VALUES (37,'11/11/2017','30/07/2018');
INSERT INTO Promocion (id_promocion,inicio_vigencia,fin_vigencia) VALUES (38,'23/06/2015','09/06/2018');
INSERT INTO Promocion (id_promocion,inicio_vigencia,fin_vigencia) VALUES (39,'11/03/2016','27/09/2018');
INSERT INTO Promocion (id_promocion,inicio_vigencia,fin_vigencia) VALUES (40,'23/01/2011','09/09/2018');
INSERT INTO Promocion (id_promocion,inicio_vigencia,fin_vigencia) VALUES (41,'06/10/2000','28/10/2018');
INSERT INTO Promocion (id_promocion,inicio_vigencia,fin_vigencia) VALUES (42,'08/06/2000','19/02/2018');
INSERT INTO Promocion (id_promocion,inicio_vigencia,fin_vigencia) VALUES (43,'28/06/2012','24/05/2018');
INSERT INTO Promocion (id_promocion,inicio_vigencia,fin_vigencia) VALUES (44,'16/04/2016','15/03/2018');
INSERT INTO Promocion (id_promocion,inicio_vigencia,fin_vigencia) VALUES (45,'02/10/2012','08/03/2018');
INSERT INTO Promocion (id_promocion,inicio_vigencia,fin_vigencia) VALUES (46,'31/07/2010','02/04/2018');
INSERT INTO Promocion (id_promocion,inicio_vigencia,fin_vigencia) VALUES (47,'16/05/2017','27/05/2018');
INSERT INTO Promocion (id_promocion,inicio_vigencia,fin_vigencia) VALUES (48,'24/10/2011','29/12/2018');
INSERT INTO Promocion (id_promocion,inicio_vigencia,fin_vigencia) VALUES (49,'14/08/2010','04/10/2018');
INSERT INTO Promocion (id_promocion,inicio_vigencia,fin_vigencia) VALUES (50,'21/01/2013','06/04/2018');
INSERT INTO Promocion (id_promocion,inicio_vigencia,fin_vigencia) VALUES (51,'10/04/2017','08/07/2018');
INSERT INTO Promocion (id_promocion,inicio_vigencia,fin_vigencia) VALUES (52,'07/11/2010','24/07/2018');
INSERT INTO Promocion (id_promocion,inicio_vigencia,fin_vigencia) VALUES (53,'15/09/2010','04/05/2018');
INSERT INTO Promocion (id_promocion,inicio_vigencia,fin_vigencia) VALUES (54,'17/12/2003','06/07/2018');
INSERT INTO Promocion (id_promocion,inicio_vigencia,fin_vigencia) VALUES (55,'17/11/2013','29/04/2018');
INSERT INTO Promocion (id_promocion,inicio_vigencia,fin_vigencia) VALUES (56,'26/05/2016','24/10/2018');
INSERT INTO Promocion (id_promocion,inicio_vigencia,fin_vigencia) VALUES (57,'16/10/2005','10/07/2018');
INSERT INTO Promocion (id_promocion,inicio_vigencia,fin_vigencia) VALUES (58,'09/09/2015','19/07/2018');
INSERT INTO Promocion (id_promocion,inicio_vigencia,fin_vigencia) VALUES (59,'22/12/2007','13/09/2018');
INSERT INTO Promocion (id_promocion,inicio_vigencia,fin_vigencia) VALUES (60,'08/02/2013','27/05/2018');
INSERT INTO Promocion (id_promocion,inicio_vigencia,fin_vigencia) VALUES (61,'13/12/2013','13/10/2018');
INSERT INTO Promocion (id_promocion,inicio_vigencia,fin_vigencia) VALUES (62,'17/09/2007','04/07/2018');
INSERT INTO Promocion (id_promocion,inicio_vigencia,fin_vigencia) VALUES (63,'17/03/2017','18/08/2018');
INSERT INTO Promocion (id_promocion,inicio_vigencia,fin_vigencia) VALUES (64,'16/10/2000','19/06/2018');
INSERT INTO Promocion (id_promocion,inicio_vigencia,fin_vigencia) VALUES (65,'06/03/2002','23/04/2018');
INSERT INTO Promocion (id_promocion,inicio_vigencia,fin_vigencia) VALUES (66,'29/12/2002','16/11/2018');
INSERT INTO Promocion (id_promocion,inicio_vigencia,fin_vigencia) VALUES (67,'21/02/2004','11/02/2018');
INSERT INTO Promocion (id_promocion,inicio_vigencia,fin_vigencia) VALUES (68,'16/03/2006','23/04/2018');
INSERT INTO Promocion (id_promocion,inicio_vigencia,fin_vigencia) VALUES (69,'02/05/2006','15/11/2018');
INSERT INTO Promocion (id_promocion,inicio_vigencia,fin_vigencia) VALUES (70,'04/03/2004','22/07/2018');
INSERT INTO Promocion (id_promocion,inicio_vigencia,fin_vigencia) VALUES (71,'04/06/2016','23/09/2018');
INSERT INTO Promocion (id_promocion,inicio_vigencia,fin_vigencia) VALUES (72,'26/02/2002','29/05/2018');
INSERT INTO Promocion (id_promocion,inicio_vigencia,fin_vigencia) VALUES (73,'06/04/2010','08/04/2018');
INSERT INTO Promocion (id_promocion,inicio_vigencia,fin_vigencia) VALUES (74,'26/12/2009','25/08/2018');
INSERT INTO Promocion (id_promocion,inicio_vigencia,fin_vigencia) VALUES (75,'12/11/2002','22/06/2018');
INSERT INTO Promocion (id_promocion,inicio_vigencia,fin_vigencia) VALUES (76,'25/12/2000','27/06/2018');
INSERT INTO Promocion (id_promocion,inicio_vigencia,fin_vigencia) VALUES (77,'07/04/2006','29/08/2018');
INSERT INTO Promocion (id_promocion,inicio_vigencia,fin_vigencia) VALUES (78,'03/06/2010','19/05/2018');
INSERT INTO Promocion (id_promocion,inicio_vigencia,fin_vigencia) VALUES (79,'14/03/2016','06/11/2018');
INSERT INTO Promocion (id_promocion,inicio_vigencia,fin_vigencia) VALUES (80,'04/09/2001','29/06/2018');
INSERT INTO Promocion (id_promocion,inicio_vigencia,fin_vigencia) VALUES (81,'13/02/2008','10/11/2018');
INSERT INTO Promocion (id_promocion,inicio_vigencia,fin_vigencia) VALUES (82,'18/03/2004','03/03/2018');
INSERT INTO Promocion (id_promocion,inicio_vigencia,fin_vigencia) VALUES (83,'01/09/2013','23/09/2018');
INSERT INTO Promocion (id_promocion,inicio_vigencia,fin_vigencia) VALUES (84,'30/08/2007','26/11/2018');
INSERT INTO Promocion (id_promocion,inicio_vigencia,fin_vigencia) VALUES (85,'15/03/2012','28/02/2018');
INSERT INTO Promocion (id_promocion,inicio_vigencia,fin_vigencia) VALUES (86,'06/02/2002','21/04/2018');
INSERT INTO Promocion (id_promocion,inicio_vigencia,fin_vigencia) VALUES (87,'15/11/2005','21/11/2018');
INSERT INTO Promocion (id_promocion,inicio_vigencia,fin_vigencia) VALUES (88,'08/10/2007','19/09/2018');
INSERT INTO Promocion (id_promocion,inicio_vigencia,fin_vigencia) VALUES (89,'02/03/2011','07/01/2019');
INSERT INTO Promocion (id_promocion,inicio_vigencia,fin_vigencia) VALUES (90,'12/05/2004','21/04/2018');
INSERT INTO Promocion (id_promocion,inicio_vigencia,fin_vigencia) VALUES (91,'02/07/2014','06/11/2018');
INSERT INTO Promocion (id_promocion,inicio_vigencia,fin_vigencia) VALUES (92,'17/04/2016','01/08/2018');
INSERT INTO Promocion (id_promocion,inicio_vigencia,fin_vigencia) VALUES (93,'09/08/2006','07/07/2018');
INSERT INTO Promocion (id_promocion,inicio_vigencia,fin_vigencia) VALUES (94,'24/11/2002','03/10/2018');
INSERT INTO Promocion (id_promocion,inicio_vigencia,fin_vigencia) VALUES (95,'08/11/2007','24/10/2018');
INSERT INTO Promocion (id_promocion,inicio_vigencia,fin_vigencia) VALUES (96,'11/09/2010','11/09/2018');
INSERT INTO Promocion (id_promocion,inicio_vigencia,fin_vigencia) VALUES (97,'24/12/2013','04/02/2018');
INSERT INTO Promocion (id_promocion,inicio_vigencia,fin_vigencia) VALUES (98,'16/09/2009','03/10/2018');
INSERT INTO Promocion (id_promocion,inicio_vigencia,fin_vigencia) VALUES (99,'13/09/2009','13/08/2018');
INSERT INTO Promocion (id_promocion,inicio_vigencia,fin_vigencia) VALUES (100,'02/09/2006','27/02/2018');

INSERT INTO Paquetes (id_promocion,alimento_paquete,cantidad_necesarios,cantidad_ap) VALUES (1,24,7,7);
INSERT INTO Paquetes (id_promocion,alimento_paquete,cantidad_necesarios,cantidad_ap) VALUES (2,81,6,4);
INSERT INTO Paquetes (id_promocion,alimento_paquete,cantidad_necesarios,cantidad_ap) VALUES (3,32,4,7);
INSERT INTO Paquetes (id_promocion,alimento_paquete,cantidad_necesarios,cantidad_ap) VALUES (4,31,10,8);
INSERT INTO Paquetes (id_promocion,alimento_paquete,cantidad_necesarios,cantidad_ap) VALUES (5,54,8,1);
INSERT INTO Paquetes (id_promocion,alimento_paquete,cantidad_necesarios,cantidad_ap) VALUES (6,35,6,8);
INSERT INTO Paquetes (id_promocion,alimento_paquete,cantidad_necesarios,cantidad_ap) VALUES (7,84,9,5);
INSERT INTO Paquetes (id_promocion,alimento_paquete,cantidad_necesarios,cantidad_ap) VALUES (8,47,6,8);
INSERT INTO Paquetes (id_promocion,alimento_paquete,cantidad_necesarios,cantidad_ap) VALUES (9,35,5,5);
INSERT INTO Paquetes (id_promocion,alimento_paquete,cantidad_necesarios,cantidad_ap) VALUES (10,21,9,1);
INSERT INTO Paquetes (id_promocion,alimento_paquete,cantidad_necesarios,cantidad_ap) VALUES (11,50,9,9);
INSERT INTO Paquetes (id_promocion,alimento_paquete,cantidad_necesarios,cantidad_ap) VALUES (12,50,6,1);
INSERT INTO Paquetes (id_promocion,alimento_paquete,cantidad_necesarios,cantidad_ap) VALUES (13,34,10,1);
INSERT INTO Paquetes (id_promocion,alimento_paquete,cantidad_necesarios,cantidad_ap) VALUES (14,28,6,10);
INSERT INTO Paquetes (id_promocion,alimento_paquete,cantidad_necesarios,cantidad_ap) VALUES (15,49,6,2);
INSERT INTO Paquetes (id_promocion,alimento_paquete,cantidad_necesarios,cantidad_ap) VALUES (16,65,3,9);
INSERT INTO Paquetes (id_promocion,alimento_paquete,cantidad_necesarios,cantidad_ap) VALUES (17,85,5,9);
INSERT INTO Paquetes (id_promocion,alimento_paquete,cantidad_necesarios,cantidad_ap) VALUES (18,24,2,3);
INSERT INTO Paquetes (id_promocion,alimento_paquete,cantidad_necesarios,cantidad_ap) VALUES (19,87,3,1);
INSERT INTO Paquetes (id_promocion,alimento_paquete,cantidad_necesarios,cantidad_ap) VALUES (20,95,10,1);
INSERT INTO Paquetes (id_promocion,alimento_paquete,cantidad_necesarios,cantidad_ap) VALUES (21,18,10,2);
INSERT INTO Paquetes (id_promocion,alimento_paquete,cantidad_necesarios,cantidad_ap) VALUES (22,80,7,1);
INSERT INTO Paquetes (id_promocion,alimento_paquete,cantidad_necesarios,cantidad_ap) VALUES (23,89,2,8);
INSERT INTO Paquetes (id_promocion,alimento_paquete,cantidad_necesarios,cantidad_ap) VALUES (24,44,7,9);
INSERT INTO Paquetes (id_promocion,alimento_paquete,cantidad_necesarios,cantidad_ap) VALUES (25,5,5,7);
INSERT INTO Paquetes (id_promocion,alimento_paquete,cantidad_necesarios,cantidad_ap) VALUES (26,78,10,8);
INSERT INTO Paquetes (id_promocion,alimento_paquete,cantidad_necesarios,cantidad_ap) VALUES (27,7,6,6);
INSERT INTO Paquetes (id_promocion,alimento_paquete,cantidad_necesarios,cantidad_ap) VALUES (28,56,4,10);
INSERT INTO Paquetes (id_promocion,alimento_paquete,cantidad_necesarios,cantidad_ap) VALUES (29,29,5,4);
INSERT INTO Paquetes (id_promocion,alimento_paquete,cantidad_necesarios,cantidad_ap) VALUES (30,10,9,6);
INSERT INTO Paquetes (id_promocion,alimento_paquete,cantidad_necesarios,cantidad_ap) VALUES (31,56,10,2);
INSERT INTO Paquetes (id_promocion,alimento_paquete,cantidad_necesarios,cantidad_ap) VALUES (32,84,1,5);
INSERT INTO Paquetes (id_promocion,alimento_paquete,cantidad_necesarios,cantidad_ap) VALUES (33,13,10,10);
INSERT INTO Paquetes (id_promocion,alimento_paquete,cantidad_necesarios,cantidad_ap) VALUES (34,94,3,5);
INSERT INTO Paquetes (id_promocion,alimento_paquete,cantidad_necesarios,cantidad_ap) VALUES (35,44,7,9);
INSERT INTO Paquetes (id_promocion,alimento_paquete,cantidad_necesarios,cantidad_ap) VALUES (36,50,8,8);
INSERT INTO Paquetes (id_promocion,alimento_paquete,cantidad_necesarios,cantidad_ap) VALUES (37,22,3,4);
INSERT INTO Paquetes (id_promocion,alimento_paquete,cantidad_necesarios,cantidad_ap) VALUES (38,48,7,3);
INSERT INTO Paquetes (id_promocion,alimento_paquete,cantidad_necesarios,cantidad_ap) VALUES (39,79,5,2);
INSERT INTO Paquetes (id_promocion,alimento_paquete,cantidad_necesarios,cantidad_ap) VALUES (40,55,8,9);
INSERT INTO Paquetes (id_promocion,alimento_paquete,cantidad_necesarios,cantidad_ap) VALUES (41,48,2,10);
INSERT INTO Paquetes (id_promocion,alimento_paquete,cantidad_necesarios,cantidad_ap) VALUES (42,58,7,9);
INSERT INTO Paquetes (id_promocion,alimento_paquete,cantidad_necesarios,cantidad_ap) VALUES (43,98,7,2);
INSERT INTO Paquetes (id_promocion,alimento_paquete,cantidad_necesarios,cantidad_ap) VALUES (44,21,6,2);
INSERT INTO Paquetes (id_promocion,alimento_paquete,cantidad_necesarios,cantidad_ap) VALUES (45,60,4,3);
INSERT INTO Paquetes (id_promocion,alimento_paquete,cantidad_necesarios,cantidad_ap) VALUES (46,5,3,4);
INSERT INTO Paquetes (id_promocion,alimento_paquete,cantidad_necesarios,cantidad_ap) VALUES (47,34,1,6);
INSERT INTO Paquetes (id_promocion,alimento_paquete,cantidad_necesarios,cantidad_ap) VALUES (48,17,2,3);
INSERT INTO Paquetes (id_promocion,alimento_paquete,cantidad_necesarios,cantidad_ap) VALUES (49,32,6,4);
INSERT INTO Paquetes (id_promocion,alimento_paquete,cantidad_necesarios,cantidad_ap) VALUES (50,51,1,9);
INSERT INTO Paquetes (id_promocion,alimento_paquete,cantidad_necesarios,cantidad_ap) VALUES (51,75,2,2);
INSERT INTO Paquetes (id_promocion,alimento_paquete,cantidad_necesarios,cantidad_ap) VALUES (52,22,4,4);
INSERT INTO Paquetes (id_promocion,alimento_paquete,cantidad_necesarios,cantidad_ap) VALUES (53,6,9,10);
INSERT INTO Paquetes (id_promocion,alimento_paquete,cantidad_necesarios,cantidad_ap) VALUES (54,87,7,5);
INSERT INTO Paquetes (id_promocion,alimento_paquete,cantidad_necesarios,cantidad_ap) VALUES (55,6,1,5);
INSERT INTO Paquetes (id_promocion,alimento_paquete,cantidad_necesarios,cantidad_ap) VALUES (56,72,9,5);
INSERT INTO Paquetes (id_promocion,alimento_paquete,cantidad_necesarios,cantidad_ap) VALUES (57,14,3,1);
INSERT INTO Paquetes (id_promocion,alimento_paquete,cantidad_necesarios,cantidad_ap) VALUES (58,31,10,3);
INSERT INTO Paquetes (id_promocion,alimento_paquete,cantidad_necesarios,cantidad_ap) VALUES (59,87,9,10);
INSERT INTO Paquetes (id_promocion,alimento_paquete,cantidad_necesarios,cantidad_ap) VALUES (60,52,5,1);
INSERT INTO Paquetes (id_promocion,alimento_paquete,cantidad_necesarios,cantidad_ap) VALUES (61,38,2,7);
INSERT INTO Paquetes (id_promocion,alimento_paquete,cantidad_necesarios,cantidad_ap) VALUES (62,35,2,7);
INSERT INTO Paquetes (id_promocion,alimento_paquete,cantidad_necesarios,cantidad_ap) VALUES (63,99,3,8);
INSERT INTO Paquetes (id_promocion,alimento_paquete,cantidad_necesarios,cantidad_ap) VALUES (64,50,7,1);
INSERT INTO Paquetes (id_promocion,alimento_paquete,cantidad_necesarios,cantidad_ap) VALUES (65,71,4,7);
INSERT INTO Paquetes (id_promocion,alimento_paquete,cantidad_necesarios,cantidad_ap) VALUES (66,88,9,4);
INSERT INTO Paquetes (id_promocion,alimento_paquete,cantidad_necesarios,cantidad_ap) VALUES (67,35,9,1);
INSERT INTO Paquetes (id_promocion,alimento_paquete,cantidad_necesarios,cantidad_ap) VALUES (68,84,7,5);
INSERT INTO Paquetes (id_promocion,alimento_paquete,cantidad_necesarios,cantidad_ap) VALUES (69,91,10,1);
INSERT INTO Paquetes (id_promocion,alimento_paquete,cantidad_necesarios,cantidad_ap) VALUES (70,3,3,5);
INSERT INTO Paquetes (id_promocion,alimento_paquete,cantidad_necesarios,cantidad_ap) VALUES (71,26,5,4);
INSERT INTO Paquetes (id_promocion,alimento_paquete,cantidad_necesarios,cantidad_ap) VALUES (72,82,4,10);
INSERT INTO Paquetes (id_promocion,alimento_paquete,cantidad_necesarios,cantidad_ap) VALUES (73,47,3,1);
INSERT INTO Paquetes (id_promocion,alimento_paquete,cantidad_necesarios,cantidad_ap) VALUES (74,1,8,1);
INSERT INTO Paquetes (id_promocion,alimento_paquete,cantidad_necesarios,cantidad_ap) VALUES (75,24,4,7);
INSERT INTO Paquetes (id_promocion,alimento_paquete,cantidad_necesarios,cantidad_ap) VALUES (76,19,6,2);
INSERT INTO Paquetes (id_promocion,alimento_paquete,cantidad_necesarios,cantidad_ap) VALUES (77,93,7,10);
INSERT INTO Paquetes (id_promocion,alimento_paquete,cantidad_necesarios,cantidad_ap) VALUES (78,49,6,2);
INSERT INTO Paquetes (id_promocion,alimento_paquete,cantidad_necesarios,cantidad_ap) VALUES (79,3,5,3);
INSERT INTO Paquetes (id_promocion,alimento_paquete,cantidad_necesarios,cantidad_ap) VALUES (80,51,9,7);
INSERT INTO Paquetes (id_promocion,alimento_paquete,cantidad_necesarios,cantidad_ap) VALUES (81,26,3,3);
INSERT INTO Paquetes (id_promocion,alimento_paquete,cantidad_necesarios,cantidad_ap) VALUES (82,64,8,1);
INSERT INTO Paquetes (id_promocion,alimento_paquete,cantidad_necesarios,cantidad_ap) VALUES (83,28,2,3);
INSERT INTO Paquetes (id_promocion,alimento_paquete,cantidad_necesarios,cantidad_ap) VALUES (84,29,3,10);
INSERT INTO Paquetes (id_promocion,alimento_paquete,cantidad_necesarios,cantidad_ap) VALUES (85,22,5,5);
INSERT INTO Paquetes (id_promocion,alimento_paquete,cantidad_necesarios,cantidad_ap) VALUES (86,61,2,10);
INSERT INTO Paquetes (id_promocion,alimento_paquete,cantidad_necesarios,cantidad_ap) VALUES (87,75,3,2);
INSERT INTO Paquetes (id_promocion,alimento_paquete,cantidad_necesarios,cantidad_ap) VALUES (88,28,1,2);
INSERT INTO Paquetes (id_promocion,alimento_paquete,cantidad_necesarios,cantidad_ap) VALUES (89,20,4,9);
INSERT INTO Paquetes (id_promocion,alimento_paquete,cantidad_necesarios,cantidad_ap) VALUES (90,37,6,5);
INSERT INTO Paquetes (id_promocion,alimento_paquete,cantidad_necesarios,cantidad_ap) VALUES (91,18,6,4);
INSERT INTO Paquetes (id_promocion,alimento_paquete,cantidad_necesarios,cantidad_ap) VALUES (92,35,8,9);
INSERT INTO Paquetes (id_promocion,alimento_paquete,cantidad_necesarios,cantidad_ap) VALUES (93,55,4,2);
INSERT INTO Paquetes (id_promocion,alimento_paquete,cantidad_necesarios,cantidad_ap) VALUES (94,42,5,5);
INSERT INTO Paquetes (id_promocion,alimento_paquete,cantidad_necesarios,cantidad_ap) VALUES (95,78,9,2);
INSERT INTO Paquetes (id_promocion,alimento_paquete,cantidad_necesarios,cantidad_ap) VALUES (96,98,3,5);
INSERT INTO Paquetes (id_promocion,alimento_paquete,cantidad_necesarios,cantidad_ap) VALUES (97,52,5,8);
INSERT INTO Paquetes (id_promocion,alimento_paquete,cantidad_necesarios,cantidad_ap) VALUES (98,79,6,3);
INSERT INTO Paquetes (id_promocion,alimento_paquete,cantidad_necesarios,cantidad_ap) VALUES (99,79,3,4);
INSERT INTO Paquetes (id_promocion,alimento_paquete,cantidad_necesarios,cantidad_ap) VALUES (100,36,5,2);

INSERT INTO Descuentos (id_promocion,porcentaje_descuento) VALUES (1,22);
INSERT INTO Descuentos (id_promocion,porcentaje_descuento) VALUES (2,73);
INSERT INTO Descuentos (id_promocion,porcentaje_descuento) VALUES (3,72);
INSERT INTO Descuentos (id_promocion,porcentaje_descuento) VALUES (4,98);
INSERT INTO Descuentos (id_promocion,porcentaje_descuento) VALUES (5,94);
INSERT INTO Descuentos (id_promocion,porcentaje_descuento) VALUES (6,30);
INSERT INTO Descuentos (id_promocion,porcentaje_descuento) VALUES (7,58);
INSERT INTO Descuentos (id_promocion,porcentaje_descuento) VALUES (8,15);
INSERT INTO Descuentos (id_promocion,porcentaje_descuento) VALUES (9,27);
INSERT INTO Descuentos (id_promocion,porcentaje_descuento) VALUES (10,8);
INSERT INTO Descuentos (id_promocion,porcentaje_descuento) VALUES (11,58);
INSERT INTO Descuentos (id_promocion,porcentaje_descuento) VALUES (12,35);
INSERT INTO Descuentos (id_promocion,porcentaje_descuento) VALUES (13,16);
INSERT INTO Descuentos (id_promocion,porcentaje_descuento) VALUES (14,43);
INSERT INTO Descuentos (id_promocion,porcentaje_descuento) VALUES (15,12);
INSERT INTO Descuentos (id_promocion,porcentaje_descuento) VALUES (16,7);
INSERT INTO Descuentos (id_promocion,porcentaje_descuento) VALUES (17,50);
INSERT INTO Descuentos (id_promocion,porcentaje_descuento) VALUES (18,25);
INSERT INTO Descuentos (id_promocion,porcentaje_descuento) VALUES (19,43);
INSERT INTO Descuentos (id_promocion,porcentaje_descuento) VALUES (20,6);
INSERT INTO Descuentos (id_promocion,porcentaje_descuento) VALUES (21,28);
INSERT INTO Descuentos (id_promocion,porcentaje_descuento) VALUES (22,72);
INSERT INTO Descuentos (id_promocion,porcentaje_descuento) VALUES (23,59);
INSERT INTO Descuentos (id_promocion,porcentaje_descuento) VALUES (24,40);
INSERT INTO Descuentos (id_promocion,porcentaje_descuento) VALUES (25,45);
INSERT INTO Descuentos (id_promocion,porcentaje_descuento) VALUES (26,36);
INSERT INTO Descuentos (id_promocion,porcentaje_descuento) VALUES (27,48);
INSERT INTO Descuentos (id_promocion,porcentaje_descuento) VALUES (28,28);
INSERT INTO Descuentos (id_promocion,porcentaje_descuento) VALUES (29,20);
INSERT INTO Descuentos (id_promocion,porcentaje_descuento) VALUES (30,85);
INSERT INTO Descuentos (id_promocion,porcentaje_descuento) VALUES (31,64);
INSERT INTO Descuentos (id_promocion,porcentaje_descuento) VALUES (32,3);
INSERT INTO Descuentos (id_promocion,porcentaje_descuento) VALUES (33,7);
INSERT INTO Descuentos (id_promocion,porcentaje_descuento) VALUES (34,33);
INSERT INTO Descuentos (id_promocion,porcentaje_descuento) VALUES (35,96);
INSERT INTO Descuentos (id_promocion,porcentaje_descuento) VALUES (36,58);
INSERT INTO Descuentos (id_promocion,porcentaje_descuento) VALUES (37,62);
INSERT INTO Descuentos (id_promocion,porcentaje_descuento) VALUES (38,51);
INSERT INTO Descuentos (id_promocion,porcentaje_descuento) VALUES (39,92);
INSERT INTO Descuentos (id_promocion,porcentaje_descuento) VALUES (40,92);
INSERT INTO Descuentos (id_promocion,porcentaje_descuento) VALUES (41,69);
INSERT INTO Descuentos (id_promocion,porcentaje_descuento) VALUES (42,72);
INSERT INTO Descuentos (id_promocion,porcentaje_descuento) VALUES (43,70);
INSERT INTO Descuentos (id_promocion,porcentaje_descuento) VALUES (44,83);
INSERT INTO Descuentos (id_promocion,porcentaje_descuento) VALUES (45,63);
INSERT INTO Descuentos (id_promocion,porcentaje_descuento) VALUES (46,59);
INSERT INTO Descuentos (id_promocion,porcentaje_descuento) VALUES (47,29);
INSERT INTO Descuentos (id_promocion,porcentaje_descuento) VALUES (48,96);
INSERT INTO Descuentos (id_promocion,porcentaje_descuento) VALUES (49,94);
INSERT INTO Descuentos (id_promocion,porcentaje_descuento) VALUES (50,99);
INSERT INTO Descuentos (id_promocion,porcentaje_descuento) VALUES (51,81);
INSERT INTO Descuentos (id_promocion,porcentaje_descuento) VALUES (52,79);
INSERT INTO Descuentos (id_promocion,porcentaje_descuento) VALUES (53,57);
INSERT INTO Descuentos (id_promocion,porcentaje_descuento) VALUES (54,84);
INSERT INTO Descuentos (id_promocion,porcentaje_descuento) VALUES (55,66);
INSERT INTO Descuentos (id_promocion,porcentaje_descuento) VALUES (56,66);
INSERT INTO Descuentos (id_promocion,porcentaje_descuento) VALUES (57,66);
INSERT INTO Descuentos (id_promocion,porcentaje_descuento) VALUES (58,75);
INSERT INTO Descuentos (id_promocion,porcentaje_descuento) VALUES (59,1);
INSERT INTO Descuentos (id_promocion,porcentaje_descuento) VALUES (60,23);
INSERT INTO Descuentos (id_promocion,porcentaje_descuento) VALUES (61,28);
INSERT INTO Descuentos (id_promocion,porcentaje_descuento) VALUES (62,78);
INSERT INTO Descuentos (id_promocion,porcentaje_descuento) VALUES (63,90);
INSERT INTO Descuentos (id_promocion,porcentaje_descuento) VALUES (64,55);
INSERT INTO Descuentos (id_promocion,porcentaje_descuento) VALUES (65,4);
INSERT INTO Descuentos (id_promocion,porcentaje_descuento) VALUES (66,16);
INSERT INTO Descuentos (id_promocion,porcentaje_descuento) VALUES (67,89);
INSERT INTO Descuentos (id_promocion,porcentaje_descuento) VALUES (68,1);
INSERT INTO Descuentos (id_promocion,porcentaje_descuento) VALUES (69,34);
INSERT INTO Descuentos (id_promocion,porcentaje_descuento) VALUES (70,50);
INSERT INTO Descuentos (id_promocion,porcentaje_descuento) VALUES (71,36);
INSERT INTO Descuentos (id_promocion,porcentaje_descuento) VALUES (72,55);
INSERT INTO Descuentos (id_promocion,porcentaje_descuento) VALUES (73,38);
INSERT INTO Descuentos (id_promocion,porcentaje_descuento) VALUES (74,63);
INSERT INTO Descuentos (id_promocion,porcentaje_descuento) VALUES (75,67);
INSERT INTO Descuentos (id_promocion,porcentaje_descuento) VALUES (76,75);
INSERT INTO Descuentos (id_promocion,porcentaje_descuento) VALUES (77,70);
INSERT INTO Descuentos (id_promocion,porcentaje_descuento) VALUES (78,70);
INSERT INTO Descuentos (id_promocion,porcentaje_descuento) VALUES (79,33);
INSERT INTO Descuentos (id_promocion,porcentaje_descuento) VALUES (80,21);
INSERT INTO Descuentos (id_promocion,porcentaje_descuento) VALUES (81,17);
INSERT INTO Descuentos (id_promocion,porcentaje_descuento) VALUES (82,96);
INSERT INTO Descuentos (id_promocion,porcentaje_descuento) VALUES (83,3);
INSERT INTO Descuentos (id_promocion,porcentaje_descuento) VALUES (84,52);
INSERT INTO Descuentos (id_promocion,porcentaje_descuento) VALUES (85,53);
INSERT INTO Descuentos (id_promocion,porcentaje_descuento) VALUES (86,52);
INSERT INTO Descuentos (id_promocion,porcentaje_descuento) VALUES (87,87);
INSERT INTO Descuentos (id_promocion,porcentaje_descuento) VALUES (88,99);
INSERT INTO Descuentos (id_promocion,porcentaje_descuento) VALUES (89,84);
INSERT INTO Descuentos (id_promocion,porcentaje_descuento) VALUES (90,93);
INSERT INTO Descuentos (id_promocion,porcentaje_descuento) VALUES (91,67);
INSERT INTO Descuentos (id_promocion,porcentaje_descuento) VALUES (92,28);
INSERT INTO Descuentos (id_promocion,porcentaje_descuento) VALUES (93,57);
INSERT INTO Descuentos (id_promocion,porcentaje_descuento) VALUES (94,38);
INSERT INTO Descuentos (id_promocion,porcentaje_descuento) VALUES (95,57);
INSERT INTO Descuentos (id_promocion,porcentaje_descuento) VALUES (96,15);
INSERT INTO Descuentos (id_promocion,porcentaje_descuento) VALUES (97,31);
INSERT INTO Descuentos (id_promocion,porcentaje_descuento) VALUES (98,22);
INSERT INTO Descuentos (id_promocion,porcentaje_descuento) VALUES (99,76);
INSERT INTO Descuentos (id_promocion,porcentaje_descuento) VALUES (100,29);

INSERT INTO Salsa (id_alimento,picor) VALUES (1,'Excesivo');
INSERT INTO Salsa (id_alimento,picor) VALUES (2,'Dulce');
INSERT INTO Salsa (id_alimento,picor) VALUES (3,'Dulce');
INSERT INTO Salsa (id_alimento,picor) VALUES (4,'Alto');
INSERT INTO Salsa (id_alimento,picor) VALUES (5,'Excesivo');
INSERT INTO Salsa (id_alimento,picor) VALUES (6,'Excesivo');
INSERT INTO Salsa (id_alimento,picor) VALUES (7,'Mucho');
INSERT INTO Salsa (id_alimento,picor) VALUES (8,'Dulce');
INSERT INTO Salsa (id_alimento,picor) VALUES (9,'Dulce');
INSERT INTO Salsa (id_alimento,picor) VALUES (10,'Alto');
INSERT INTO Salsa (id_alimento,picor) VALUES (11,'Muchisimo');
INSERT INTO Salsa (id_alimento,picor) VALUES (12,'Excesivo');
INSERT INTO Salsa (id_alimento,picor) VALUES (13,'Mucho');
INSERT INTO Salsa (id_alimento,picor) VALUES (14,'Excesivo');
INSERT INTO Salsa (id_alimento,picor) VALUES (15,'Muy alto');
INSERT INTO Salsa (id_alimento,picor) VALUES (16,'Dulce');
INSERT INTO Salsa (id_alimento,picor) VALUES (17,'Nada');
INSERT INTO Salsa (id_alimento,picor) VALUES (18,'Moderado');
INSERT INTO Salsa (id_alimento,picor) VALUES (19,'Muy alto');
INSERT INTO Salsa (id_alimento,picor) VALUES (20,'Muchisimo');
INSERT INTO Salsa (id_alimento,picor) VALUES (21,'Dulce');
INSERT INTO Salsa (id_alimento,picor) VALUES (22,'Dulce');
INSERT INTO Salsa (id_alimento,picor) VALUES (23,'Mucho');
INSERT INTO Salsa (id_alimento,picor) VALUES (24,'Muy alto');
INSERT INTO Salsa (id_alimento,picor) VALUES (25,'Muy alto');
INSERT INTO Salsa (id_alimento,picor) VALUES (26,'Excesivo');
INSERT INTO Salsa (id_alimento,picor) VALUES (27,'Excesivo');
INSERT INTO Salsa (id_alimento,picor) VALUES (28,'Nada');
INSERT INTO Salsa (id_alimento,picor) VALUES (29,'Muchisimo');
INSERT INTO Salsa (id_alimento,picor) VALUES (30,'Excesivo');
INSERT INTO Salsa (id_alimento,picor) VALUES (31,'Alto');
INSERT INTO Salsa (id_alimento,picor) VALUES (32,'Moderado');
INSERT INTO Salsa (id_alimento,picor) VALUES (33,'Muy alto');
INSERT INTO Salsa (id_alimento,picor) VALUES (34,'Excesivo');
INSERT INTO Salsa (id_alimento,picor) VALUES (35,'Nada');
INSERT INTO Salsa (id_alimento,picor) VALUES (36,'Muchisimo');
INSERT INTO Salsa (id_alimento,picor) VALUES (37,'Dulce');
INSERT INTO Salsa (id_alimento,picor) VALUES (38,'Mucho');
INSERT INTO Salsa (id_alimento,picor) VALUES (39,'Poco');
INSERT INTO Salsa (id_alimento,picor) VALUES (40,'Alto');
INSERT INTO Salsa (id_alimento,picor) VALUES (41,'Nada');
INSERT INTO Salsa (id_alimento,picor) VALUES (42,'Mucho');
INSERT INTO Salsa (id_alimento,picor) VALUES (43,'Muchisimo');
INSERT INTO Salsa (id_alimento,picor) VALUES (44,'Muy alto');
INSERT INTO Salsa (id_alimento,picor) VALUES (45,'Dulce');
INSERT INTO Salsa (id_alimento,picor) VALUES (46,'Excesivo');
INSERT INTO Salsa (id_alimento,picor) VALUES (47,'Muy alto');
INSERT INTO Salsa (id_alimento,picor) VALUES (48,'Dulce');
INSERT INTO Salsa (id_alimento,picor) VALUES (49,'Dulce');
INSERT INTO Salsa (id_alimento,picor) VALUES (50,'Muchisimo');
INSERT INTO Salsa (id_alimento,picor) VALUES (51,'Nada');
INSERT INTO Salsa (id_alimento,picor) VALUES (52,'Nada');
INSERT INTO Salsa (id_alimento,picor) VALUES (53,'Moderado');
INSERT INTO Salsa (id_alimento,picor) VALUES (54,'Moderado');
INSERT INTO Salsa (id_alimento,picor) VALUES (55,'Muchisimo');
INSERT INTO Salsa (id_alimento,picor) VALUES (56,'Moderado');
INSERT INTO Salsa (id_alimento,picor) VALUES (57,'Poco');
INSERT INTO Salsa (id_alimento,picor) VALUES (58,'Nada');
INSERT INTO Salsa (id_alimento,picor) VALUES (59,'Muchisimo');
INSERT INTO Salsa (id_alimento,picor) VALUES (60,'Alto');
INSERT INTO Salsa (id_alimento,picor) VALUES (61,'Dulce');
INSERT INTO Salsa (id_alimento,picor) VALUES (62,'Nada');
INSERT INTO Salsa (id_alimento,picor) VALUES (63,'Muy alto');
INSERT INTO Salsa (id_alimento,picor) VALUES (64,'Dulce');
INSERT INTO Salsa (id_alimento,picor) VALUES (65,'Nada');
INSERT INTO Salsa (id_alimento,picor) VALUES (66,'Dulce');
INSERT INTO Salsa (id_alimento,picor) VALUES (67,'Mucho');
INSERT INTO Salsa (id_alimento,picor) VALUES (68,'Moderado');
INSERT INTO Salsa (id_alimento,picor) VALUES (69,'Alto');
INSERT INTO Salsa (id_alimento,picor) VALUES (70,'Muy alto');
INSERT INTO Salsa (id_alimento,picor) VALUES (71,'Muchisimo');
INSERT INTO Salsa (id_alimento,picor) VALUES (72,'Moderado');
INSERT INTO Salsa (id_alimento,picor) VALUES (73,'Alto');
INSERT INTO Salsa (id_alimento,picor) VALUES (74,'Muy alto');
INSERT INTO Salsa (id_alimento,picor) VALUES (75,'Moderado');
INSERT INTO Salsa (id_alimento,picor) VALUES (76,'Alto');
INSERT INTO Salsa (id_alimento,picor) VALUES (77,'Muchisimo');
INSERT INTO Salsa (id_alimento,picor) VALUES (78,'Excesivo');
INSERT INTO Salsa (id_alimento,picor) VALUES (79,'Muy alto');
INSERT INTO Salsa (id_alimento,picor) VALUES (80,'Mucho');
INSERT INTO Salsa (id_alimento,picor) VALUES (81,'Alto');
INSERT INTO Salsa (id_alimento,picor) VALUES (82,'Muchisimo');
INSERT INTO Salsa (id_alimento,picor) VALUES (83,'Moderado');
INSERT INTO Salsa (id_alimento,picor) VALUES (84,'Poco');
INSERT INTO Salsa (id_alimento,picor) VALUES (85,'Mucho');
INSERT INTO Salsa (id_alimento,picor) VALUES (86,'Alto');
INSERT INTO Salsa (id_alimento,picor) VALUES (87,'Dulce');
INSERT INTO Salsa (id_alimento,picor) VALUES (88,'Poco');
INSERT INTO Salsa (id_alimento,picor) VALUES (89,'Moderado');
INSERT INTO Salsa (id_alimento,picor) VALUES (90,'Alto');
INSERT INTO Salsa (id_alimento,picor) VALUES (91,'Excesivo');
INSERT INTO Salsa (id_alimento,picor) VALUES (92,'Alto');
INSERT INTO Salsa (id_alimento,picor) VALUES (93,'Alto');
INSERT INTO Salsa (id_alimento,picor) VALUES (94,'Excesivo');
INSERT INTO Salsa (id_alimento,picor) VALUES (95,'Mucho');
INSERT INTO Salsa (id_alimento,picor) VALUES (96,'Alto');
INSERT INTO Salsa (id_alimento,picor) VALUES (97,'Muy alto');
INSERT INTO Salsa (id_alimento,picor) VALUES (98,'Muchisimo');
INSERT INTO Salsa (id_alimento,picor) VALUES (99,'Nada');
INSERT INTO Salsa (id_alimento,picor) VALUES (100,'Muchisimo');

INSERT INTO Suministro (id_compra,id_sucursal,id_proveedor,id_producto,fecha_compra,pago,cantidad_comprada) VALUES (1,2,98,69,'31/12/1969','3202.25',820);
INSERT INTO Suministro (id_compra,id_sucursal,id_proveedor,id_producto,fecha_compra,pago,cantidad_comprada) VALUES (2,16,38,33,'31/12/1969','9074.22',374);
INSERT INTO Suministro (id_compra,id_sucursal,id_proveedor,id_producto,fecha_compra,pago,cantidad_comprada) VALUES (3,18,96,78,'31/12/1969','3881.87',935);
INSERT INTO Suministro (id_compra,id_sucursal,id_proveedor,id_producto,fecha_compra,pago,cantidad_comprada) VALUES (4,5,13,79,'31/12/1969','1289.31',49);
INSERT INTO Suministro (id_compra,id_sucursal,id_proveedor,id_producto,fecha_compra,pago,cantidad_comprada) VALUES (5,21,85,59,'31/12/1969','1723.16',399);
INSERT INTO Suministro (id_compra,id_sucursal,id_proveedor,id_producto,fecha_compra,pago,cantidad_comprada) VALUES (6,43,86,41,'31/12/1969','5008.84',760);
INSERT INTO Suministro (id_compra,id_sucursal,id_proveedor,id_producto,fecha_compra,pago,cantidad_comprada) VALUES (7,20,84,62,'31/12/1969','5785.44',960);
INSERT INTO Suministro (id_compra,id_sucursal,id_proveedor,id_producto,fecha_compra,pago,cantidad_comprada) VALUES (8,2,1,15,'31/12/1969','6132.26',915);
INSERT INTO Suministro (id_compra,id_sucursal,id_proveedor,id_producto,fecha_compra,pago,cantidad_comprada) VALUES (9,4,15,24,'31/12/1969','4864.98',153);
INSERT INTO Suministro (id_compra,id_sucursal,id_proveedor,id_producto,fecha_compra,pago,cantidad_comprada) VALUES (10,45,4,72,'31/12/1969','8483.99',130);
INSERT INTO Suministro (id_compra,id_sucursal,id_proveedor,id_producto,fecha_compra,pago,cantidad_comprada) VALUES (11,50,49,74,'31/12/1969','1145.00',653);
INSERT INTO Suministro (id_compra,id_sucursal,id_proveedor,id_producto,fecha_compra,pago,cantidad_comprada) VALUES (12,7,26,98,'31/12/1969','4982.29',157);
INSERT INTO Suministro (id_compra,id_sucursal,id_proveedor,id_producto,fecha_compra,pago,cantidad_comprada) VALUES (13,21,13,7,'31/12/1969','2732.06',580);
INSERT INTO Suministro (id_compra,id_sucursal,id_proveedor,id_producto,fecha_compra,pago,cantidad_comprada) VALUES (14,8,82,91,'31/12/1969','3532.33',137);
INSERT INTO Suministro (id_compra,id_sucursal,id_proveedor,id_producto,fecha_compra,pago,cantidad_comprada) VALUES (15,50,35,81,'31/12/1969','3781.06',938);
INSERT INTO Suministro (id_compra,id_sucursal,id_proveedor,id_producto,fecha_compra,pago,cantidad_comprada) VALUES (16,31,15,11,'31/12/1969','1244.72',551);
INSERT INTO Suministro (id_compra,id_sucursal,id_proveedor,id_producto,fecha_compra,pago,cantidad_comprada) VALUES (17,46,74,96,'31/12/1969','3710.45',127);
INSERT INTO Suministro (id_compra,id_sucursal,id_proveedor,id_producto,fecha_compra,pago,cantidad_comprada) VALUES (18,34,75,96,'31/12/1969','8796.60',280);
INSERT INTO Suministro (id_compra,id_sucursal,id_proveedor,id_producto,fecha_compra,pago,cantidad_comprada) VALUES (19,41,39,75,'31/12/1969','7904.91',30);
INSERT INTO Suministro (id_compra,id_sucursal,id_proveedor,id_producto,fecha_compra,pago,cantidad_comprada) VALUES (20,22,94,93,'31/12/1969','2069.25',113);
INSERT INTO Suministro (id_compra,id_sucursal,id_proveedor,id_producto,fecha_compra,pago,cantidad_comprada) VALUES (21,46,45,75,'31/12/1969','2221.58',182);
INSERT INTO Suministro (id_compra,id_sucursal,id_proveedor,id_producto,fecha_compra,pago,cantidad_comprada) VALUES (22,5,6,67,'31/12/1969','9376.55',133);
INSERT INTO Suministro (id_compra,id_sucursal,id_proveedor,id_producto,fecha_compra,pago,cantidad_comprada) VALUES (23,3,69,14,'31/12/1969','1758.89',15);
INSERT INTO Suministro (id_compra,id_sucursal,id_proveedor,id_producto,fecha_compra,pago,cantidad_comprada) VALUES (24,39,74,57,'31/12/1969','5647.15',94);
INSERT INTO Suministro (id_compra,id_sucursal,id_proveedor,id_producto,fecha_compra,pago,cantidad_comprada) VALUES (25,8,53,2,'31/12/1969','5398.61',715);
INSERT INTO Suministro (id_compra,id_sucursal,id_proveedor,id_producto,fecha_compra,pago,cantidad_comprada) VALUES (26,38,37,97,'31/12/1969','2561.60',844);
INSERT INTO Suministro (id_compra,id_sucursal,id_proveedor,id_producto,fecha_compra,pago,cantidad_comprada) VALUES (27,45,4,68,'31/12/1969','5167.40',589);
INSERT INTO Suministro (id_compra,id_sucursal,id_proveedor,id_producto,fecha_compra,pago,cantidad_comprada) VALUES (28,36,78,90,'31/12/1969','6985.12',302);
INSERT INTO Suministro (id_compra,id_sucursal,id_proveedor,id_producto,fecha_compra,pago,cantidad_comprada) VALUES (29,17,36,66,'31/12/1969','1476.64',675);
INSERT INTO Suministro (id_compra,id_sucursal,id_proveedor,id_producto,fecha_compra,pago,cantidad_comprada) VALUES (30,30,7,35,'31/12/1969','4735.19',487);
INSERT INTO Suministro (id_compra,id_sucursal,id_proveedor,id_producto,fecha_compra,pago,cantidad_comprada) VALUES (31,40,67,71,'31/12/1969','4540.52',564);
INSERT INTO Suministro (id_compra,id_sucursal,id_proveedor,id_producto,fecha_compra,pago,cantidad_comprada) VALUES (32,44,56,27,'31/12/1969','1505.78',754);
INSERT INTO Suministro (id_compra,id_sucursal,id_proveedor,id_producto,fecha_compra,pago,cantidad_comprada) VALUES (33,44,78,23,'31/12/1969','3712.26',170);
INSERT INTO Suministro (id_compra,id_sucursal,id_proveedor,id_producto,fecha_compra,pago,cantidad_comprada) VALUES (34,33,45,36,'31/12/1969','1469.24',520);
INSERT INTO Suministro (id_compra,id_sucursal,id_proveedor,id_producto,fecha_compra,pago,cantidad_comprada) VALUES (35,47,98,80,'31/12/1969','9095.78',655);
INSERT INTO Suministro (id_compra,id_sucursal,id_proveedor,id_producto,fecha_compra,pago,cantidad_comprada) VALUES (36,2,51,4,'31/12/1969','4267.22',821);
INSERT INTO Suministro (id_compra,id_sucursal,id_proveedor,id_producto,fecha_compra,pago,cantidad_comprada) VALUES (37,12,96,44,'31/12/1969','4429.57',603);
INSERT INTO Suministro (id_compra,id_sucursal,id_proveedor,id_producto,fecha_compra,pago,cantidad_comprada) VALUES (38,10,61,15,'31/12/1969','7932.52',891);
INSERT INTO Suministro (id_compra,id_sucursal,id_proveedor,id_producto,fecha_compra,pago,cantidad_comprada) VALUES (39,5,12,70,'31/12/1969','5644.50',700);
INSERT INTO Suministro (id_compra,id_sucursal,id_proveedor,id_producto,fecha_compra,pago,cantidad_comprada) VALUES (40,24,85,96,'31/12/1969','7270.01',142);
INSERT INTO Suministro (id_compra,id_sucursal,id_proveedor,id_producto,fecha_compra,pago,cantidad_comprada) VALUES (41,19,25,8,'31/12/1969','9549.97',720);
INSERT INTO Suministro (id_compra,id_sucursal,id_proveedor,id_producto,fecha_compra,pago,cantidad_comprada) VALUES (42,39,8,93,'31/12/1969','5730.34',802);
INSERT INTO Suministro (id_compra,id_sucursal,id_proveedor,id_producto,fecha_compra,pago,cantidad_comprada) VALUES (43,25,4,38,'31/12/1969','5364.57',780);
INSERT INTO Suministro (id_compra,id_sucursal,id_proveedor,id_producto,fecha_compra,pago,cantidad_comprada) VALUES (44,34,8,99,'31/12/1969','4759.50',741);
INSERT INTO Suministro (id_compra,id_sucursal,id_proveedor,id_producto,fecha_compra,pago,cantidad_comprada) VALUES (45,23,9,75,'31/12/1969','3009.87',907);
INSERT INTO Suministro (id_compra,id_sucursal,id_proveedor,id_producto,fecha_compra,pago,cantidad_comprada) VALUES (46,35,83,49,'31/12/1969','5987.23',343);
INSERT INTO Suministro (id_compra,id_sucursal,id_proveedor,id_producto,fecha_compra,pago,cantidad_comprada) VALUES (47,25,55,1,'31/12/1969','6101.78',276);
INSERT INTO Suministro (id_compra,id_sucursal,id_proveedor,id_producto,fecha_compra,pago,cantidad_comprada) VALUES (48,28,48,79,'31/12/1969','1893.59',719);
INSERT INTO Suministro (id_compra,id_sucursal,id_proveedor,id_producto,fecha_compra,pago,cantidad_comprada) VALUES (49,23,29,50,'31/12/1969','6862.56',745);
INSERT INTO Suministro (id_compra,id_sucursal,id_proveedor,id_producto,fecha_compra,pago,cantidad_comprada) VALUES (50,48,1,40,'31/12/1969','8270.73',216);
INSERT INTO Suministro (id_compra,id_sucursal,id_proveedor,id_producto,fecha_compra,pago,cantidad_comprada) VALUES (51,33,4,88,'31/12/1969','2721.02',345);
INSERT INTO Suministro (id_compra,id_sucursal,id_proveedor,id_producto,fecha_compra,pago,cantidad_comprada) VALUES (52,40,43,38,'31/12/1969','7390.99',58);
INSERT INTO Suministro (id_compra,id_sucursal,id_proveedor,id_producto,fecha_compra,pago,cantidad_comprada) VALUES (53,6,60,23,'31/12/1969','5400.93',54);
INSERT INTO Suministro (id_compra,id_sucursal,id_proveedor,id_producto,fecha_compra,pago,cantidad_comprada) VALUES (54,38,14,76,'31/12/1969','7867.49',769);
INSERT INTO Suministro (id_compra,id_sucursal,id_proveedor,id_producto,fecha_compra,pago,cantidad_comprada) VALUES (55,12,7,55,'31/12/1969','3361.73',369);
INSERT INTO Suministro (id_compra,id_sucursal,id_proveedor,id_producto,fecha_compra,pago,cantidad_comprada) VALUES (56,46,13,96,'31/12/1969','8396.14',401);
INSERT INTO Suministro (id_compra,id_sucursal,id_proveedor,id_producto,fecha_compra,pago,cantidad_comprada) VALUES (57,37,46,21,'31/12/1969','2388.74',978);
INSERT INTO Suministro (id_compra,id_sucursal,id_proveedor,id_producto,fecha_compra,pago,cantidad_comprada) VALUES (58,41,22,27,'31/12/1969','3904.78',691);
INSERT INTO Suministro (id_compra,id_sucursal,id_proveedor,id_producto,fecha_compra,pago,cantidad_comprada) VALUES (59,13,87,73,'31/12/1969','5654.91',407);
INSERT INTO Suministro (id_compra,id_sucursal,id_proveedor,id_producto,fecha_compra,pago,cantidad_comprada) VALUES (60,36,19,7,'31/12/1969','4738.12',624);
INSERT INTO Suministro (id_compra,id_sucursal,id_proveedor,id_producto,fecha_compra,pago,cantidad_comprada) VALUES (61,34,87,32,'31/12/1969','6527.23',531);
INSERT INTO Suministro (id_compra,id_sucursal,id_proveedor,id_producto,fecha_compra,pago,cantidad_comprada) VALUES (62,32,5,29,'31/12/1969','2261.59',251);
INSERT INTO Suministro (id_compra,id_sucursal,id_proveedor,id_producto,fecha_compra,pago,cantidad_comprada) VALUES (63,47,83,76,'31/12/1969','5400.66',286);
INSERT INTO Suministro (id_compra,id_sucursal,id_proveedor,id_producto,fecha_compra,pago,cantidad_comprada) VALUES (64,31,10,58,'31/12/1969','7090.78',840);
INSERT INTO Suministro (id_compra,id_sucursal,id_proveedor,id_producto,fecha_compra,pago,cantidad_comprada) VALUES (65,39,16,34,'31/12/1969','5436.88',167);
INSERT INTO Suministro (id_compra,id_sucursal,id_proveedor,id_producto,fecha_compra,pago,cantidad_comprada) VALUES (66,42,78,94,'31/12/1969','5805.95',367);
INSERT INTO Suministro (id_compra,id_sucursal,id_proveedor,id_producto,fecha_compra,pago,cantidad_comprada) VALUES (67,34,35,62,'31/12/1969','6071.72',678);
INSERT INTO Suministro (id_compra,id_sucursal,id_proveedor,id_producto,fecha_compra,pago,cantidad_comprada) VALUES (68,37,12,21,'31/12/1969','2074.19',558);
INSERT INTO Suministro (id_compra,id_sucursal,id_proveedor,id_producto,fecha_compra,pago,cantidad_comprada) VALUES (69,2,86,40,'31/12/1969','5742.83',159);
INSERT INTO Suministro (id_compra,id_sucursal,id_proveedor,id_producto,fecha_compra,pago,cantidad_comprada) VALUES (70,48,15,74,'31/12/1969','4933.08',162);
INSERT INTO Suministro (id_compra,id_sucursal,id_proveedor,id_producto,fecha_compra,pago,cantidad_comprada) VALUES (71,25,9,71,'31/12/1969','2289.08',409);
INSERT INTO Suministro (id_compra,id_sucursal,id_proveedor,id_producto,fecha_compra,pago,cantidad_comprada) VALUES (72,30,61,8,'31/12/1969','4877.13',776);
INSERT INTO Suministro (id_compra,id_sucursal,id_proveedor,id_producto,fecha_compra,pago,cantidad_comprada) VALUES (73,17,50,46,'31/12/1969','7639.89',100);
INSERT INTO Suministro (id_compra,id_sucursal,id_proveedor,id_producto,fecha_compra,pago,cantidad_comprada) VALUES (74,39,29,20,'31/12/1969','8071.06',916);
INSERT INTO Suministro (id_compra,id_sucursal,id_proveedor,id_producto,fecha_compra,pago,cantidad_comprada) VALUES (75,26,62,40,'31/12/1969','4555.46',745);
INSERT INTO Suministro (id_compra,id_sucursal,id_proveedor,id_producto,fecha_compra,pago,cantidad_comprada) VALUES (76,3,16,65,'31/12/1969','9423.41',271);
INSERT INTO Suministro (id_compra,id_sucursal,id_proveedor,id_producto,fecha_compra,pago,cantidad_comprada) VALUES (77,29,35,46,'31/12/1969','5561.48',509);
INSERT INTO Suministro (id_compra,id_sucursal,id_proveedor,id_producto,fecha_compra,pago,cantidad_comprada) VALUES (78,29,41,13,'31/12/1969','6255.74',63);
INSERT INTO Suministro (id_compra,id_sucursal,id_proveedor,id_producto,fecha_compra,pago,cantidad_comprada) VALUES (79,9,19,60,'31/12/1969','8876.20',422);
INSERT INTO Suministro (id_compra,id_sucursal,id_proveedor,id_producto,fecha_compra,pago,cantidad_comprada) VALUES (80,24,13,49,'31/12/1969','7122.85',636);
INSERT INTO Suministro (id_compra,id_sucursal,id_proveedor,id_producto,fecha_compra,pago,cantidad_comprada) VALUES (81,10,88,84,'31/12/1969','3537.46',575);
INSERT INTO Suministro (id_compra,id_sucursal,id_proveedor,id_producto,fecha_compra,pago,cantidad_comprada) VALUES (82,13,95,77,'31/12/1969','6892.25',837);
INSERT INTO Suministro (id_compra,id_sucursal,id_proveedor,id_producto,fecha_compra,pago,cantidad_comprada) VALUES (83,32,70,35,'31/12/1969','7051.63',327);
INSERT INTO Suministro (id_compra,id_sucursal,id_proveedor,id_producto,fecha_compra,pago,cantidad_comprada) VALUES (84,50,32,53,'31/12/1969','5145.14',971);
INSERT INTO Suministro (id_compra,id_sucursal,id_proveedor,id_producto,fecha_compra,pago,cantidad_comprada) VALUES (85,11,63,6,'31/12/1969','2255.05',54);
INSERT INTO Suministro (id_compra,id_sucursal,id_proveedor,id_producto,fecha_compra,pago,cantidad_comprada) VALUES (86,20,18,9,'31/12/1969','3402.61',683);
INSERT INTO Suministro (id_compra,id_sucursal,id_proveedor,id_producto,fecha_compra,pago,cantidad_comprada) VALUES (87,15,15,11,'31/12/1969','7939.81',65);
INSERT INTO Suministro (id_compra,id_sucursal,id_proveedor,id_producto,fecha_compra,pago,cantidad_comprada) VALUES (88,14,30,76,'31/12/1969','5573.05',171);
INSERT INTO Suministro (id_compra,id_sucursal,id_proveedor,id_producto,fecha_compra,pago,cantidad_comprada) VALUES (89,9,37,20,'31/12/1969','6532.83',199);
INSERT INTO Suministro (id_compra,id_sucursal,id_proveedor,id_producto,fecha_compra,pago,cantidad_comprada) VALUES (90,9,62,16,'31/12/1969','8782.86',649);
INSERT INTO Suministro (id_compra,id_sucursal,id_proveedor,id_producto,fecha_compra,pago,cantidad_comprada) VALUES (91,37,12,90,'31/12/1969','3874.23',477);
INSERT INTO Suministro (id_compra,id_sucursal,id_proveedor,id_producto,fecha_compra,pago,cantidad_comprada) VALUES (92,1,50,41,'31/12/1969','8625.30',341);
INSERT INTO Suministro (id_compra,id_sucursal,id_proveedor,id_producto,fecha_compra,pago,cantidad_comprada) VALUES (93,33,44,47,'31/12/1969','9976.69',990);
INSERT INTO Suministro (id_compra,id_sucursal,id_proveedor,id_producto,fecha_compra,pago,cantidad_comprada) VALUES (94,8,49,94,'31/12/1969','3806.87',815);
INSERT INTO Suministro (id_compra,id_sucursal,id_proveedor,id_producto,fecha_compra,pago,cantidad_comprada) VALUES (95,15,99,90,'31/12/1969','3740.43',984);
INSERT INTO Suministro (id_compra,id_sucursal,id_proveedor,id_producto,fecha_compra,pago,cantidad_comprada) VALUES (96,49,55,16,'31/12/1969','4431.26',534);
INSERT INTO Suministro (id_compra,id_sucursal,id_proveedor,id_producto,fecha_compra,pago,cantidad_comprada) VALUES (97,24,35,84,'31/12/1969','9706.66',815);
INSERT INTO Suministro (id_compra,id_sucursal,id_proveedor,id_producto,fecha_compra,pago,cantidad_comprada) VALUES (98,32,40,42,'31/12/1969','7110.58',346);
INSERT INTO Suministro (id_compra,id_sucursal,id_proveedor,id_producto,fecha_compra,pago,cantidad_comprada) VALUES (99,37,12,10,'31/12/1969','9137.43',463);
INSERT INTO Suministro (id_compra,id_sucursal,id_proveedor,id_producto,fecha_compra,pago,cantidad_comprada) VALUES (100,10,92,62,'31/12/1969','2568.89',612);
INSERT INTO Suministro (id_compra,id_sucursal,id_proveedor,id_producto,fecha_compra,pago,cantidad_comprada) VALUES (101,15,31,88,'31/12/1969','1582.20',969);
INSERT INTO Suministro (id_compra,id_sucursal,id_proveedor,id_producto,fecha_compra,pago,cantidad_comprada) VALUES (102,35,49,43,'31/12/1969','7881.95',204);
INSERT INTO Suministro (id_compra,id_sucursal,id_proveedor,id_producto,fecha_compra,pago,cantidad_comprada) VALUES (103,48,57,49,'31/12/1969','8651.93',182);
INSERT INTO Suministro (id_compra,id_sucursal,id_proveedor,id_producto,fecha_compra,pago,cantidad_comprada) VALUES (104,29,14,31,'31/12/1969','1314.07',72);
INSERT INTO Suministro (id_compra,id_sucursal,id_proveedor,id_producto,fecha_compra,pago,cantidad_comprada) VALUES (105,26,54,34,'31/12/1969','6478.92',556);
INSERT INTO Suministro (id_compra,id_sucursal,id_proveedor,id_producto,fecha_compra,pago,cantidad_comprada) VALUES (106,1,74,68,'31/12/1969','8964.97',206);
INSERT INTO Suministro (id_compra,id_sucursal,id_proveedor,id_producto,fecha_compra,pago,cantidad_comprada) VALUES (107,6,43,46,'31/12/1969','6809.03',926);
INSERT INTO Suministro (id_compra,id_sucursal,id_proveedor,id_producto,fecha_compra,pago,cantidad_comprada) VALUES (108,34,86,97,'31/12/1969','5421.33',612);
INSERT INTO Suministro (id_compra,id_sucursal,id_proveedor,id_producto,fecha_compra,pago,cantidad_comprada) VALUES (109,44,58,73,'31/12/1969','6999.42',436);
INSERT INTO Suministro (id_compra,id_sucursal,id_proveedor,id_producto,fecha_compra,pago,cantidad_comprada) VALUES (110,14,23,23,'31/12/1969','6704.68',927);
INSERT INTO Suministro (id_compra,id_sucursal,id_proveedor,id_producto,fecha_compra,pago,cantidad_comprada) VALUES (111,7,23,8,'31/12/1969','9925.07',583);
INSERT INTO Suministro (id_compra,id_sucursal,id_proveedor,id_producto,fecha_compra,pago,cantidad_comprada) VALUES (112,28,17,84,'31/12/1969','9955.00',323);
INSERT INTO Suministro (id_compra,id_sucursal,id_proveedor,id_producto,fecha_compra,pago,cantidad_comprada) VALUES (113,26,27,96,'31/12/1969','3020.00',579);
INSERT INTO Suministro (id_compra,id_sucursal,id_proveedor,id_producto,fecha_compra,pago,cantidad_comprada) VALUES (114,47,27,51,'31/12/1969','6716.83',863);
INSERT INTO Suministro (id_compra,id_sucursal,id_proveedor,id_producto,fecha_compra,pago,cantidad_comprada) VALUES (115,19,49,2,'31/12/1969','6872.22',166);
INSERT INTO Suministro (id_compra,id_sucursal,id_proveedor,id_producto,fecha_compra,pago,cantidad_comprada) VALUES (116,9,28,84,'31/12/1969','6392.43',734);
INSERT INTO Suministro (id_compra,id_sucursal,id_proveedor,id_producto,fecha_compra,pago,cantidad_comprada) VALUES (117,32,26,19,'31/12/1969','3760.67',480);
INSERT INTO Suministro (id_compra,id_sucursal,id_proveedor,id_producto,fecha_compra,pago,cantidad_comprada) VALUES (118,3,91,88,'31/12/1969','4053.36',68);
INSERT INTO Suministro (id_compra,id_sucursal,id_proveedor,id_producto,fecha_compra,pago,cantidad_comprada) VALUES (119,48,36,87,'31/12/1969','5843.86',937);
INSERT INTO Suministro (id_compra,id_sucursal,id_proveedor,id_producto,fecha_compra,pago,cantidad_comprada) VALUES (120,14,84,61,'31/12/1969','4336.88',251);
INSERT INTO Suministro (id_compra,id_sucursal,id_proveedor,id_producto,fecha_compra,pago,cantidad_comprada) VALUES (121,26,67,62,'31/12/1969','7021.69',620);
INSERT INTO Suministro (id_compra,id_sucursal,id_proveedor,id_producto,fecha_compra,pago,cantidad_comprada) VALUES (122,2,27,29,'31/12/1969','4098.18',809);
INSERT INTO Suministro (id_compra,id_sucursal,id_proveedor,id_producto,fecha_compra,pago,cantidad_comprada) VALUES (123,20,54,70,'31/12/1969','3349.07',300);
INSERT INTO Suministro (id_compra,id_sucursal,id_proveedor,id_producto,fecha_compra,pago,cantidad_comprada) VALUES (124,35,78,6,'31/12/1969','1763.46',788);
INSERT INTO Suministro (id_compra,id_sucursal,id_proveedor,id_producto,fecha_compra,pago,cantidad_comprada) VALUES (125,23,96,43,'31/12/1969','8231.50',577);
INSERT INTO Suministro (id_compra,id_sucursal,id_proveedor,id_producto,fecha_compra,pago,cantidad_comprada) VALUES (126,31,13,52,'31/12/1969','9171.01',344);
INSERT INTO Suministro (id_compra,id_sucursal,id_proveedor,id_producto,fecha_compra,pago,cantidad_comprada) VALUES (127,28,94,15,'31/12/1969','1415.47',52);
INSERT INTO Suministro (id_compra,id_sucursal,id_proveedor,id_producto,fecha_compra,pago,cantidad_comprada) VALUES (128,28,53,20,'31/12/1969','8045.20',276);
INSERT INTO Suministro (id_compra,id_sucursal,id_proveedor,id_producto,fecha_compra,pago,cantidad_comprada) VALUES (129,31,86,55,'31/12/1969','6438.63',402);
INSERT INTO Suministro (id_compra,id_sucursal,id_proveedor,id_producto,fecha_compra,pago,cantidad_comprada) VALUES (130,4,5,20,'31/12/1969','3270.93',782);
INSERT INTO Suministro (id_compra,id_sucursal,id_proveedor,id_producto,fecha_compra,pago,cantidad_comprada) VALUES (131,10,40,21,'31/12/1969','9528.49',761);
INSERT INTO Suministro (id_compra,id_sucursal,id_proveedor,id_producto,fecha_compra,pago,cantidad_comprada) VALUES (132,42,32,38,'31/12/1969','9136.57',162);
INSERT INTO Suministro (id_compra,id_sucursal,id_proveedor,id_producto,fecha_compra,pago,cantidad_comprada) VALUES (133,17,70,81,'31/12/1969','2706.93',778);
INSERT INTO Suministro (id_compra,id_sucursal,id_proveedor,id_producto,fecha_compra,pago,cantidad_comprada) VALUES (134,24,91,90,'31/12/1969','1596.84',148);
INSERT INTO Suministro (id_compra,id_sucursal,id_proveedor,id_producto,fecha_compra,pago,cantidad_comprada) VALUES (135,17,39,8,'31/12/1969','5121.05',525);
INSERT INTO Suministro (id_compra,id_sucursal,id_proveedor,id_producto,fecha_compra,pago,cantidad_comprada) VALUES (136,10,95,74,'31/12/1969','8003.55',856);
INSERT INTO Suministro (id_compra,id_sucursal,id_proveedor,id_producto,fecha_compra,pago,cantidad_comprada) VALUES (137,11,48,22,'31/12/1969','6536.10',622);
INSERT INTO Suministro (id_compra,id_sucursal,id_proveedor,id_producto,fecha_compra,pago,cantidad_comprada) VALUES (138,2,25,75,'31/12/1969','9837.20',948);
INSERT INTO Suministro (id_compra,id_sucursal,id_proveedor,id_producto,fecha_compra,pago,cantidad_comprada) VALUES (139,16,28,64,'31/12/1969','1673.91',604);
INSERT INTO Suministro (id_compra,id_sucursal,id_proveedor,id_producto,fecha_compra,pago,cantidad_comprada) VALUES (140,9,36,18,'31/12/1969','1635.56',25);
INSERT INTO Suministro (id_compra,id_sucursal,id_proveedor,id_producto,fecha_compra,pago,cantidad_comprada) VALUES (141,35,57,73,'31/12/1969','5368.59',412);
INSERT INTO Suministro (id_compra,id_sucursal,id_proveedor,id_producto,fecha_compra,pago,cantidad_comprada) VALUES (142,21,11,53,'31/12/1969','6849.56',645);
INSERT INTO Suministro (id_compra,id_sucursal,id_proveedor,id_producto,fecha_compra,pago,cantidad_comprada) VALUES (143,17,44,43,'31/12/1969','5042.29',690);
INSERT INTO Suministro (id_compra,id_sucursal,id_proveedor,id_producto,fecha_compra,pago,cantidad_comprada) VALUES (144,47,45,90,'31/12/1969','6502.00',956);
INSERT INTO Suministro (id_compra,id_sucursal,id_proveedor,id_producto,fecha_compra,pago,cantidad_comprada) VALUES (145,19,40,30,'31/12/1969','9841.43',205);
INSERT INTO Suministro (id_compra,id_sucursal,id_proveedor,id_producto,fecha_compra,pago,cantidad_comprada) VALUES (146,2,65,71,'31/12/1969','8855.41',563);
INSERT INTO Suministro (id_compra,id_sucursal,id_proveedor,id_producto,fecha_compra,pago,cantidad_comprada) VALUES (147,7,82,100,'31/12/1969','5224.65',893);
INSERT INTO Suministro (id_compra,id_sucursal,id_proveedor,id_producto,fecha_compra,pago,cantidad_comprada) VALUES (148,49,33,56,'31/12/1969','5628.54',734);
INSERT INTO Suministro (id_compra,id_sucursal,id_proveedor,id_producto,fecha_compra,pago,cantidad_comprada) VALUES (149,20,36,8,'31/12/1969','1726.02',716);
INSERT INTO Suministro (id_compra,id_sucursal,id_proveedor,id_producto,fecha_compra,pago,cantidad_comprada) VALUES (150,23,53,89,'31/12/1969','7281.86',151);
INSERT INTO Suministro (id_compra,id_sucursal,id_proveedor,id_producto,fecha_compra,pago,cantidad_comprada) VALUES (151,41,16,59,'31/12/1969','7693.12',8);
INSERT INTO Suministro (id_compra,id_sucursal,id_proveedor,id_producto,fecha_compra,pago,cantidad_comprada) VALUES (152,24,83,88,'31/12/1969','9744.32',90);
INSERT INTO Suministro (id_compra,id_sucursal,id_proveedor,id_producto,fecha_compra,pago,cantidad_comprada) VALUES (153,41,78,79,'31/12/1969','1587.28',57);
INSERT INTO Suministro (id_compra,id_sucursal,id_proveedor,id_producto,fecha_compra,pago,cantidad_comprada) VALUES (154,7,22,21,'31/12/1969','2982.72',698);
INSERT INTO Suministro (id_compra,id_sucursal,id_proveedor,id_producto,fecha_compra,pago,cantidad_comprada) VALUES (155,3,7,47,'31/12/1969','7652.40',61);
INSERT INTO Suministro (id_compra,id_sucursal,id_proveedor,id_producto,fecha_compra,pago,cantidad_comprada) VALUES (156,35,93,68,'31/12/1969','8563.49',975);
INSERT INTO Suministro (id_compra,id_sucursal,id_proveedor,id_producto,fecha_compra,pago,cantidad_comprada) VALUES (157,50,45,71,'31/12/1969','6704.64',472);
INSERT INTO Suministro (id_compra,id_sucursal,id_proveedor,id_producto,fecha_compra,pago,cantidad_comprada) VALUES (158,26,42,81,'31/12/1969','8687.35',987);
INSERT INTO Suministro (id_compra,id_sucursal,id_proveedor,id_producto,fecha_compra,pago,cantidad_comprada) VALUES (159,4,70,50,'31/12/1969','5263.73',327);
INSERT INTO Suministro (id_compra,id_sucursal,id_proveedor,id_producto,fecha_compra,pago,cantidad_comprada) VALUES (160,15,45,39,'31/12/1969','9197.78',739);
INSERT INTO Suministro (id_compra,id_sucursal,id_proveedor,id_producto,fecha_compra,pago,cantidad_comprada) VALUES (161,8,81,65,'31/12/1969','3429.45',330);
INSERT INTO Suministro (id_compra,id_sucursal,id_proveedor,id_producto,fecha_compra,pago,cantidad_comprada) VALUES (162,44,13,45,'31/12/1969','8888.73',196);
INSERT INTO Suministro (id_compra,id_sucursal,id_proveedor,id_producto,fecha_compra,pago,cantidad_comprada) VALUES (163,44,63,7,'31/12/1969','9268.19',697);
INSERT INTO Suministro (id_compra,id_sucursal,id_proveedor,id_producto,fecha_compra,pago,cantidad_comprada) VALUES (164,48,3,76,'31/12/1969','9380.65',664);
INSERT INTO Suministro (id_compra,id_sucursal,id_proveedor,id_producto,fecha_compra,pago,cantidad_comprada) VALUES (165,31,69,43,'31/12/1969','4588.23',184);
INSERT INTO Suministro (id_compra,id_sucursal,id_proveedor,id_producto,fecha_compra,pago,cantidad_comprada) VALUES (166,37,100,100,'31/12/1969','9731.93',628);
INSERT INTO Suministro (id_compra,id_sucursal,id_proveedor,id_producto,fecha_compra,pago,cantidad_comprada) VALUES (167,18,37,61,'31/12/1969','6337.93',896);
INSERT INTO Suministro (id_compra,id_sucursal,id_proveedor,id_producto,fecha_compra,pago,cantidad_comprada) VALUES (168,45,10,43,'31/12/1969','9824.50',401);
INSERT INTO Suministro (id_compra,id_sucursal,id_proveedor,id_producto,fecha_compra,pago,cantidad_comprada) VALUES (169,17,12,66,'31/12/1969','9584.12',766);
INSERT INTO Suministro (id_compra,id_sucursal,id_proveedor,id_producto,fecha_compra,pago,cantidad_comprada) VALUES (170,33,82,55,'31/12/1969','6895.83',868);
INSERT INTO Suministro (id_compra,id_sucursal,id_proveedor,id_producto,fecha_compra,pago,cantidad_comprada) VALUES (171,46,66,26,'31/12/1969','4547.85',429);
INSERT INTO Suministro (id_compra,id_sucursal,id_proveedor,id_producto,fecha_compra,pago,cantidad_comprada) VALUES (172,8,54,82,'31/12/1969','2206.59',641);
INSERT INTO Suministro (id_compra,id_sucursal,id_proveedor,id_producto,fecha_compra,pago,cantidad_comprada) VALUES (173,10,22,83,'31/12/1969','2694.31',771);
INSERT INTO Suministro (id_compra,id_sucursal,id_proveedor,id_producto,fecha_compra,pago,cantidad_comprada) VALUES (174,2,7,3,'31/12/1969','5654.81',730);
INSERT INTO Suministro (id_compra,id_sucursal,id_proveedor,id_producto,fecha_compra,pago,cantidad_comprada) VALUES (175,15,61,61,'31/12/1969','7488.56',26);
INSERT INTO Suministro (id_compra,id_sucursal,id_proveedor,id_producto,fecha_compra,pago,cantidad_comprada) VALUES (176,20,40,35,'31/12/1969','8988.17',547);
INSERT INTO Suministro (id_compra,id_sucursal,id_proveedor,id_producto,fecha_compra,pago,cantidad_comprada) VALUES (177,28,37,46,'31/12/1969','6356.75',5);
INSERT INTO Suministro (id_compra,id_sucursal,id_proveedor,id_producto,fecha_compra,pago,cantidad_comprada) VALUES (178,20,85,96,'31/12/1969','3736.60',410);
INSERT INTO Suministro (id_compra,id_sucursal,id_proveedor,id_producto,fecha_compra,pago,cantidad_comprada) VALUES (179,19,97,53,'31/12/1969','9808.34',204);
INSERT INTO Suministro (id_compra,id_sucursal,id_proveedor,id_producto,fecha_compra,pago,cantidad_comprada) VALUES (180,27,64,78,'31/12/1969','5832.84',58);
INSERT INTO Suministro (id_compra,id_sucursal,id_proveedor,id_producto,fecha_compra,pago,cantidad_comprada) VALUES (181,38,97,66,'31/12/1969','8311.91',446);
INSERT INTO Suministro (id_compra,id_sucursal,id_proveedor,id_producto,fecha_compra,pago,cantidad_comprada) VALUES (182,41,67,28,'31/12/1969','4065.76',208);
INSERT INTO Suministro (id_compra,id_sucursal,id_proveedor,id_producto,fecha_compra,pago,cantidad_comprada) VALUES (183,36,35,62,'31/12/1969','4433.89',584);
INSERT INTO Suministro (id_compra,id_sucursal,id_proveedor,id_producto,fecha_compra,pago,cantidad_comprada) VALUES (184,22,76,15,'31/12/1969','4818.90',855);
INSERT INTO Suministro (id_compra,id_sucursal,id_proveedor,id_producto,fecha_compra,pago,cantidad_comprada) VALUES (185,27,9,28,'31/12/1969','8550.45',791);
INSERT INTO Suministro (id_compra,id_sucursal,id_proveedor,id_producto,fecha_compra,pago,cantidad_comprada) VALUES (186,21,73,65,'31/12/1969','5075.37',139);
INSERT INTO Suministro (id_compra,id_sucursal,id_proveedor,id_producto,fecha_compra,pago,cantidad_comprada) VALUES (187,44,98,57,'31/12/1969','6684.38',452);
INSERT INTO Suministro (id_compra,id_sucursal,id_proveedor,id_producto,fecha_compra,pago,cantidad_comprada) VALUES (188,15,1,53,'31/12/1969','6916.91',94);
INSERT INTO Suministro (id_compra,id_sucursal,id_proveedor,id_producto,fecha_compra,pago,cantidad_comprada) VALUES (189,18,91,32,'31/12/1969','1816.52',225);
INSERT INTO Suministro (id_compra,id_sucursal,id_proveedor,id_producto,fecha_compra,pago,cantidad_comprada) VALUES (190,4,44,93,'31/12/1969','3616.08',908);
INSERT INTO Suministro (id_compra,id_sucursal,id_proveedor,id_producto,fecha_compra,pago,cantidad_comprada) VALUES (191,18,45,98,'31/12/1969','6314.49',53);
INSERT INTO Suministro (id_compra,id_sucursal,id_proveedor,id_producto,fecha_compra,pago,cantidad_comprada) VALUES (192,13,90,87,'31/12/1969','3956.36',527);
INSERT INTO Suministro (id_compra,id_sucursal,id_proveedor,id_producto,fecha_compra,pago,cantidad_comprada) VALUES (193,47,35,67,'31/12/1969','7525.41',724);
INSERT INTO Suministro (id_compra,id_sucursal,id_proveedor,id_producto,fecha_compra,pago,cantidad_comprada) VALUES (194,41,81,51,'31/12/1969','3309.37',762);
INSERT INTO Suministro (id_compra,id_sucursal,id_proveedor,id_producto,fecha_compra,pago,cantidad_comprada) VALUES (195,9,60,7,'31/12/1969','6029.26',53);
INSERT INTO Suministro (id_compra,id_sucursal,id_proveedor,id_producto,fecha_compra,pago,cantidad_comprada) VALUES (196,25,57,62,'31/12/1969','4130.32',476);
INSERT INTO Suministro (id_compra,id_sucursal,id_proveedor,id_producto,fecha_compra,pago,cantidad_comprada) VALUES (197,47,76,14,'31/12/1969','7032.16',956);
INSERT INTO Suministro (id_compra,id_sucursal,id_proveedor,id_producto,fecha_compra,pago,cantidad_comprada) VALUES (198,45,42,1,'31/12/1969','9422.02',817);
INSERT INTO Suministro (id_compra,id_sucursal,id_proveedor,id_producto,fecha_compra,pago,cantidad_comprada) VALUES (199,44,42,30,'31/12/1969','4472.47',319);
INSERT INTO Suministro (id_compra,id_sucursal,id_proveedor,id_producto,fecha_compra,pago,cantidad_comprada) VALUES (200,30,72,68,'31/12/1969','4721.26',861);
INSERT INTO Suministro (id_compra,id_sucursal,id_proveedor,id_producto,fecha_compra,pago,cantidad_comprada) VALUES (201,28,84,96,'31/12/1969','6750.27',367);
INSERT INTO Suministro (id_compra,id_sucursal,id_proveedor,id_producto,fecha_compra,pago,cantidad_comprada) VALUES (202,46,7,97,'31/12/1969','7949.90',960);
INSERT INTO Suministro (id_compra,id_sucursal,id_proveedor,id_producto,fecha_compra,pago,cantidad_comprada) VALUES (203,28,95,66,'31/12/1969','4594.88',317);
INSERT INTO Suministro (id_compra,id_sucursal,id_proveedor,id_producto,fecha_compra,pago,cantidad_comprada) VALUES (204,28,54,6,'31/12/1969','1368.16',401);
INSERT INTO Suministro (id_compra,id_sucursal,id_proveedor,id_producto,fecha_compra,pago,cantidad_comprada) VALUES (205,33,80,9,'31/12/1969','8753.77',573);
INSERT INTO Suministro (id_compra,id_sucursal,id_proveedor,id_producto,fecha_compra,pago,cantidad_comprada) VALUES (206,49,59,44,'31/12/1969','7086.70',560);
INSERT INTO Suministro (id_compra,id_sucursal,id_proveedor,id_producto,fecha_compra,pago,cantidad_comprada) VALUES (207,1,99,15,'31/12/1969','8459.68',694);
INSERT INTO Suministro (id_compra,id_sucursal,id_proveedor,id_producto,fecha_compra,pago,cantidad_comprada) VALUES (208,35,97,32,'31/12/1969','4477.50',530);
INSERT INTO Suministro (id_compra,id_sucursal,id_proveedor,id_producto,fecha_compra,pago,cantidad_comprada) VALUES (209,40,21,30,'31/12/1969','9596.23',949);
INSERT INTO Suministro (id_compra,id_sucursal,id_proveedor,id_producto,fecha_compra,pago,cantidad_comprada) VALUES (210,24,53,63,'31/12/1969','6513.92',706);
INSERT INTO Suministro (id_compra,id_sucursal,id_proveedor,id_producto,fecha_compra,pago,cantidad_comprada) VALUES (211,39,42,56,'31/12/1969','7236.95',168);
INSERT INTO Suministro (id_compra,id_sucursal,id_proveedor,id_producto,fecha_compra,pago,cantidad_comprada) VALUES (212,24,55,33,'31/12/1969','1121.43',635);
INSERT INTO Suministro (id_compra,id_sucursal,id_proveedor,id_producto,fecha_compra,pago,cantidad_comprada) VALUES (213,37,77,15,'31/12/1969','8406.19',444);
INSERT INTO Suministro (id_compra,id_sucursal,id_proveedor,id_producto,fecha_compra,pago,cantidad_comprada) VALUES (214,33,95,90,'31/12/1969','3826.48',101);
INSERT INTO Suministro (id_compra,id_sucursal,id_proveedor,id_producto,fecha_compra,pago,cantidad_comprada) VALUES (215,23,3,99,'31/12/1969','9348.05',2);
INSERT INTO Suministro (id_compra,id_sucursal,id_proveedor,id_producto,fecha_compra,pago,cantidad_comprada) VALUES (216,36,68,25,'31/12/1969','3895.82',540);
INSERT INTO Suministro (id_compra,id_sucursal,id_proveedor,id_producto,fecha_compra,pago,cantidad_comprada) VALUES (217,3,45,55,'31/12/1969','7944.56',556);
INSERT INTO Suministro (id_compra,id_sucursal,id_proveedor,id_producto,fecha_compra,pago,cantidad_comprada) VALUES (218,35,78,98,'31/12/1969','7130.46',157);
INSERT INTO Suministro (id_compra,id_sucursal,id_proveedor,id_producto,fecha_compra,pago,cantidad_comprada) VALUES (219,30,42,86,'31/12/1969','4658.78',451);
INSERT INTO Suministro (id_compra,id_sucursal,id_proveedor,id_producto,fecha_compra,pago,cantidad_comprada) VALUES (220,4,6,4,'31/12/1969','1458.36',659);
INSERT INTO Suministro (id_compra,id_sucursal,id_proveedor,id_producto,fecha_compra,pago,cantidad_comprada) VALUES (221,2,11,44,'31/12/1969','2809.95',883);
INSERT INTO Suministro (id_compra,id_sucursal,id_proveedor,id_producto,fecha_compra,pago,cantidad_comprada) VALUES (222,41,40,24,'31/12/1969','9244.05',863);
INSERT INTO Suministro (id_compra,id_sucursal,id_proveedor,id_producto,fecha_compra,pago,cantidad_comprada) VALUES (223,31,59,82,'31/12/1969','7811.73',977);
INSERT INTO Suministro (id_compra,id_sucursal,id_proveedor,id_producto,fecha_compra,pago,cantidad_comprada) VALUES (224,44,42,75,'31/12/1969','8794.72',739);
INSERT INTO Suministro (id_compra,id_sucursal,id_proveedor,id_producto,fecha_compra,pago,cantidad_comprada) VALUES (225,19,52,23,'31/12/1969','3994.97',224);
INSERT INTO Suministro (id_compra,id_sucursal,id_proveedor,id_producto,fecha_compra,pago,cantidad_comprada) VALUES (226,46,53,33,'31/12/1969','1336.74',583);
INSERT INTO Suministro (id_compra,id_sucursal,id_proveedor,id_producto,fecha_compra,pago,cantidad_comprada) VALUES (227,26,23,43,'31/12/1969','8737.43',95);
INSERT INTO Suministro (id_compra,id_sucursal,id_proveedor,id_producto,fecha_compra,pago,cantidad_comprada) VALUES (228,28,71,55,'31/12/1969','8624.95',660);
INSERT INTO Suministro (id_compra,id_sucursal,id_proveedor,id_producto,fecha_compra,pago,cantidad_comprada) VALUES (229,31,57,84,'31/12/1969','8931.12',347);
INSERT INTO Suministro (id_compra,id_sucursal,id_proveedor,id_producto,fecha_compra,pago,cantidad_comprada) VALUES (230,36,31,47,'31/12/1969','8609.90',22);
INSERT INTO Suministro (id_compra,id_sucursal,id_proveedor,id_producto,fecha_compra,pago,cantidad_comprada) VALUES (231,4,30,88,'31/12/1969','5501.62',34);
INSERT INTO Suministro (id_compra,id_sucursal,id_proveedor,id_producto,fecha_compra,pago,cantidad_comprada) VALUES (232,19,35,80,'31/12/1969','9097.76',723);
INSERT INTO Suministro (id_compra,id_sucursal,id_proveedor,id_producto,fecha_compra,pago,cantidad_comprada) VALUES (233,43,60,43,'31/12/1969','7607.08',895);
INSERT INTO Suministro (id_compra,id_sucursal,id_proveedor,id_producto,fecha_compra,pago,cantidad_comprada) VALUES (234,50,40,44,'31/12/1969','2274.93',483);
INSERT INTO Suministro (id_compra,id_sucursal,id_proveedor,id_producto,fecha_compra,pago,cantidad_comprada) VALUES (235,1,63,91,'31/12/1969','9050.31',556);
INSERT INTO Suministro (id_compra,id_sucursal,id_proveedor,id_producto,fecha_compra,pago,cantidad_comprada) VALUES (236,30,16,29,'31/12/1969','8423.65',962);
INSERT INTO Suministro (id_compra,id_sucursal,id_proveedor,id_producto,fecha_compra,pago,cantidad_comprada) VALUES (237,29,92,13,'31/12/1969','8759.95',847);
INSERT INTO Suministro (id_compra,id_sucursal,id_proveedor,id_producto,fecha_compra,pago,cantidad_comprada) VALUES (238,24,1,84,'31/12/1969','8163.87',17);
INSERT INTO Suministro (id_compra,id_sucursal,id_proveedor,id_producto,fecha_compra,pago,cantidad_comprada) VALUES (239,34,98,47,'31/12/1969','1296.50',674);
INSERT INTO Suministro (id_compra,id_sucursal,id_proveedor,id_producto,fecha_compra,pago,cantidad_comprada) VALUES (240,14,44,98,'31/12/1969','7620.93',843);
INSERT INTO Suministro (id_compra,id_sucursal,id_proveedor,id_producto,fecha_compra,pago,cantidad_comprada) VALUES (241,4,40,54,'31/12/1969','8765.10',622);
INSERT INTO Suministro (id_compra,id_sucursal,id_proveedor,id_producto,fecha_compra,pago,cantidad_comprada) VALUES (242,39,19,72,'31/12/1969','7195.39',313);
INSERT INTO Suministro (id_compra,id_sucursal,id_proveedor,id_producto,fecha_compra,pago,cantidad_comprada) VALUES (243,33,71,29,'31/12/1969','9590.50',949);
INSERT INTO Suministro (id_compra,id_sucursal,id_proveedor,id_producto,fecha_compra,pago,cantidad_comprada) VALUES (244,2,20,38,'31/12/1969','2428.01',180);
INSERT INTO Suministro (id_compra,id_sucursal,id_proveedor,id_producto,fecha_compra,pago,cantidad_comprada) VALUES (245,11,43,15,'31/12/1969','1918.27',926);
INSERT INTO Suministro (id_compra,id_sucursal,id_proveedor,id_producto,fecha_compra,pago,cantidad_comprada) VALUES (246,8,11,62,'31/12/1969','6630.56',28);
INSERT INTO Suministro (id_compra,id_sucursal,id_proveedor,id_producto,fecha_compra,pago,cantidad_comprada) VALUES (247,7,62,46,'31/12/1969','5420.89',907);
INSERT INTO Suministro (id_compra,id_sucursal,id_proveedor,id_producto,fecha_compra,pago,cantidad_comprada) VALUES (248,49,60,45,'31/12/1969','8527.62',817);
INSERT INTO Suministro (id_compra,id_sucursal,id_proveedor,id_producto,fecha_compra,pago,cantidad_comprada) VALUES (249,16,24,75,'31/12/1969','6603.46',776);
INSERT INTO Suministro (id_compra,id_sucursal,id_proveedor,id_producto,fecha_compra,pago,cantidad_comprada) VALUES (250,36,98,94,'31/12/1969','6533.19',30);
INSERT INTO Suministro (id_compra,id_sucursal,id_proveedor,id_producto,fecha_compra,pago,cantidad_comprada) VALUES (251,18,85,95,'31/12/1969','6890.59',804);
INSERT INTO Suministro (id_compra,id_sucursal,id_proveedor,id_producto,fecha_compra,pago,cantidad_comprada) VALUES (252,49,83,96,'31/12/1969','3906.34',189);
INSERT INTO Suministro (id_compra,id_sucursal,id_proveedor,id_producto,fecha_compra,pago,cantidad_comprada) VALUES (253,32,94,44,'31/12/1969','3762.03',828);
INSERT INTO Suministro (id_compra,id_sucursal,id_proveedor,id_producto,fecha_compra,pago,cantidad_comprada) VALUES (254,41,2,94,'31/12/1969','5069.64',778);
INSERT INTO Suministro (id_compra,id_sucursal,id_proveedor,id_producto,fecha_compra,pago,cantidad_comprada) VALUES (255,15,26,46,'31/12/1969','7241.72',849);
INSERT INTO Suministro (id_compra,id_sucursal,id_proveedor,id_producto,fecha_compra,pago,cantidad_comprada) VALUES (256,46,55,12,'31/12/1969','8583.82',742);
INSERT INTO Suministro (id_compra,id_sucursal,id_proveedor,id_producto,fecha_compra,pago,cantidad_comprada) VALUES (257,25,9,82,'31/12/1969','6100.84',227);
INSERT INTO Suministro (id_compra,id_sucursal,id_proveedor,id_producto,fecha_compra,pago,cantidad_comprada) VALUES (258,47,99,31,'31/12/1969','8217.76',924);
INSERT INTO Suministro (id_compra,id_sucursal,id_proveedor,id_producto,fecha_compra,pago,cantidad_comprada) VALUES (259,47,21,8,'31/12/1969','9135.72',591);
INSERT INTO Suministro (id_compra,id_sucursal,id_proveedor,id_producto,fecha_compra,pago,cantidad_comprada) VALUES (260,5,69,72,'31/12/1969','7231.04',679);
INSERT INTO Suministro (id_compra,id_sucursal,id_proveedor,id_producto,fecha_compra,pago,cantidad_comprada) VALUES (261,35,57,84,'31/12/1969','1708.17',875);
INSERT INTO Suministro (id_compra,id_sucursal,id_proveedor,id_producto,fecha_compra,pago,cantidad_comprada) VALUES (262,29,20,56,'31/12/1969','6200.74',201);
INSERT INTO Suministro (id_compra,id_sucursal,id_proveedor,id_producto,fecha_compra,pago,cantidad_comprada) VALUES (263,23,81,13,'31/12/1969','9635.09',133);
INSERT INTO Suministro (id_compra,id_sucursal,id_proveedor,id_producto,fecha_compra,pago,cantidad_comprada) VALUES (264,43,19,7,'31/12/1969','1667.54',616);
INSERT INTO Suministro (id_compra,id_sucursal,id_proveedor,id_producto,fecha_compra,pago,cantidad_comprada) VALUES (265,46,6,61,'31/12/1969','7509.68',41);
INSERT INTO Suministro (id_compra,id_sucursal,id_proveedor,id_producto,fecha_compra,pago,cantidad_comprada) VALUES (266,29,6,97,'31/12/1969','3200.62',731);
INSERT INTO Suministro (id_compra,id_sucursal,id_proveedor,id_producto,fecha_compra,pago,cantidad_comprada) VALUES (267,37,25,44,'31/12/1969','5195.67',130);
INSERT INTO Suministro (id_compra,id_sucursal,id_proveedor,id_producto,fecha_compra,pago,cantidad_comprada) VALUES (268,11,25,25,'31/12/1969','9823.77',333);
INSERT INTO Suministro (id_compra,id_sucursal,id_proveedor,id_producto,fecha_compra,pago,cantidad_comprada) VALUES (269,42,47,70,'31/12/1969','2031.49',48);
INSERT INTO Suministro (id_compra,id_sucursal,id_proveedor,id_producto,fecha_compra,pago,cantidad_comprada) VALUES (270,46,31,50,'31/12/1969','8362.76',924);
INSERT INTO Suministro (id_compra,id_sucursal,id_proveedor,id_producto,fecha_compra,pago,cantidad_comprada) VALUES (271,29,87,13,'31/12/1969','9031.42',358);
INSERT INTO Suministro (id_compra,id_sucursal,id_proveedor,id_producto,fecha_compra,pago,cantidad_comprada) VALUES (272,50,8,74,'31/12/1969','4552.59',434);
INSERT INTO Suministro (id_compra,id_sucursal,id_proveedor,id_producto,fecha_compra,pago,cantidad_comprada) VALUES (273,10,94,33,'31/12/1969','6539.39',499);
INSERT INTO Suministro (id_compra,id_sucursal,id_proveedor,id_producto,fecha_compra,pago,cantidad_comprada) VALUES (274,19,27,100,'31/12/1969','3543.15',253);
INSERT INTO Suministro (id_compra,id_sucursal,id_proveedor,id_producto,fecha_compra,pago,cantidad_comprada) VALUES (275,47,50,93,'31/12/1969','2835.61',415);
INSERT INTO Suministro (id_compra,id_sucursal,id_proveedor,id_producto,fecha_compra,pago,cantidad_comprada) VALUES (276,9,53,1,'31/12/1969','1500.18',156);
INSERT INTO Suministro (id_compra,id_sucursal,id_proveedor,id_producto,fecha_compra,pago,cantidad_comprada) VALUES (277,38,36,18,'31/12/1969','1891.51',480);
INSERT INTO Suministro (id_compra,id_sucursal,id_proveedor,id_producto,fecha_compra,pago,cantidad_comprada) VALUES (278,33,77,36,'31/12/1969','2589.95',650);
INSERT INTO Suministro (id_compra,id_sucursal,id_proveedor,id_producto,fecha_compra,pago,cantidad_comprada) VALUES (279,22,93,13,'31/12/1969','9871.00',9);
INSERT INTO Suministro (id_compra,id_sucursal,id_proveedor,id_producto,fecha_compra,pago,cantidad_comprada) VALUES (280,46,39,40,'31/12/1969','9544.65',361);
INSERT INTO Suministro (id_compra,id_sucursal,id_proveedor,id_producto,fecha_compra,pago,cantidad_comprada) VALUES (281,36,53,78,'31/12/1969','2115.00',194);
INSERT INTO Suministro (id_compra,id_sucursal,id_proveedor,id_producto,fecha_compra,pago,cantidad_comprada) VALUES (282,49,30,10,'31/12/1969','1982.79',782);
INSERT INTO Suministro (id_compra,id_sucursal,id_proveedor,id_producto,fecha_compra,pago,cantidad_comprada) VALUES (283,14,49,42,'31/12/1969','4352.64',385);
INSERT INTO Suministro (id_compra,id_sucursal,id_proveedor,id_producto,fecha_compra,pago,cantidad_comprada) VALUES (284,7,54,57,'31/12/1969','1004.43',641);
INSERT INTO Suministro (id_compra,id_sucursal,id_proveedor,id_producto,fecha_compra,pago,cantidad_comprada) VALUES (285,2,1,78,'31/12/1969','6208.72',390);
INSERT INTO Suministro (id_compra,id_sucursal,id_proveedor,id_producto,fecha_compra,pago,cantidad_comprada) VALUES (286,1,46,100,'31/12/1969','9964.52',62);
INSERT INTO Suministro (id_compra,id_sucursal,id_proveedor,id_producto,fecha_compra,pago,cantidad_comprada) VALUES (287,1,3,72,'31/12/1969','4740.20',434);
INSERT INTO Suministro (id_compra,id_sucursal,id_proveedor,id_producto,fecha_compra,pago,cantidad_comprada) VALUES (288,38,28,69,'31/12/1969','6918.06',429);
INSERT INTO Suministro (id_compra,id_sucursal,id_proveedor,id_producto,fecha_compra,pago,cantidad_comprada) VALUES (289,19,12,87,'31/12/1969','7855.63',229);
INSERT INTO Suministro (id_compra,id_sucursal,id_proveedor,id_producto,fecha_compra,pago,cantidad_comprada) VALUES (290,43,69,95,'31/12/1969','7442.16',116);
INSERT INTO Suministro (id_compra,id_sucursal,id_proveedor,id_producto,fecha_compra,pago,cantidad_comprada) VALUES (291,46,23,1,'31/12/1969','3145.35',727);
INSERT INTO Suministro (id_compra,id_sucursal,id_proveedor,id_producto,fecha_compra,pago,cantidad_comprada) VALUES (292,38,61,92,'31/12/1969','4319.32',808);
INSERT INTO Suministro (id_compra,id_sucursal,id_proveedor,id_producto,fecha_compra,pago,cantidad_comprada) VALUES (293,30,34,35,'31/12/1969','5149.14',367);
INSERT INTO Suministro (id_compra,id_sucursal,id_proveedor,id_producto,fecha_compra,pago,cantidad_comprada) VALUES (294,19,76,63,'31/12/1969','1632.59',139);
INSERT INTO Suministro (id_compra,id_sucursal,id_proveedor,id_producto,fecha_compra,pago,cantidad_comprada) VALUES (295,13,94,90,'31/12/1969','5178.98',77);
INSERT INTO Suministro (id_compra,id_sucursal,id_proveedor,id_producto,fecha_compra,pago,cantidad_comprada) VALUES (296,22,24,98,'31/12/1969','6570.20',382);
INSERT INTO Suministro (id_compra,id_sucursal,id_proveedor,id_producto,fecha_compra,pago,cantidad_comprada) VALUES (297,30,23,12,'31/12/1969','3212.78',753);
INSERT INTO Suministro (id_compra,id_sucursal,id_proveedor,id_producto,fecha_compra,pago,cantidad_comprada) VALUES (298,41,5,81,'31/12/1969','8377.20',800);
INSERT INTO Suministro (id_compra,id_sucursal,id_proveedor,id_producto,fecha_compra,pago,cantidad_comprada) VALUES (299,44,3,51,'31/12/1969','2342.31',927);
INSERT INTO Suministro (id_compra,id_sucursal,id_proveedor,id_producto,fecha_compra,pago,cantidad_comprada) VALUES (300,17,98,62,'31/12/1969','1523.22',683);
INSERT INTO Suministro (id_compra,id_sucursal,id_proveedor,id_producto,fecha_compra,pago,cantidad_comprada) VALUES (301,49,88,13,'31/12/1969','5208.74',189);
INSERT INTO Suministro (id_compra,id_sucursal,id_proveedor,id_producto,fecha_compra,pago,cantidad_comprada) VALUES (302,37,68,48,'31/12/1969','2659.04',815);
INSERT INTO Suministro (id_compra,id_sucursal,id_proveedor,id_producto,fecha_compra,pago,cantidad_comprada) VALUES (303,24,57,60,'31/12/1969','9026.37',436);
INSERT INTO Suministro (id_compra,id_sucursal,id_proveedor,id_producto,fecha_compra,pago,cantidad_comprada) VALUES (304,44,4,30,'31/12/1969','5119.76',28);
INSERT INTO Suministro (id_compra,id_sucursal,id_proveedor,id_producto,fecha_compra,pago,cantidad_comprada) VALUES (305,39,31,29,'31/12/1969','1204.86',220);
INSERT INTO Suministro (id_compra,id_sucursal,id_proveedor,id_producto,fecha_compra,pago,cantidad_comprada) VALUES (306,4,21,27,'31/12/1969','5848.26',16);
INSERT INTO Suministro (id_compra,id_sucursal,id_proveedor,id_producto,fecha_compra,pago,cantidad_comprada) VALUES (307,43,29,99,'31/12/1969','3136.02',137);
INSERT INTO Suministro (id_compra,id_sucursal,id_proveedor,id_producto,fecha_compra,pago,cantidad_comprada) VALUES (308,1,83,42,'31/12/1969','1651.39',659);
INSERT INTO Suministro (id_compra,id_sucursal,id_proveedor,id_producto,fecha_compra,pago,cantidad_comprada) VALUES (309,5,70,77,'31/12/1969','1912.05',594);
INSERT INTO Suministro (id_compra,id_sucursal,id_proveedor,id_producto,fecha_compra,pago,cantidad_comprada) VALUES (310,44,65,6,'31/12/1969','8875.71',319);
INSERT INTO Suministro (id_compra,id_sucursal,id_proveedor,id_producto,fecha_compra,pago,cantidad_comprada) VALUES (311,10,61,95,'31/12/1969','3222.74',727);
INSERT INTO Suministro (id_compra,id_sucursal,id_proveedor,id_producto,fecha_compra,pago,cantidad_comprada) VALUES (312,12,54,51,'31/12/1969','3850.44',493);
INSERT INTO Suministro (id_compra,id_sucursal,id_proveedor,id_producto,fecha_compra,pago,cantidad_comprada) VALUES (313,3,94,86,'31/12/1969','8738.38',40);
INSERT INTO Suministro (id_compra,id_sucursal,id_proveedor,id_producto,fecha_compra,pago,cantidad_comprada) VALUES (314,20,52,20,'31/12/1969','3656.10',587);
INSERT INTO Suministro (id_compra,id_sucursal,id_proveedor,id_producto,fecha_compra,pago,cantidad_comprada) VALUES (315,33,82,23,'31/12/1969','5969.10',727);
INSERT INTO Suministro (id_compra,id_sucursal,id_proveedor,id_producto,fecha_compra,pago,cantidad_comprada) VALUES (316,45,61,70,'31/12/1969','3962.01',621);
INSERT INTO Suministro (id_compra,id_sucursal,id_proveedor,id_producto,fecha_compra,pago,cantidad_comprada) VALUES (317,46,49,58,'31/12/1969','1022.92',491);
INSERT INTO Suministro (id_compra,id_sucursal,id_proveedor,id_producto,fecha_compra,pago,cantidad_comprada) VALUES (318,4,90,79,'31/12/1969','9543.21',218);
INSERT INTO Suministro (id_compra,id_sucursal,id_proveedor,id_producto,fecha_compra,pago,cantidad_comprada) VALUES (319,9,82,79,'31/12/1969','6768.11',79);
INSERT INTO Suministro (id_compra,id_sucursal,id_proveedor,id_producto,fecha_compra,pago,cantidad_comprada) VALUES (320,29,95,4,'31/12/1969','2260.66',667);
INSERT INTO Suministro (id_compra,id_sucursal,id_proveedor,id_producto,fecha_compra,pago,cantidad_comprada) VALUES (321,11,91,26,'31/12/1969','6235.59',639);
INSERT INTO Suministro (id_compra,id_sucursal,id_proveedor,id_producto,fecha_compra,pago,cantidad_comprada) VALUES (322,18,55,47,'31/12/1969','6665.02',646);
INSERT INTO Suministro (id_compra,id_sucursal,id_proveedor,id_producto,fecha_compra,pago,cantidad_comprada) VALUES (323,49,53,68,'31/12/1969','2897.22',650);
INSERT INTO Suministro (id_compra,id_sucursal,id_proveedor,id_producto,fecha_compra,pago,cantidad_comprada) VALUES (324,41,13,18,'31/12/1969','8638.90',904);
INSERT INTO Suministro (id_compra,id_sucursal,id_proveedor,id_producto,fecha_compra,pago,cantidad_comprada) VALUES (325,41,67,95,'31/12/1969','6043.65',316);
INSERT INTO Suministro (id_compra,id_sucursal,id_proveedor,id_producto,fecha_compra,pago,cantidad_comprada) VALUES (326,9,50,69,'31/12/1969','1441.54',10);
INSERT INTO Suministro (id_compra,id_sucursal,id_proveedor,id_producto,fecha_compra,pago,cantidad_comprada) VALUES (327,12,49,66,'31/12/1969','4813.83',608);
INSERT INTO Suministro (id_compra,id_sucursal,id_proveedor,id_producto,fecha_compra,pago,cantidad_comprada) VALUES (328,9,48,53,'31/12/1969','3068.05',219);
INSERT INTO Suministro (id_compra,id_sucursal,id_proveedor,id_producto,fecha_compra,pago,cantidad_comprada) VALUES (329,10,29,2,'31/12/1969','2893.20',458);
INSERT INTO Suministro (id_compra,id_sucursal,id_proveedor,id_producto,fecha_compra,pago,cantidad_comprada) VALUES (330,9,86,8,'31/12/1969','6544.05',613);
INSERT INTO Suministro (id_compra,id_sucursal,id_proveedor,id_producto,fecha_compra,pago,cantidad_comprada) VALUES (331,32,90,75,'31/12/1969','3356.41',393);
INSERT INTO Suministro (id_compra,id_sucursal,id_proveedor,id_producto,fecha_compra,pago,cantidad_comprada) VALUES (332,11,15,71,'31/12/1969','1302.63',863);
INSERT INTO Suministro (id_compra,id_sucursal,id_proveedor,id_producto,fecha_compra,pago,cantidad_comprada) VALUES (333,34,73,79,'31/12/1969','7100.54',250);
INSERT INTO Suministro (id_compra,id_sucursal,id_proveedor,id_producto,fecha_compra,pago,cantidad_comprada) VALUES (334,45,42,80,'31/12/1969','8016.31',794);
INSERT INTO Suministro (id_compra,id_sucursal,id_proveedor,id_producto,fecha_compra,pago,cantidad_comprada) VALUES (335,31,83,76,'31/12/1969','3405.00',692);
INSERT INTO Suministro (id_compra,id_sucursal,id_proveedor,id_producto,fecha_compra,pago,cantidad_comprada) VALUES (336,22,15,6,'31/12/1969','6748.49',761);
INSERT INTO Suministro (id_compra,id_sucursal,id_proveedor,id_producto,fecha_compra,pago,cantidad_comprada) VALUES (337,31,40,13,'31/12/1969','1266.43',994);
INSERT INTO Suministro (id_compra,id_sucursal,id_proveedor,id_producto,fecha_compra,pago,cantidad_comprada) VALUES (338,46,95,29,'31/12/1969','1150.84',818);
INSERT INTO Suministro (id_compra,id_sucursal,id_proveedor,id_producto,fecha_compra,pago,cantidad_comprada) VALUES (339,20,86,69,'31/12/1969','6325.84',471);
INSERT INTO Suministro (id_compra,id_sucursal,id_proveedor,id_producto,fecha_compra,pago,cantidad_comprada) VALUES (340,50,4,5,'31/12/1969','5894.37',383);
INSERT INTO Suministro (id_compra,id_sucursal,id_proveedor,id_producto,fecha_compra,pago,cantidad_comprada) VALUES (341,27,54,33,'31/12/1969','6644.12',888);
INSERT INTO Suministro (id_compra,id_sucursal,id_proveedor,id_producto,fecha_compra,pago,cantidad_comprada) VALUES (342,1,42,49,'31/12/1969','9428.16',297);
INSERT INTO Suministro (id_compra,id_sucursal,id_proveedor,id_producto,fecha_compra,pago,cantidad_comprada) VALUES (343,16,69,8,'31/12/1969','6487.24',146);
INSERT INTO Suministro (id_compra,id_sucursal,id_proveedor,id_producto,fecha_compra,pago,cantidad_comprada) VALUES (344,6,54,33,'31/12/1969','4327.39',854);
INSERT INTO Suministro (id_compra,id_sucursal,id_proveedor,id_producto,fecha_compra,pago,cantidad_comprada) VALUES (345,2,55,100,'31/12/1969','7426.53',911);
INSERT INTO Suministro (id_compra,id_sucursal,id_proveedor,id_producto,fecha_compra,pago,cantidad_comprada) VALUES (346,15,86,67,'31/12/1969','9964.45',899);
INSERT INTO Suministro (id_compra,id_sucursal,id_proveedor,id_producto,fecha_compra,pago,cantidad_comprada) VALUES (347,43,89,94,'31/12/1969','5802.81',350);
INSERT INTO Suministro (id_compra,id_sucursal,id_proveedor,id_producto,fecha_compra,pago,cantidad_comprada) VALUES (348,27,29,13,'31/12/1969','5592.21',268);
INSERT INTO Suministro (id_compra,id_sucursal,id_proveedor,id_producto,fecha_compra,pago,cantidad_comprada) VALUES (349,38,89,93,'31/12/1969','1755.65',960);
INSERT INTO Suministro (id_compra,id_sucursal,id_proveedor,id_producto,fecha_compra,pago,cantidad_comprada) VALUES (350,14,12,98,'31/12/1969','8318.77',583);
INSERT INTO Suministro (id_compra,id_sucursal,id_proveedor,id_producto,fecha_compra,pago,cantidad_comprada) VALUES (351,26,82,86,'31/12/1969','1118.26',202);
INSERT INTO Suministro (id_compra,id_sucursal,id_proveedor,id_producto,fecha_compra,pago,cantidad_comprada) VALUES (352,31,73,3,'31/12/1969','9090.52',342);
INSERT INTO Suministro (id_compra,id_sucursal,id_proveedor,id_producto,fecha_compra,pago,cantidad_comprada) VALUES (353,43,58,11,'31/12/1969','1606.74',388);
INSERT INTO Suministro (id_compra,id_sucursal,id_proveedor,id_producto,fecha_compra,pago,cantidad_comprada) VALUES (354,10,39,73,'31/12/1969','2859.93',579);
INSERT INTO Suministro (id_compra,id_sucursal,id_proveedor,id_producto,fecha_compra,pago,cantidad_comprada) VALUES (355,20,23,93,'31/12/1969','6184.91',908);
INSERT INTO Suministro (id_compra,id_sucursal,id_proveedor,id_producto,fecha_compra,pago,cantidad_comprada) VALUES (356,31,75,40,'31/12/1969','8105.40',283);
INSERT INTO Suministro (id_compra,id_sucursal,id_proveedor,id_producto,fecha_compra,pago,cantidad_comprada) VALUES (357,39,23,9,'31/12/1969','7293.08',25);
INSERT INTO Suministro (id_compra,id_sucursal,id_proveedor,id_producto,fecha_compra,pago,cantidad_comprada) VALUES (358,28,36,56,'31/12/1969','5587.93',556);
INSERT INTO Suministro (id_compra,id_sucursal,id_proveedor,id_producto,fecha_compra,pago,cantidad_comprada) VALUES (359,22,61,3,'31/12/1969','8961.61',686);
INSERT INTO Suministro (id_compra,id_sucursal,id_proveedor,id_producto,fecha_compra,pago,cantidad_comprada) VALUES (360,2,95,76,'31/12/1969','7675.22',477);
INSERT INTO Suministro (id_compra,id_sucursal,id_proveedor,id_producto,fecha_compra,pago,cantidad_comprada) VALUES (361,34,35,15,'31/12/1969','5285.32',498);
INSERT INTO Suministro (id_compra,id_sucursal,id_proveedor,id_producto,fecha_compra,pago,cantidad_comprada) VALUES (362,20,78,64,'31/12/1969','6991.17',592);
INSERT INTO Suministro (id_compra,id_sucursal,id_proveedor,id_producto,fecha_compra,pago,cantidad_comprada) VALUES (363,27,87,42,'31/12/1969','6008.00',1000);
INSERT INTO Suministro (id_compra,id_sucursal,id_proveedor,id_producto,fecha_compra,pago,cantidad_comprada) VALUES (364,23,52,43,'31/12/1969','2476.59',717);
INSERT INTO Suministro (id_compra,id_sucursal,id_proveedor,id_producto,fecha_compra,pago,cantidad_comprada) VALUES (365,46,44,2,'31/12/1969','4570.33',713);
INSERT INTO Suministro (id_compra,id_sucursal,id_proveedor,id_producto,fecha_compra,pago,cantidad_comprada) VALUES (366,9,33,23,'31/12/1969','3595.30',908);
INSERT INTO Suministro (id_compra,id_sucursal,id_proveedor,id_producto,fecha_compra,pago,cantidad_comprada) VALUES (367,12,63,76,'31/12/1969','5693.33',661);
INSERT INTO Suministro (id_compra,id_sucursal,id_proveedor,id_producto,fecha_compra,pago,cantidad_comprada) VALUES (368,39,28,3,'31/12/1969','3982.38',140);
INSERT INTO Suministro (id_compra,id_sucursal,id_proveedor,id_producto,fecha_compra,pago,cantidad_comprada) VALUES (369,42,79,57,'31/12/1969','1865.39',458);
INSERT INTO Suministro (id_compra,id_sucursal,id_proveedor,id_producto,fecha_compra,pago,cantidad_comprada) VALUES (370,31,64,51,'31/12/1969','6284.13',584);
INSERT INTO Suministro (id_compra,id_sucursal,id_proveedor,id_producto,fecha_compra,pago,cantidad_comprada) VALUES (371,25,61,55,'31/12/1969','5038.38',429);
INSERT INTO Suministro (id_compra,id_sucursal,id_proveedor,id_producto,fecha_compra,pago,cantidad_comprada) VALUES (372,44,33,60,'31/12/1969','1298.17',948);
INSERT INTO Suministro (id_compra,id_sucursal,id_proveedor,id_producto,fecha_compra,pago,cantidad_comprada) VALUES (373,24,88,55,'31/12/1969','8279.73',584);
INSERT INTO Suministro (id_compra,id_sucursal,id_proveedor,id_producto,fecha_compra,pago,cantidad_comprada) VALUES (374,2,14,65,'31/12/1969','1786.13',331);
INSERT INTO Suministro (id_compra,id_sucursal,id_proveedor,id_producto,fecha_compra,pago,cantidad_comprada) VALUES (375,50,100,30,'31/12/1969','3998.96',934);
INSERT INTO Suministro (id_compra,id_sucursal,id_proveedor,id_producto,fecha_compra,pago,cantidad_comprada) VALUES (376,41,68,28,'31/12/1969','6920.35',799);
INSERT INTO Suministro (id_compra,id_sucursal,id_proveedor,id_producto,fecha_compra,pago,cantidad_comprada) VALUES (377,44,70,4,'31/12/1969','1336.51',732);
INSERT INTO Suministro (id_compra,id_sucursal,id_proveedor,id_producto,fecha_compra,pago,cantidad_comprada) VALUES (378,50,47,60,'31/12/1969','6292.31',782);
INSERT INTO Suministro (id_compra,id_sucursal,id_proveedor,id_producto,fecha_compra,pago,cantidad_comprada) VALUES (379,29,70,18,'31/12/1969','7997.61',304);
INSERT INTO Suministro (id_compra,id_sucursal,id_proveedor,id_producto,fecha_compra,pago,cantidad_comprada) VALUES (380,39,40,38,'31/12/1969','5627.76',234);
INSERT INTO Suministro (id_compra,id_sucursal,id_proveedor,id_producto,fecha_compra,pago,cantidad_comprada) VALUES (381,30,85,17,'31/12/1969','6978.98',325);
INSERT INTO Suministro (id_compra,id_sucursal,id_proveedor,id_producto,fecha_compra,pago,cantidad_comprada) VALUES (382,34,78,92,'31/12/1969','7922.69',601);
INSERT INTO Suministro (id_compra,id_sucursal,id_proveedor,id_producto,fecha_compra,pago,cantidad_comprada) VALUES (383,33,99,83,'31/12/1969','1430.54',647);
INSERT INTO Suministro (id_compra,id_sucursal,id_proveedor,id_producto,fecha_compra,pago,cantidad_comprada) VALUES (384,12,54,73,'31/12/1969','9236.40',887);
INSERT INTO Suministro (id_compra,id_sucursal,id_proveedor,id_producto,fecha_compra,pago,cantidad_comprada) VALUES (385,35,44,67,'31/12/1969','3483.25',692);
INSERT INTO Suministro (id_compra,id_sucursal,id_proveedor,id_producto,fecha_compra,pago,cantidad_comprada) VALUES (386,19,8,38,'31/12/1969','8140.92',470);
INSERT INTO Suministro (id_compra,id_sucursal,id_proveedor,id_producto,fecha_compra,pago,cantidad_comprada) VALUES (387,34,29,88,'31/12/1969','4977.41',724);
INSERT INTO Suministro (id_compra,id_sucursal,id_proveedor,id_producto,fecha_compra,pago,cantidad_comprada) VALUES (388,8,95,12,'31/12/1969','5796.14',471);
INSERT INTO Suministro (id_compra,id_sucursal,id_proveedor,id_producto,fecha_compra,pago,cantidad_comprada) VALUES (389,6,37,56,'31/12/1969','6140.67',469);
INSERT INTO Suministro (id_compra,id_sucursal,id_proveedor,id_producto,fecha_compra,pago,cantidad_comprada) VALUES (390,48,3,59,'31/12/1969','6773.32',943);
INSERT INTO Suministro (id_compra,id_sucursal,id_proveedor,id_producto,fecha_compra,pago,cantidad_comprada) VALUES (391,47,63,2,'31/12/1969','6818.80',480);
INSERT INTO Suministro (id_compra,id_sucursal,id_proveedor,id_producto,fecha_compra,pago,cantidad_comprada) VALUES (392,9,81,25,'31/12/1969','6992.87',991);
INSERT INTO Suministro (id_compra,id_sucursal,id_proveedor,id_producto,fecha_compra,pago,cantidad_comprada) VALUES (393,4,52,87,'31/12/1969','8298.22',865);
INSERT INTO Suministro (id_compra,id_sucursal,id_proveedor,id_producto,fecha_compra,pago,cantidad_comprada) VALUES (394,16,47,51,'31/12/1969','9617.17',99);
INSERT INTO Suministro (id_compra,id_sucursal,id_proveedor,id_producto,fecha_compra,pago,cantidad_comprada) VALUES (395,32,62,63,'31/12/1969','9819.24',497);
INSERT INTO Suministro (id_compra,id_sucursal,id_proveedor,id_producto,fecha_compra,pago,cantidad_comprada) VALUES (396,20,12,12,'31/12/1969','9972.72',686);
INSERT INTO Suministro (id_compra,id_sucursal,id_proveedor,id_producto,fecha_compra,pago,cantidad_comprada) VALUES (397,36,80,62,'31/12/1969','2732.18',526);
INSERT INTO Suministro (id_compra,id_sucursal,id_proveedor,id_producto,fecha_compra,pago,cantidad_comprada) VALUES (398,24,8,27,'31/12/1969','7270.70',500);
INSERT INTO Suministro (id_compra,id_sucursal,id_proveedor,id_producto,fecha_compra,pago,cantidad_comprada) VALUES (399,13,14,98,'31/12/1969','3558.81',481);
INSERT INTO Suministro (id_compra,id_sucursal,id_proveedor,id_producto,fecha_compra,pago,cantidad_comprada) VALUES (400,48,83,16,'31/12/1969','8896.46',118);
INSERT INTO Suministro (id_compra,id_sucursal,id_proveedor,id_producto,fecha_compra,pago,cantidad_comprada) VALUES (401,45,10,95,'31/12/1969','1927.80',135);
INSERT INTO Suministro (id_compra,id_sucursal,id_proveedor,id_producto,fecha_compra,pago,cantidad_comprada) VALUES (402,16,20,94,'31/12/1969','3388.97',544);
INSERT INTO Suministro (id_compra,id_sucursal,id_proveedor,id_producto,fecha_compra,pago,cantidad_comprada) VALUES (403,26,74,14,'31/12/1969','7618.28',578);
INSERT INTO Suministro (id_compra,id_sucursal,id_proveedor,id_producto,fecha_compra,pago,cantidad_comprada) VALUES (404,41,89,80,'31/12/1969','7535.00',989);
INSERT INTO Suministro (id_compra,id_sucursal,id_proveedor,id_producto,fecha_compra,pago,cantidad_comprada) VALUES (405,34,57,46,'31/12/1969','7629.34',631);
INSERT INTO Suministro (id_compra,id_sucursal,id_proveedor,id_producto,fecha_compra,pago,cantidad_comprada) VALUES (406,30,11,56,'31/12/1969','7810.79',47);
INSERT INTO Suministro (id_compra,id_sucursal,id_proveedor,id_producto,fecha_compra,pago,cantidad_comprada) VALUES (407,39,85,44,'31/12/1969','1581.60',170);
INSERT INTO Suministro (id_compra,id_sucursal,id_proveedor,id_producto,fecha_compra,pago,cantidad_comprada) VALUES (408,38,71,34,'31/12/1969','4592.11',780);
INSERT INTO Suministro (id_compra,id_sucursal,id_proveedor,id_producto,fecha_compra,pago,cantidad_comprada) VALUES (409,22,51,40,'31/12/1969','2314.45',280);
INSERT INTO Suministro (id_compra,id_sucursal,id_proveedor,id_producto,fecha_compra,pago,cantidad_comprada) VALUES (410,43,15,92,'31/12/1969','5991.21',767);
INSERT INTO Suministro (id_compra,id_sucursal,id_proveedor,id_producto,fecha_compra,pago,cantidad_comprada) VALUES (411,26,66,100,'31/12/1969','5966.62',440);
INSERT INTO Suministro (id_compra,id_sucursal,id_proveedor,id_producto,fecha_compra,pago,cantidad_comprada) VALUES (412,9,96,53,'31/12/1969','7125.97',517);
INSERT INTO Suministro (id_compra,id_sucursal,id_proveedor,id_producto,fecha_compra,pago,cantidad_comprada) VALUES (413,21,64,43,'31/12/1969','9701.10',481);
INSERT INTO Suministro (id_compra,id_sucursal,id_proveedor,id_producto,fecha_compra,pago,cantidad_comprada) VALUES (414,42,28,21,'31/12/1969','3654.16',269);
INSERT INTO Suministro (id_compra,id_sucursal,id_proveedor,id_producto,fecha_compra,pago,cantidad_comprada) VALUES (415,41,58,39,'31/12/1969','8548.23',345);
INSERT INTO Suministro (id_compra,id_sucursal,id_proveedor,id_producto,fecha_compra,pago,cantidad_comprada) VALUES (416,3,44,92,'31/12/1969','9851.92',106);
INSERT INTO Suministro (id_compra,id_sucursal,id_proveedor,id_producto,fecha_compra,pago,cantidad_comprada) VALUES (417,13,52,13,'31/12/1969','1913.90',188);
INSERT INTO Suministro (id_compra,id_sucursal,id_proveedor,id_producto,fecha_compra,pago,cantidad_comprada) VALUES (418,11,87,98,'31/12/1969','6272.80',409);
INSERT INTO Suministro (id_compra,id_sucursal,id_proveedor,id_producto,fecha_compra,pago,cantidad_comprada) VALUES (419,14,6,60,'31/12/1969','7940.43',896);
INSERT INTO Suministro (id_compra,id_sucursal,id_proveedor,id_producto,fecha_compra,pago,cantidad_comprada) VALUES (420,19,45,23,'31/12/1969','5204.25',105);
INSERT INTO Suministro (id_compra,id_sucursal,id_proveedor,id_producto,fecha_compra,pago,cantidad_comprada) VALUES (421,5,99,1,'31/12/1969','2448.95',377);
INSERT INTO Suministro (id_compra,id_sucursal,id_proveedor,id_producto,fecha_compra,pago,cantidad_comprada) VALUES (422,26,9,15,'31/12/1969','4446.26',410);
INSERT INTO Suministro (id_compra,id_sucursal,id_proveedor,id_producto,fecha_compra,pago,cantidad_comprada) VALUES (423,6,58,77,'31/12/1969','5444.55',236);
INSERT INTO Suministro (id_compra,id_sucursal,id_proveedor,id_producto,fecha_compra,pago,cantidad_comprada) VALUES (424,27,35,75,'31/12/1969','6675.97',776);
INSERT INTO Suministro (id_compra,id_sucursal,id_proveedor,id_producto,fecha_compra,pago,cantidad_comprada) VALUES (425,50,63,27,'31/12/1969','5682.57',254);
INSERT INTO Suministro (id_compra,id_sucursal,id_proveedor,id_producto,fecha_compra,pago,cantidad_comprada) VALUES (426,3,6,49,'31/12/1969','4255.56',908);
INSERT INTO Suministro (id_compra,id_sucursal,id_proveedor,id_producto,fecha_compra,pago,cantidad_comprada) VALUES (427,12,1,28,'31/12/1969','1020.72',882);
INSERT INTO Suministro (id_compra,id_sucursal,id_proveedor,id_producto,fecha_compra,pago,cantidad_comprada) VALUES (428,45,9,74,'31/12/1969','5457.63',807);
INSERT INTO Suministro (id_compra,id_sucursal,id_proveedor,id_producto,fecha_compra,pago,cantidad_comprada) VALUES (429,49,21,90,'31/12/1969','3883.69',742);
INSERT INTO Suministro (id_compra,id_sucursal,id_proveedor,id_producto,fecha_compra,pago,cantidad_comprada) VALUES (430,7,15,51,'31/12/1969','5421.20',468);
INSERT INTO Suministro (id_compra,id_sucursal,id_proveedor,id_producto,fecha_compra,pago,cantidad_comprada) VALUES (431,36,61,75,'31/12/1969','1274.77',279);
INSERT INTO Suministro (id_compra,id_sucursal,id_proveedor,id_producto,fecha_compra,pago,cantidad_comprada) VALUES (432,13,52,12,'31/12/1969','9580.28',834);
INSERT INTO Suministro (id_compra,id_sucursal,id_proveedor,id_producto,fecha_compra,pago,cantidad_comprada) VALUES (433,21,95,48,'31/12/1969','8078.24',474);
INSERT INTO Suministro (id_compra,id_sucursal,id_proveedor,id_producto,fecha_compra,pago,cantidad_comprada) VALUES (434,30,39,12,'31/12/1969','6842.29',813);
INSERT INTO Suministro (id_compra,id_sucursal,id_proveedor,id_producto,fecha_compra,pago,cantidad_comprada) VALUES (435,3,30,74,'31/12/1969','3408.61',656);
INSERT INTO Suministro (id_compra,id_sucursal,id_proveedor,id_producto,fecha_compra,pago,cantidad_comprada) VALUES (436,23,2,13,'31/12/1969','9039.53',643);
INSERT INTO Suministro (id_compra,id_sucursal,id_proveedor,id_producto,fecha_compra,pago,cantidad_comprada) VALUES (437,29,53,7,'31/12/1969','4864.99',405);
INSERT INTO Suministro (id_compra,id_sucursal,id_proveedor,id_producto,fecha_compra,pago,cantidad_comprada) VALUES (438,35,51,100,'31/12/1969','7080.57',737);
INSERT INTO Suministro (id_compra,id_sucursal,id_proveedor,id_producto,fecha_compra,pago,cantidad_comprada) VALUES (439,6,39,9,'31/12/1969','3516.22',89);
INSERT INTO Suministro (id_compra,id_sucursal,id_proveedor,id_producto,fecha_compra,pago,cantidad_comprada) VALUES (440,18,46,69,'31/12/1969','5108.70',975);
INSERT INTO Suministro (id_compra,id_sucursal,id_proveedor,id_producto,fecha_compra,pago,cantidad_comprada) VALUES (441,18,74,22,'31/12/1969','7765.41',423);
INSERT INTO Suministro (id_compra,id_sucursal,id_proveedor,id_producto,fecha_compra,pago,cantidad_comprada) VALUES (442,31,46,2,'31/12/1969','3844.68',743);
INSERT INTO Suministro (id_compra,id_sucursal,id_proveedor,id_producto,fecha_compra,pago,cantidad_comprada) VALUES (443,7,55,37,'31/12/1969','2151.72',614);
INSERT INTO Suministro (id_compra,id_sucursal,id_proveedor,id_producto,fecha_compra,pago,cantidad_comprada) VALUES (444,39,52,97,'31/12/1969','3085.65',675);
INSERT INTO Suministro (id_compra,id_sucursal,id_proveedor,id_producto,fecha_compra,pago,cantidad_comprada) VALUES (445,36,63,37,'31/12/1969','9732.73',272);
INSERT INTO Suministro (id_compra,id_sucursal,id_proveedor,id_producto,fecha_compra,pago,cantidad_comprada) VALUES (446,23,12,59,'31/12/1969','6218.37',435);
INSERT INTO Suministro (id_compra,id_sucursal,id_proveedor,id_producto,fecha_compra,pago,cantidad_comprada) VALUES (447,50,30,27,'31/12/1969','8947.01',148);
INSERT INTO Suministro (id_compra,id_sucursal,id_proveedor,id_producto,fecha_compra,pago,cantidad_comprada) VALUES (448,12,84,5,'31/12/1969','8670.55',902);
INSERT INTO Suministro (id_compra,id_sucursal,id_proveedor,id_producto,fecha_compra,pago,cantidad_comprada) VALUES (449,50,67,70,'31/12/1969','9272.31',387);
INSERT INTO Suministro (id_compra,id_sucursal,id_proveedor,id_producto,fecha_compra,pago,cantidad_comprada) VALUES (450,30,77,59,'31/12/1969','1830.94',257);
INSERT INTO Suministro (id_compra,id_sucursal,id_proveedor,id_producto,fecha_compra,pago,cantidad_comprada) VALUES (451,30,66,42,'31/12/1969','8404.92',643);
INSERT INTO Suministro (id_compra,id_sucursal,id_proveedor,id_producto,fecha_compra,pago,cantidad_comprada) VALUES (452,35,30,80,'31/12/1969','7646.78',858);
INSERT INTO Suministro (id_compra,id_sucursal,id_proveedor,id_producto,fecha_compra,pago,cantidad_comprada) VALUES (453,35,20,77,'31/12/1969','4504.47',719);
INSERT INTO Suministro (id_compra,id_sucursal,id_proveedor,id_producto,fecha_compra,pago,cantidad_comprada) VALUES (454,34,37,52,'31/12/1969','9905.49',360);
INSERT INTO Suministro (id_compra,id_sucursal,id_proveedor,id_producto,fecha_compra,pago,cantidad_comprada) VALUES (455,48,29,44,'31/12/1969','8208.24',952);
INSERT INTO Suministro (id_compra,id_sucursal,id_proveedor,id_producto,fecha_compra,pago,cantidad_comprada) VALUES (456,11,78,60,'31/12/1969','7838.85',130);
INSERT INTO Suministro (id_compra,id_sucursal,id_proveedor,id_producto,fecha_compra,pago,cantidad_comprada) VALUES (457,34,64,29,'31/12/1969','7468.45',351);
INSERT INTO Suministro (id_compra,id_sucursal,id_proveedor,id_producto,fecha_compra,pago,cantidad_comprada) VALUES (458,50,83,54,'31/12/1969','1103.68',859);
INSERT INTO Suministro (id_compra,id_sucursal,id_proveedor,id_producto,fecha_compra,pago,cantidad_comprada) VALUES (459,16,51,99,'31/12/1969','1108.09',63);
INSERT INTO Suministro (id_compra,id_sucursal,id_proveedor,id_producto,fecha_compra,pago,cantidad_comprada) VALUES (460,40,54,44,'31/12/1969','3793.12',449);
INSERT INTO Suministro (id_compra,id_sucursal,id_proveedor,id_producto,fecha_compra,pago,cantidad_comprada) VALUES (461,25,12,75,'31/12/1969','7295.05',20);
INSERT INTO Suministro (id_compra,id_sucursal,id_proveedor,id_producto,fecha_compra,pago,cantidad_comprada) VALUES (462,11,48,76,'31/12/1969','8649.98',185);
INSERT INTO Suministro (id_compra,id_sucursal,id_proveedor,id_producto,fecha_compra,pago,cantidad_comprada) VALUES (463,27,87,56,'31/12/1969','6045.60',653);
INSERT INTO Suministro (id_compra,id_sucursal,id_proveedor,id_producto,fecha_compra,pago,cantidad_comprada) VALUES (464,45,11,99,'31/12/1969','5258.61',340);
INSERT INTO Suministro (id_compra,id_sucursal,id_proveedor,id_producto,fecha_compra,pago,cantidad_comprada) VALUES (465,43,79,72,'31/12/1969','9502.22',914);
INSERT INTO Suministro (id_compra,id_sucursal,id_proveedor,id_producto,fecha_compra,pago,cantidad_comprada) VALUES (466,23,19,71,'31/12/1969','2644.20',914);
INSERT INTO Suministro (id_compra,id_sucursal,id_proveedor,id_producto,fecha_compra,pago,cantidad_comprada) VALUES (467,7,9,2,'31/12/1969','5285.28',539);
INSERT INTO Suministro (id_compra,id_sucursal,id_proveedor,id_producto,fecha_compra,pago,cantidad_comprada) VALUES (468,4,45,85,'31/12/1969','2045.62',368);
INSERT INTO Suministro (id_compra,id_sucursal,id_proveedor,id_producto,fecha_compra,pago,cantidad_comprada) VALUES (469,9,83,40,'31/12/1969','2489.28',640);
INSERT INTO Suministro (id_compra,id_sucursal,id_proveedor,id_producto,fecha_compra,pago,cantidad_comprada) VALUES (470,13,12,79,'31/12/1969','4892.02',163);
INSERT INTO Suministro (id_compra,id_sucursal,id_proveedor,id_producto,fecha_compra,pago,cantidad_comprada) VALUES (471,15,13,35,'31/12/1969','1167.86',407);
INSERT INTO Suministro (id_compra,id_sucursal,id_proveedor,id_producto,fecha_compra,pago,cantidad_comprada) VALUES (472,12,34,96,'31/12/1969','2574.08',633);
INSERT INTO Suministro (id_compra,id_sucursal,id_proveedor,id_producto,fecha_compra,pago,cantidad_comprada) VALUES (473,22,47,88,'31/12/1969','9802.54',208);
INSERT INTO Suministro (id_compra,id_sucursal,id_proveedor,id_producto,fecha_compra,pago,cantidad_comprada) VALUES (474,9,36,24,'31/12/1969','1576.30',771);
INSERT INTO Suministro (id_compra,id_sucursal,id_proveedor,id_producto,fecha_compra,pago,cantidad_comprada) VALUES (475,41,24,89,'31/12/1969','6864.58',430);
INSERT INTO Suministro (id_compra,id_sucursal,id_proveedor,id_producto,fecha_compra,pago,cantidad_comprada) VALUES (476,22,62,67,'31/12/1969','5823.11',978);
INSERT INTO Suministro (id_compra,id_sucursal,id_proveedor,id_producto,fecha_compra,pago,cantidad_comprada) VALUES (477,9,95,9,'31/12/1969','3917.66',644);
INSERT INTO Suministro (id_compra,id_sucursal,id_proveedor,id_producto,fecha_compra,pago,cantidad_comprada) VALUES (478,43,18,14,'31/12/1969','5956.28',219);
INSERT INTO Suministro (id_compra,id_sucursal,id_proveedor,id_producto,fecha_compra,pago,cantidad_comprada) VALUES (479,27,26,3,'31/12/1969','5386.93',861);
INSERT INTO Suministro (id_compra,id_sucursal,id_proveedor,id_producto,fecha_compra,pago,cantidad_comprada) VALUES (480,4,35,84,'31/12/1969','7603.83',727);
INSERT INTO Suministro (id_compra,id_sucursal,id_proveedor,id_producto,fecha_compra,pago,cantidad_comprada) VALUES (481,50,36,5,'31/12/1969','4799.81',979);
INSERT INTO Suministro (id_compra,id_sucursal,id_proveedor,id_producto,fecha_compra,pago,cantidad_comprada) VALUES (482,3,20,97,'31/12/1969','6217.08',571);
INSERT INTO Suministro (id_compra,id_sucursal,id_proveedor,id_producto,fecha_compra,pago,cantidad_comprada) VALUES (483,21,89,14,'31/12/1969','6465.59',30);
INSERT INTO Suministro (id_compra,id_sucursal,id_proveedor,id_producto,fecha_compra,pago,cantidad_comprada) VALUES (484,25,60,44,'31/12/1969','7814.94',371);
INSERT INTO Suministro (id_compra,id_sucursal,id_proveedor,id_producto,fecha_compra,pago,cantidad_comprada) VALUES (485,16,50,39,'31/12/1969','1376.81',903);
INSERT INTO Suministro (id_compra,id_sucursal,id_proveedor,id_producto,fecha_compra,pago,cantidad_comprada) VALUES (486,47,98,72,'31/12/1969','6404.55',837);
INSERT INTO Suministro (id_compra,id_sucursal,id_proveedor,id_producto,fecha_compra,pago,cantidad_comprada) VALUES (487,24,43,60,'31/12/1969','7994.98',19);
INSERT INTO Suministro (id_compra,id_sucursal,id_proveedor,id_producto,fecha_compra,pago,cantidad_comprada) VALUES (488,43,20,4,'31/12/1969','3847.84',582);
INSERT INTO Suministro (id_compra,id_sucursal,id_proveedor,id_producto,fecha_compra,pago,cantidad_comprada) VALUES (489,29,97,63,'31/12/1969','3855.84',752);
INSERT INTO Suministro (id_compra,id_sucursal,id_proveedor,id_producto,fecha_compra,pago,cantidad_comprada) VALUES (490,39,63,63,'31/12/1969','5131.01',416);
INSERT INTO Suministro (id_compra,id_sucursal,id_proveedor,id_producto,fecha_compra,pago,cantidad_comprada) VALUES (491,48,32,50,'31/12/1969','1853.42',729);
INSERT INTO Suministro (id_compra,id_sucursal,id_proveedor,id_producto,fecha_compra,pago,cantidad_comprada) VALUES (492,46,75,63,'31/12/1969','5076.94',802);
INSERT INTO Suministro (id_compra,id_sucursal,id_proveedor,id_producto,fecha_compra,pago,cantidad_comprada) VALUES (493,38,85,49,'31/12/1969','2341.40',935);
INSERT INTO Suministro (id_compra,id_sucursal,id_proveedor,id_producto,fecha_compra,pago,cantidad_comprada) VALUES (494,37,76,45,'31/12/1969','8925.71',641);
INSERT INTO Suministro (id_compra,id_sucursal,id_proveedor,id_producto,fecha_compra,pago,cantidad_comprada) VALUES (495,18,20,64,'31/12/1969','6280.30',42);
INSERT INTO Suministro (id_compra,id_sucursal,id_proveedor,id_producto,fecha_compra,pago,cantidad_comprada) VALUES (496,48,58,47,'31/12/1969','1622.01',125);
INSERT INTO Suministro (id_compra,id_sucursal,id_proveedor,id_producto,fecha_compra,pago,cantidad_comprada) VALUES (497,37,73,72,'31/12/1969','7475.92',208);
INSERT INTO Suministro (id_compra,id_sucursal,id_proveedor,id_producto,fecha_compra,pago,cantidad_comprada) VALUES (498,20,85,67,'31/12/1969','5597.60',867);
INSERT INTO Suministro (id_compra,id_sucursal,id_proveedor,id_producto,fecha_compra,pago,cantidad_comprada) VALUES (499,23,92,97,'31/12/1969','3781.75',911);
INSERT INTO Suministro (id_compra,id_sucursal,id_proveedor,id_producto,fecha_compra,pago,cantidad_comprada) VALUES (500,22,32,91,'31/12/1969','2589.17',105);

INSERT INTO Recomendaciones_Salsas (id_alimento,id_recomendacion) VALUES (1,21);
INSERT INTO Recomendaciones_Salsas (id_alimento,id_recomendacion) VALUES (2,40);
INSERT INTO Recomendaciones_Salsas (id_alimento,id_recomendacion) VALUES (3,71);
INSERT INTO Recomendaciones_Salsas (id_alimento,id_recomendacion) VALUES (4,5);
INSERT INTO Recomendaciones_Salsas (id_alimento,id_recomendacion) VALUES (5,9);
INSERT INTO Recomendaciones_Salsas (id_alimento,id_recomendacion) VALUES (6,57);
INSERT INTO Recomendaciones_Salsas (id_alimento,id_recomendacion) VALUES (7,81);
INSERT INTO Recomendaciones_Salsas (id_alimento,id_recomendacion) VALUES (8,30);
INSERT INTO Recomendaciones_Salsas (id_alimento,id_recomendacion) VALUES (9,21);
INSERT INTO Recomendaciones_Salsas (id_alimento,id_recomendacion) VALUES (10,83);
INSERT INTO Recomendaciones_Salsas (id_alimento,id_recomendacion) VALUES (11,83);
INSERT INTO Recomendaciones_Salsas (id_alimento,id_recomendacion) VALUES (12,4);
INSERT INTO Recomendaciones_Salsas (id_alimento,id_recomendacion) VALUES (13,36);
INSERT INTO Recomendaciones_Salsas (id_alimento,id_recomendacion) VALUES (14,73);
INSERT INTO Recomendaciones_Salsas (id_alimento,id_recomendacion) VALUES (15,66);
INSERT INTO Recomendaciones_Salsas (id_alimento,id_recomendacion) VALUES (16,35);
INSERT INTO Recomendaciones_Salsas (id_alimento,id_recomendacion) VALUES (17,10);
INSERT INTO Recomendaciones_Salsas (id_alimento,id_recomendacion) VALUES (18,66);
INSERT INTO Recomendaciones_Salsas (id_alimento,id_recomendacion) VALUES (19,94);
INSERT INTO Recomendaciones_Salsas (id_alimento,id_recomendacion) VALUES (20,98);
INSERT INTO Recomendaciones_Salsas (id_alimento,id_recomendacion) VALUES (21,71);
INSERT INTO Recomendaciones_Salsas (id_alimento,id_recomendacion) VALUES (22,43);
INSERT INTO Recomendaciones_Salsas (id_alimento,id_recomendacion) VALUES (23,76);
INSERT INTO Recomendaciones_Salsas (id_alimento,id_recomendacion) VALUES (24,89);
INSERT INTO Recomendaciones_Salsas (id_alimento,id_recomendacion) VALUES (25,92);
INSERT INTO Recomendaciones_Salsas (id_alimento,id_recomendacion) VALUES (26,76);
INSERT INTO Recomendaciones_Salsas (id_alimento,id_recomendacion) VALUES (27,53);
INSERT INTO Recomendaciones_Salsas (id_alimento,id_recomendacion) VALUES (28,56);
INSERT INTO Recomendaciones_Salsas (id_alimento,id_recomendacion) VALUES (29,72);
INSERT INTO Recomendaciones_Salsas (id_alimento,id_recomendacion) VALUES (30,41);
INSERT INTO Recomendaciones_Salsas (id_alimento,id_recomendacion) VALUES (31,97);
INSERT INTO Recomendaciones_Salsas (id_alimento,id_recomendacion) VALUES (32,70);
INSERT INTO Recomendaciones_Salsas (id_alimento,id_recomendacion) VALUES (33,2);
INSERT INTO Recomendaciones_Salsas (id_alimento,id_recomendacion) VALUES (34,44);
INSERT INTO Recomendaciones_Salsas (id_alimento,id_recomendacion) VALUES (35,15);
INSERT INTO Recomendaciones_Salsas (id_alimento,id_recomendacion) VALUES (36,88);
INSERT INTO Recomendaciones_Salsas (id_alimento,id_recomendacion) VALUES (37,80);
INSERT INTO Recomendaciones_Salsas (id_alimento,id_recomendacion) VALUES (38,48);
INSERT INTO Recomendaciones_Salsas (id_alimento,id_recomendacion) VALUES (39,8);
INSERT INTO Recomendaciones_Salsas (id_alimento,id_recomendacion) VALUES (40,64);
INSERT INTO Recomendaciones_Salsas (id_alimento,id_recomendacion) VALUES (41,73);
INSERT INTO Recomendaciones_Salsas (id_alimento,id_recomendacion) VALUES (42,51);
INSERT INTO Recomendaciones_Salsas (id_alimento,id_recomendacion) VALUES (43,82);
INSERT INTO Recomendaciones_Salsas (id_alimento,id_recomendacion) VALUES (44,61);
INSERT INTO Recomendaciones_Salsas (id_alimento,id_recomendacion) VALUES (45,72);
INSERT INTO Recomendaciones_Salsas (id_alimento,id_recomendacion) VALUES (46,80);
INSERT INTO Recomendaciones_Salsas (id_alimento,id_recomendacion) VALUES (47,39);
INSERT INTO Recomendaciones_Salsas (id_alimento,id_recomendacion) VALUES (48,21);
INSERT INTO Recomendaciones_Salsas (id_alimento,id_recomendacion) VALUES (49,88);
INSERT INTO Recomendaciones_Salsas (id_alimento,id_recomendacion) VALUES (50,73);
INSERT INTO Recomendaciones_Salsas (id_alimento,id_recomendacion) VALUES (51,82);
INSERT INTO Recomendaciones_Salsas (id_alimento,id_recomendacion) VALUES (52,40);
INSERT INTO Recomendaciones_Salsas (id_alimento,id_recomendacion) VALUES (53,38);
INSERT INTO Recomendaciones_Salsas (id_alimento,id_recomendacion) VALUES (54,58);
INSERT INTO Recomendaciones_Salsas (id_alimento,id_recomendacion) VALUES (55,37);
INSERT INTO Recomendaciones_Salsas (id_alimento,id_recomendacion) VALUES (56,26);
INSERT INTO Recomendaciones_Salsas (id_alimento,id_recomendacion) VALUES (57,24);
INSERT INTO Recomendaciones_Salsas (id_alimento,id_recomendacion) VALUES (58,37);
INSERT INTO Recomendaciones_Salsas (id_alimento,id_recomendacion) VALUES (59,34);
INSERT INTO Recomendaciones_Salsas (id_alimento,id_recomendacion) VALUES (60,92);
INSERT INTO Recomendaciones_Salsas (id_alimento,id_recomendacion) VALUES (61,66);
INSERT INTO Recomendaciones_Salsas (id_alimento,id_recomendacion) VALUES (62,18);
INSERT INTO Recomendaciones_Salsas (id_alimento,id_recomendacion) VALUES (63,66);
INSERT INTO Recomendaciones_Salsas (id_alimento,id_recomendacion) VALUES (64,10);
INSERT INTO Recomendaciones_Salsas (id_alimento,id_recomendacion) VALUES (65,25);
INSERT INTO Recomendaciones_Salsas (id_alimento,id_recomendacion) VALUES (66,36);
INSERT INTO Recomendaciones_Salsas (id_alimento,id_recomendacion) VALUES (67,8);
INSERT INTO Recomendaciones_Salsas (id_alimento,id_recomendacion) VALUES (68,73);
INSERT INTO Recomendaciones_Salsas (id_alimento,id_recomendacion) VALUES (69,66);
INSERT INTO Recomendaciones_Salsas (id_alimento,id_recomendacion) VALUES (70,7);
INSERT INTO Recomendaciones_Salsas (id_alimento,id_recomendacion) VALUES (71,66);
INSERT INTO Recomendaciones_Salsas (id_alimento,id_recomendacion) VALUES (72,67);
INSERT INTO Recomendaciones_Salsas (id_alimento,id_recomendacion) VALUES (73,78);
INSERT INTO Recomendaciones_Salsas (id_alimento,id_recomendacion) VALUES (74,43);
INSERT INTO Recomendaciones_Salsas (id_alimento,id_recomendacion) VALUES (75,92);
INSERT INTO Recomendaciones_Salsas (id_alimento,id_recomendacion) VALUES (76,4);
INSERT INTO Recomendaciones_Salsas (id_alimento,id_recomendacion) VALUES (77,72);
INSERT INTO Recomendaciones_Salsas (id_alimento,id_recomendacion) VALUES (78,57);
INSERT INTO Recomendaciones_Salsas (id_alimento,id_recomendacion) VALUES (79,16);
INSERT INTO Recomendaciones_Salsas (id_alimento,id_recomendacion) VALUES (80,76);
INSERT INTO Recomendaciones_Salsas (id_alimento,id_recomendacion) VALUES (81,91);
INSERT INTO Recomendaciones_Salsas (id_alimento,id_recomendacion) VALUES (82,19);
INSERT INTO Recomendaciones_Salsas (id_alimento,id_recomendacion) VALUES (83,67);
INSERT INTO Recomendaciones_Salsas (id_alimento,id_recomendacion) VALUES (84,24);
INSERT INTO Recomendaciones_Salsas (id_alimento,id_recomendacion) VALUES (85,88);
INSERT INTO Recomendaciones_Salsas (id_alimento,id_recomendacion) VALUES (86,2);
INSERT INTO Recomendaciones_Salsas (id_alimento,id_recomendacion) VALUES (87,92);
INSERT INTO Recomendaciones_Salsas (id_alimento,id_recomendacion) VALUES (88,70);
INSERT INTO Recomendaciones_Salsas (id_alimento,id_recomendacion) VALUES (89,72);
INSERT INTO Recomendaciones_Salsas (id_alimento,id_recomendacion) VALUES (90,88);
INSERT INTO Recomendaciones_Salsas (id_alimento,id_recomendacion) VALUES (91,16);
INSERT INTO Recomendaciones_Salsas (id_alimento,id_recomendacion) VALUES (92,20);
INSERT INTO Recomendaciones_Salsas (id_alimento,id_recomendacion) VALUES (93,41);
INSERT INTO Recomendaciones_Salsas (id_alimento,id_recomendacion) VALUES (94,8);
INSERT INTO Recomendaciones_Salsas (id_alimento,id_recomendacion) VALUES (95,78);
INSERT INTO Recomendaciones_Salsas (id_alimento,id_recomendacion) VALUES (96,53);
INSERT INTO Recomendaciones_Salsas (id_alimento,id_recomendacion) VALUES (97,57);
INSERT INTO Recomendaciones_Salsas (id_alimento,id_recomendacion) VALUES (98,39);
INSERT INTO Recomendaciones_Salsas (id_alimento,id_recomendacion) VALUES (99,45);
INSERT INTO Recomendaciones_Salsas (id_alimento,id_recomendacion) VALUES (100,71);

INSERT INTO Historia_Precios_Salsas (id_precio,unidad_alimento,id_alimento,id_promocion,inicio_vigencia,precio) VALUES (1,'Mililitro',1,88,'25/11/2007','274.70');
INSERT INTO Historia_Precios_Salsas (id_precio,unidad_alimento,id_alimento,id_promocion,inicio_vigencia,precio) VALUES (2,'Kilos',2,56,'08/02/2003','217.95');
INSERT INTO Historia_Precios_Salsas (id_precio,unidad_alimento,id_alimento,id_promocion,inicio_vigencia,precio) VALUES (3,'Mililitro',3,87,'12/05/2007','289.47');
INSERT INTO Historia_Precios_Salsas (id_precio,unidad_alimento,id_alimento,id_promocion,inicio_vigencia,precio) VALUES (4,'Litros',4,85,'10/04/2013','72.93');
INSERT INTO Historia_Precios_Salsas (id_precio,unidad_alimento,id_alimento,id_promocion,inicio_vigencia,precio) VALUES (5,'Pieza',5,74,'02/03/2004','161.72');
INSERT INTO Historia_Precios_Salsas (id_precio,unidad_alimento,id_alimento,id_promocion,inicio_vigencia,precio) VALUES (6,'Litros',6,88,'12/09/2008','233.90');
INSERT INTO Historia_Precios_Salsas (id_precio,unidad_alimento,id_alimento,id_promocion,inicio_vigencia,precio) VALUES (7,'Mililitro',7,58,'07/01/2003','298.30');
INSERT INTO Historia_Precios_Salsas (id_precio,unidad_alimento,id_alimento,id_promocion,inicio_vigencia,precio) VALUES (8,'Mililitro',8,91,'05/11/2006','180.98');
INSERT INTO Historia_Precios_Salsas (id_precio,unidad_alimento,id_alimento,id_promocion,inicio_vigencia,precio) VALUES (9,'Pieza',9,61,'20/11/2012','103.16');
INSERT INTO Historia_Precios_Salsas (id_precio,unidad_alimento,id_alimento,id_promocion,inicio_vigencia,precio) VALUES (10,'Mililitro',10,14,'12/07/2016','130.47');
INSERT INTO Historia_Precios_Salsas (id_precio,unidad_alimento,id_alimento,id_promocion,inicio_vigencia,precio) VALUES (11,'Gramo',11,46,'05/03/2005','43.36');
INSERT INTO Historia_Precios_Salsas (id_precio,unidad_alimento,id_alimento,id_promocion,inicio_vigencia,precio) VALUES (12,'Kilos',12,75,'23/08/2002','254.58');
INSERT INTO Historia_Precios_Salsas (id_precio,unidad_alimento,id_alimento,id_promocion,inicio_vigencia,precio) VALUES (13,'Pieza',13,24,'26/10/2009','43.31');
INSERT INTO Historia_Precios_Salsas (id_precio,unidad_alimento,id_alimento,id_promocion,inicio_vigencia,precio) VALUES (14,'Kilos',14,19,'15/02/2011','73.66');
INSERT INTO Historia_Precios_Salsas (id_precio,unidad_alimento,id_alimento,id_promocion,inicio_vigencia,precio) VALUES (15,'Gramo',15,24,'12/10/2001','86.85');
INSERT INTO Historia_Precios_Salsas (id_precio,unidad_alimento,id_alimento,id_promocion,inicio_vigencia,precio) VALUES (16,'Pieza',16,79,'18/08/2001','213.21');
INSERT INTO Historia_Precios_Salsas (id_precio,unidad_alimento,id_alimento,id_promocion,inicio_vigencia,precio) VALUES (17,'Pieza',17,78,'09/12/2005','156.60');
INSERT INTO Historia_Precios_Salsas (id_precio,unidad_alimento,id_alimento,id_promocion,inicio_vigencia,precio) VALUES (18,'Pieza',18,8,'09/01/2001','288.08');
INSERT INTO Historia_Precios_Salsas (id_precio,unidad_alimento,id_alimento,id_promocion,inicio_vigencia,precio) VALUES (19,'Litros',19,18,'10/03/2010','193.55');
INSERT INTO Historia_Precios_Salsas (id_precio,unidad_alimento,id_alimento,id_promocion,inicio_vigencia,precio) VALUES (20,'Mililitro',20,60,'04/10/2008','215.15');
INSERT INTO Historia_Precios_Salsas (id_precio,unidad_alimento,id_alimento,id_promocion,inicio_vigencia,precio) VALUES (21,'Litros',21,4,'22/06/2012','118.98');
INSERT INTO Historia_Precios_Salsas (id_precio,unidad_alimento,id_alimento,id_promocion,inicio_vigencia,precio) VALUES (22,'Gramo',22,58,'03/07/2007','96.34');
INSERT INTO Historia_Precios_Salsas (id_precio,unidad_alimento,id_alimento,id_promocion,inicio_vigencia,precio) VALUES (23,'Kilos',23,45,'10/10/2012','63.78');
INSERT INTO Historia_Precios_Salsas (id_precio,unidad_alimento,id_alimento,id_promocion,inicio_vigencia,precio) VALUES (24,'Mililitro',24,21,'13/01/2003','118.52');
INSERT INTO Historia_Precios_Salsas (id_precio,unidad_alimento,id_alimento,id_promocion,inicio_vigencia,precio) VALUES (25,'Mililitro',25,97,'01/11/2000','161.53');
INSERT INTO Historia_Precios_Salsas (id_precio,unidad_alimento,id_alimento,id_promocion,inicio_vigencia,precio) VALUES (26,'Pieza',26,31,'04/09/2012','192.21');
INSERT INTO Historia_Precios_Salsas (id_precio,unidad_alimento,id_alimento,id_promocion,inicio_vigencia,precio) VALUES (27,'Pieza',27,93,'19/03/2006','110.73');
INSERT INTO Historia_Precios_Salsas (id_precio,unidad_alimento,id_alimento,id_promocion,inicio_vigencia,precio) VALUES (28,'Kilos',28,91,'20/06/2010','159.62');
INSERT INTO Historia_Precios_Salsas (id_precio,unidad_alimento,id_alimento,id_promocion,inicio_vigencia,precio) VALUES (29,'Gramo',29,38,'09/01/2007','140.59');
INSERT INTO Historia_Precios_Salsas (id_precio,unidad_alimento,id_alimento,id_promocion,inicio_vigencia,precio) VALUES (30,'Mililitro',30,91,'24/05/2014','102.09');
INSERT INTO Historia_Precios_Salsas (id_precio,unidad_alimento,id_alimento,id_promocion,inicio_vigencia,precio) VALUES (31,'Pieza',31,47,'23/12/2001','238.60');
INSERT INTO Historia_Precios_Salsas (id_precio,unidad_alimento,id_alimento,id_promocion,inicio_vigencia,precio) VALUES (32,'Mililitro',32,7,'28/09/2015','84.66');
INSERT INTO Historia_Precios_Salsas (id_precio,unidad_alimento,id_alimento,id_promocion,inicio_vigencia,precio) VALUES (33,'Litros',33,97,'23/03/2005','224.67');
INSERT INTO Historia_Precios_Salsas (id_precio,unidad_alimento,id_alimento,id_promocion,inicio_vigencia,precio) VALUES (34,'Pieza',34,92,'10/11/2009','276.29');
INSERT INTO Historia_Precios_Salsas (id_precio,unidad_alimento,id_alimento,id_promocion,inicio_vigencia,precio) VALUES (35,'Kilos',35,2,'07/11/2014','254.57');
INSERT INTO Historia_Precios_Salsas (id_precio,unidad_alimento,id_alimento,id_promocion,inicio_vigencia,precio) VALUES (36,'Pieza',36,60,'12/01/2013','265.82');
INSERT INTO Historia_Precios_Salsas (id_precio,unidad_alimento,id_alimento,id_promocion,inicio_vigencia,precio) VALUES (37,'Gramo',37,30,'25/11/2004','90.58');
INSERT INTO Historia_Precios_Salsas (id_precio,unidad_alimento,id_alimento,id_promocion,inicio_vigencia,precio) VALUES (38,'Kilos',38,8,'04/12/2000','298.32');
INSERT INTO Historia_Precios_Salsas (id_precio,unidad_alimento,id_alimento,id_promocion,inicio_vigencia,precio) VALUES (39,'Pieza',39,75,'12/11/2004','287.19');
INSERT INTO Historia_Precios_Salsas (id_precio,unidad_alimento,id_alimento,id_promocion,inicio_vigencia,precio) VALUES (40,'Pieza',40,84,'18/02/2016','87.08');
INSERT INTO Historia_Precios_Salsas (id_precio,unidad_alimento,id_alimento,id_promocion,inicio_vigencia,precio) VALUES (41,'Mililitro',41,89,'14/03/2005','178.29');
INSERT INTO Historia_Precios_Salsas (id_precio,unidad_alimento,id_alimento,id_promocion,inicio_vigencia,precio) VALUES (42,'Litros',42,9,'27/12/2015','229.80');
INSERT INTO Historia_Precios_Salsas (id_precio,unidad_alimento,id_alimento,id_promocion,inicio_vigencia,precio) VALUES (43,'Litros',43,68,'24/08/2006','269.35');
INSERT INTO Historia_Precios_Salsas (id_precio,unidad_alimento,id_alimento,id_promocion,inicio_vigencia,precio) VALUES (44,'Pieza',44,88,'25/09/2004','148.44');
INSERT INTO Historia_Precios_Salsas (id_precio,unidad_alimento,id_alimento,id_promocion,inicio_vigencia,precio) VALUES (45,'Mililitro',45,22,'17/08/2008','199.51');
INSERT INTO Historia_Precios_Salsas (id_precio,unidad_alimento,id_alimento,id_promocion,inicio_vigencia,precio) VALUES (46,'Kilos',46,28,'05/12/2014','49.20');
INSERT INTO Historia_Precios_Salsas (id_precio,unidad_alimento,id_alimento,id_promocion,inicio_vigencia,precio) VALUES (47,'Litros',47,55,'26/09/2017','262.90');
INSERT INTO Historia_Precios_Salsas (id_precio,unidad_alimento,id_alimento,id_promocion,inicio_vigencia,precio) VALUES (48,'Litros',48,40,'22/11/2013','151.14');
INSERT INTO Historia_Precios_Salsas (id_precio,unidad_alimento,id_alimento,id_promocion,inicio_vigencia,precio) VALUES (49,'Gramo',49,67,'30/01/2003','11.67');
INSERT INTO Historia_Precios_Salsas (id_precio,unidad_alimento,id_alimento,id_promocion,inicio_vigencia,precio) VALUES (50,'Gramo',50,2,'27/12/2002','69.34');
INSERT INTO Historia_Precios_Salsas (id_precio,unidad_alimento,id_alimento,id_promocion,inicio_vigencia,precio) VALUES (51,'Kilos',51,69,'02/12/2015','271.88');
INSERT INTO Historia_Precios_Salsas (id_precio,unidad_alimento,id_alimento,id_promocion,inicio_vigencia,precio) VALUES (52,'Gramo',52,55,'22/02/2010','286.54');
INSERT INTO Historia_Precios_Salsas (id_precio,unidad_alimento,id_alimento,id_promocion,inicio_vigencia,precio) VALUES (53,'Litros',53,10,'10/12/2001','57.56');
INSERT INTO Historia_Precios_Salsas (id_precio,unidad_alimento,id_alimento,id_promocion,inicio_vigencia,precio) VALUES (54,'Gramo',54,98,'06/09/2009','180.83');
INSERT INTO Historia_Precios_Salsas (id_precio,unidad_alimento,id_alimento,id_promocion,inicio_vigencia,precio) VALUES (55,'Pieza',55,42,'26/10/2005','284.69');
INSERT INTO Historia_Precios_Salsas (id_precio,unidad_alimento,id_alimento,id_promocion,inicio_vigencia,precio) VALUES (56,'Mililitro',56,66,'21/08/2006','138.50');
INSERT INTO Historia_Precios_Salsas (id_precio,unidad_alimento,id_alimento,id_promocion,inicio_vigencia,precio) VALUES (57,'Pieza',57,80,'14/10/2007','250.11');
INSERT INTO Historia_Precios_Salsas (id_precio,unidad_alimento,id_alimento,id_promocion,inicio_vigencia,precio) VALUES (58,'Gramo',58,72,'30/01/2008','220.34');
INSERT INTO Historia_Precios_Salsas (id_precio,unidad_alimento,id_alimento,id_promocion,inicio_vigencia,precio) VALUES (59,'Pieza',59,75,'18/05/2011','152.16');
INSERT INTO Historia_Precios_Salsas (id_precio,unidad_alimento,id_alimento,id_promocion,inicio_vigencia,precio) VALUES (60,'Mililitro',60,6,'30/01/2013','200.78');
INSERT INTO Historia_Precios_Salsas (id_precio,unidad_alimento,id_alimento,id_promocion,inicio_vigencia,precio) VALUES (61,'Litros',61,88,'03/01/2015','57.10');
INSERT INTO Historia_Precios_Salsas (id_precio,unidad_alimento,id_alimento,id_promocion,inicio_vigencia,precio) VALUES (62,'Mililitro',62,36,'10/07/2004','258.22');
INSERT INTO Historia_Precios_Salsas (id_precio,unidad_alimento,id_alimento,id_promocion,inicio_vigencia,precio) VALUES (63,'Mililitro',63,13,'15/01/2010','266.41');
INSERT INTO Historia_Precios_Salsas (id_precio,unidad_alimento,id_alimento,id_promocion,inicio_vigencia,precio) VALUES (64,'Kilos',64,70,'27/07/2005','192.97');
INSERT INTO Historia_Precios_Salsas (id_precio,unidad_alimento,id_alimento,id_promocion,inicio_vigencia,precio) VALUES (65,'Litros',65,77,'15/04/2014','172.27');
INSERT INTO Historia_Precios_Salsas (id_precio,unidad_alimento,id_alimento,id_promocion,inicio_vigencia,precio) VALUES (66,'Kilos',66,19,'06/03/2010','126.46');
INSERT INTO Historia_Precios_Salsas (id_precio,unidad_alimento,id_alimento,id_promocion,inicio_vigencia,precio) VALUES (67,'Mililitro',67,6,'15/08/2015','283.89');
INSERT INTO Historia_Precios_Salsas (id_precio,unidad_alimento,id_alimento,id_promocion,inicio_vigencia,precio) VALUES (68,'Kilos',68,66,'21/07/2005','237.51');
INSERT INTO Historia_Precios_Salsas (id_precio,unidad_alimento,id_alimento,id_promocion,inicio_vigencia,precio) VALUES (69,'Kilos',69,55,'16/01/2004','143.74');
INSERT INTO Historia_Precios_Salsas (id_precio,unidad_alimento,id_alimento,id_promocion,inicio_vigencia,precio) VALUES (70,'Kilos',70,32,'24/01/2017','59.78');
INSERT INTO Historia_Precios_Salsas (id_precio,unidad_alimento,id_alimento,id_promocion,inicio_vigencia,precio) VALUES (71,'Pieza',71,82,'04/05/2011','67.19');
INSERT INTO Historia_Precios_Salsas (id_precio,unidad_alimento,id_alimento,id_promocion,inicio_vigencia,precio) VALUES (72,'Gramo',72,14,'18/07/2006','156.20');
INSERT INTO Historia_Precios_Salsas (id_precio,unidad_alimento,id_alimento,id_promocion,inicio_vigencia,precio) VALUES (73,'Gramo',73,97,'29/06/2017','233.71');
INSERT INTO Historia_Precios_Salsas (id_precio,unidad_alimento,id_alimento,id_promocion,inicio_vigencia,precio) VALUES (74,'Gramo',74,91,'14/11/2013','118.37');
INSERT INTO Historia_Precios_Salsas (id_precio,unidad_alimento,id_alimento,id_promocion,inicio_vigencia,precio) VALUES (75,'Gramo',75,37,'20/12/2015','258.19');
INSERT INTO Historia_Precios_Salsas (id_precio,unidad_alimento,id_alimento,id_promocion,inicio_vigencia,precio) VALUES (76,'Mililitro',76,14,'29/07/2014','282.21');
INSERT INTO Historia_Precios_Salsas (id_precio,unidad_alimento,id_alimento,id_promocion,inicio_vigencia,precio) VALUES (77,'Kilos',77,52,'29/05/2005','65.22');
INSERT INTO Historia_Precios_Salsas (id_precio,unidad_alimento,id_alimento,id_promocion,inicio_vigencia,precio) VALUES (78,'Gramo',78,5,'26/03/2008','187.40');
INSERT INTO Historia_Precios_Salsas (id_precio,unidad_alimento,id_alimento,id_promocion,inicio_vigencia,precio) VALUES (79,'Mililitro',79,27,'20/05/2000','291.84');
INSERT INTO Historia_Precios_Salsas (id_precio,unidad_alimento,id_alimento,id_promocion,inicio_vigencia,precio) VALUES (80,'Mililitro',80,40,'16/08/2008','69.83');
INSERT INTO Historia_Precios_Salsas (id_precio,unidad_alimento,id_alimento,id_promocion,inicio_vigencia,precio) VALUES (81,'Gramo',81,51,'19/08/2007','103.51');
INSERT INTO Historia_Precios_Salsas (id_precio,unidad_alimento,id_alimento,id_promocion,inicio_vigencia,precio) VALUES (82,'Mililitro',82,92,'01/01/2008','64.76');
INSERT INTO Historia_Precios_Salsas (id_precio,unidad_alimento,id_alimento,id_promocion,inicio_vigencia,precio) VALUES (83,'Mililitro',83,9,'23/05/2016','127.93');
INSERT INTO Historia_Precios_Salsas (id_precio,unidad_alimento,id_alimento,id_promocion,inicio_vigencia,precio) VALUES (84,'Pieza',84,90,'05/08/2016','216.92');
INSERT INTO Historia_Precios_Salsas (id_precio,unidad_alimento,id_alimento,id_promocion,inicio_vigencia,precio) VALUES (85,'Litros',85,95,'07/11/2014','102.73');
INSERT INTO Historia_Precios_Salsas (id_precio,unidad_alimento,id_alimento,id_promocion,inicio_vigencia,precio) VALUES (86,'Mililitro',86,73,'12/01/2014','116.65');
INSERT INTO Historia_Precios_Salsas (id_precio,unidad_alimento,id_alimento,id_promocion,inicio_vigencia,precio) VALUES (87,'Gramo',87,49,'13/07/2016','256.89');
INSERT INTO Historia_Precios_Salsas (id_precio,unidad_alimento,id_alimento,id_promocion,inicio_vigencia,precio) VALUES (88,'Gramo',88,75,'15/05/2015','146.04');
INSERT INTO Historia_Precios_Salsas (id_precio,unidad_alimento,id_alimento,id_promocion,inicio_vigencia,precio) VALUES (89,'Pieza',89,11,'08/04/2010','206.64');
INSERT INTO Historia_Precios_Salsas (id_precio,unidad_alimento,id_alimento,id_promocion,inicio_vigencia,precio) VALUES (90,'Gramo',90,36,'15/04/2002','184.14');
INSERT INTO Historia_Precios_Salsas (id_precio,unidad_alimento,id_alimento,id_promocion,inicio_vigencia,precio) VALUES (91,'Pieza',91,62,'01/10/2010','184.86');
INSERT INTO Historia_Precios_Salsas (id_precio,unidad_alimento,id_alimento,id_promocion,inicio_vigencia,precio) VALUES (92,'Gramo',92,72,'18/02/2008','234.21');
INSERT INTO Historia_Precios_Salsas (id_precio,unidad_alimento,id_alimento,id_promocion,inicio_vigencia,precio) VALUES (93,'Kilos',93,16,'02/07/2013','292.29');
INSERT INTO Historia_Precios_Salsas (id_precio,unidad_alimento,id_alimento,id_promocion,inicio_vigencia,precio) VALUES (94,'Mililitro',94,11,'07/04/2014','64.81');
INSERT INTO Historia_Precios_Salsas (id_precio,unidad_alimento,id_alimento,id_promocion,inicio_vigencia,precio) VALUES (95,'Kilos',95,92,'13/01/2012','62.75');
INSERT INTO Historia_Precios_Salsas (id_precio,unidad_alimento,id_alimento,id_promocion,inicio_vigencia,precio) VALUES (96,'Litros',96,59,'23/01/2009','14.09');
INSERT INTO Historia_Precios_Salsas (id_precio,unidad_alimento,id_alimento,id_promocion,inicio_vigencia,precio) VALUES (97,'Gramo',97,58,'22/08/2001','177.85');
INSERT INTO Historia_Precios_Salsas (id_precio,unidad_alimento,id_alimento,id_promocion,inicio_vigencia,precio) VALUES (98,'Gramo',98,1,'30/04/2007','129.92');
INSERT INTO Historia_Precios_Salsas (id_precio,unidad_alimento,id_alimento,id_promocion,inicio_vigencia,precio) VALUES (99,'Gramo',99,59,'10/12/2004','149.57');
INSERT INTO Historia_Precios_Salsas (id_precio,unidad_alimento,id_alimento,id_promocion,inicio_vigencia,precio) VALUES (100,'Gramo',100,66,'20/09/2012','89.69');

INSERT INTO Historia_Precios (id_precio,id_alimento,id_promocion,inicio_vigencia,precio) VALUES (13,13,13,'24/09/2015','291.72');
INSERT INTO Historia_Precios (id_precio,id_alimento,id_promocion,inicio_vigencia,precio) VALUES (14,14,14,'18/12/2001','202.35');
INSERT INTO Historia_Precios (id_precio,id_alimento,id_promocion,inicio_vigencia,precio) VALUES (15,15,15,'15/02/2005','138.13');
INSERT INTO Historia_Precios (id_precio,id_alimento,id_promocion,inicio_vigencia,precio) VALUES (16,16,16,'30/05/2005','22.42');
INSERT INTO Historia_Precios (id_precio,id_alimento,id_promocion,inicio_vigencia,precio) VALUES (17,17,17,'02/05/2007','278.45');
INSERT INTO Historia_Precios (id_precio,id_alimento,id_promocion,inicio_vigencia,precio) VALUES (18,18,18,'13/06/2017','227.22');
INSERT INTO Historia_Precios (id_precio,id_alimento,id_promocion,inicio_vigencia,precio) VALUES (19,19,19,'12/06/2004','183.86');
INSERT INTO Historia_Precios (id_precio,id_alimento,id_promocion,inicio_vigencia,precio) VALUES (20,20,20,'08/05/2011','142.08');
INSERT INTO Historia_Precios (id_precio,id_alimento,id_promocion,inicio_vigencia,precio) VALUES (21,21,21,'19/08/2010','202.62');
INSERT INTO Historia_Precios (id_precio,id_alimento,id_promocion,inicio_vigencia,precio) VALUES (22,22,22,'05/07/2005','11.35');
INSERT INTO Historia_Precios (id_precio,id_alimento,id_promocion,inicio_vigencia,precio) VALUES (23,23,23,'17/10/2009','299.48');
INSERT INTO Historia_Precios (id_precio,id_alimento,id_promocion,inicio_vigencia,precio) VALUES (24,24,24,'12/06/2006','241.49');
INSERT INTO Historia_Precios (id_precio,id_alimento,id_promocion,inicio_vigencia,precio) VALUES (25,25,25,'23/11/2015','41.65');
INSERT INTO Historia_Precios (id_precio,id_alimento,id_promocion,inicio_vigencia,precio) VALUES (26,26,26,'22/08/2007','113.34');
INSERT INTO Historia_Precios (id_precio,id_alimento,id_promocion,inicio_vigencia,precio) VALUES (27,27,27,'16/11/2017','74.12');
INSERT INTO Historia_Precios (id_precio,id_alimento,id_promocion,inicio_vigencia,precio) VALUES (28,28,28,'08/07/2012','35.42');
INSERT INTO Historia_Precios (id_precio,id_alimento,id_promocion,inicio_vigencia,precio) VALUES (29,29,29,'02/02/2004','11.16');
INSERT INTO Historia_Precios (id_precio,id_alimento,id_promocion,inicio_vigencia,precio) VALUES (30,30,30,'19/07/2004','20.77');
INSERT INTO Historia_Precios (id_precio,id_alimento,id_promocion,inicio_vigencia,precio) VALUES (31,31,31,'28/04/2009','177.29');
INSERT INTO Historia_Precios (id_precio,id_alimento,id_promocion,inicio_vigencia,precio) VALUES (32,32,32,'05/10/2007','59.83');
INSERT INTO Historia_Precios (id_precio,id_alimento,id_promocion,inicio_vigencia,precio) VALUES (33,33,33,'24/12/2015','157.00');
INSERT INTO Historia_Precios (id_precio,id_alimento,id_promocion,inicio_vigencia,precio) VALUES (34,34,34,'28/08/2011','175.01');
INSERT INTO Historia_Precios (id_precio,id_alimento,id_promocion,inicio_vigencia,precio) VALUES (35,35,35,'02/04/2012','183.28');
INSERT INTO Historia_Precios (id_precio,id_alimento,id_promocion,inicio_vigencia,precio) VALUES (36,36,36,'10/08/2011','115.16');
INSERT INTO Historia_Precios (id_precio,id_alimento,id_promocion,inicio_vigencia,precio) VALUES (37,37,37,'15/03/2013','140.17');
INSERT INTO Historia_Precios (id_precio,id_alimento,id_promocion,inicio_vigencia,precio) VALUES (38,38,38,'15/05/2005','256.90');
INSERT INTO Historia_Precios (id_precio,id_alimento,id_promocion,inicio_vigencia,precio) VALUES (39,39,39,'07/03/2012','133.52');
INSERT INTO Historia_Precios (id_precio,id_alimento,id_promocion,inicio_vigencia,precio) VALUES (40,40,40,'02/06/2007','127.99');
INSERT INTO Historia_Precios (id_precio,id_alimento,id_promocion,inicio_vigencia,precio) VALUES (41,41,41,'26/07/2012','72.44');
INSERT INTO Historia_Precios (id_precio,id_alimento,id_promocion,inicio_vigencia,precio) VALUES (42,42,42,'19/04/2011','87.65');
INSERT INTO Historia_Precios (id_precio,id_alimento,id_promocion,inicio_vigencia,precio) VALUES (43,43,43,'19/04/2001','173.79');
INSERT INTO Historia_Precios (id_precio,id_alimento,id_promocion,inicio_vigencia,precio) VALUES (44,44,44,'25/06/2015','252.97');
INSERT INTO Historia_Precios (id_precio,id_alimento,id_promocion,inicio_vigencia,precio) VALUES (45,45,45,'26/11/2017','257.11');
INSERT INTO Historia_Precios (id_precio,id_alimento,id_promocion,inicio_vigencia,precio) VALUES (46,46,46,'05/09/2002','110.37');
INSERT INTO Historia_Precios (id_precio,id_alimento,id_promocion,inicio_vigencia,precio) VALUES (47,47,47,'30/07/2002','273.28');
INSERT INTO Historia_Precios (id_precio,id_alimento,id_promocion,inicio_vigencia,precio) VALUES (48,48,48,'18/10/2004','203.80');
INSERT INTO Historia_Precios (id_precio,id_alimento,id_promocion,inicio_vigencia,precio) VALUES (49,49,49,'10/04/2017','104.22');
INSERT INTO Historia_Precios (id_precio,id_alimento,id_promocion,inicio_vigencia,precio) VALUES (50,50,50,'07/05/2005','275.62');
INSERT INTO Historia_Precios (id_precio,id_alimento,id_promocion,inicio_vigencia,precio) VALUES (51,51,51,'05/09/2011','89.73');
INSERT INTO Historia_Precios (id_precio,id_alimento,id_promocion,inicio_vigencia,precio) VALUES (52,52,52,'05/03/2017','191.36');
INSERT INTO Historia_Precios (id_precio,id_alimento,id_promocion,inicio_vigencia,precio) VALUES (53,53,53,'06/02/2016','224.67');
INSERT INTO Historia_Precios (id_precio,id_alimento,id_promocion,inicio_vigencia,precio) VALUES (54,54,54,'24/10/2008','196.08');
INSERT INTO Historia_Precios (id_precio,id_alimento,id_promocion,inicio_vigencia,precio) VALUES (55,55,55,'17/01/2014','206.00');
INSERT INTO Historia_Precios (id_precio,id_alimento,id_promocion,inicio_vigencia,precio) VALUES (56,56,56,'07/01/2015','127.84');
INSERT INTO Historia_Precios (id_precio,id_alimento,id_promocion,inicio_vigencia,precio) VALUES (57,57,57,'28/11/2016','245.88');
INSERT INTO Historia_Precios (id_precio,id_alimento,id_promocion,inicio_vigencia,precio) VALUES (58,58,58,'18/04/2003','143.00');
INSERT INTO Historia_Precios (id_precio,id_alimento,id_promocion,inicio_vigencia,precio) VALUES (59,59,59,'26/12/2012','153.79');
INSERT INTO Historia_Precios (id_precio,id_alimento,id_promocion,inicio_vigencia,precio) VALUES (60,60,60,'16/03/2011','57.78');
INSERT INTO Historia_Precios (id_precio,id_alimento,id_promocion,inicio_vigencia,precio) VALUES (61,61,61,'25/05/2015','58.98');
INSERT INTO Historia_Precios (id_precio,id_alimento,id_promocion,inicio_vigencia,precio) VALUES (62,62,62,'03/10/2000','50.05');
INSERT INTO Historia_Precios (id_precio,id_alimento,id_promocion,inicio_vigencia,precio) VALUES (63,63,63,'14/05/2005','144.16');
INSERT INTO Historia_Precios (id_precio,id_alimento,id_promocion,inicio_vigencia,precio) VALUES (64,64,64,'16/09/2009','35.89');
INSERT INTO Historia_Precios (id_precio,id_alimento,id_promocion,inicio_vigencia,precio) VALUES (65,65,65,'08/05/2001','12.73');
INSERT INTO Historia_Precios (id_precio,id_alimento,id_promocion,inicio_vigencia,precio) VALUES (66,66,66,'21/07/2008','157.15');
INSERT INTO Historia_Precios (id_precio,id_alimento,id_promocion,inicio_vigencia,precio) VALUES (67,67,67,'24/04/2013','58.76');
INSERT INTO Historia_Precios (id_precio,id_alimento,id_promocion,inicio_vigencia,precio) VALUES (68,68,68,'18/12/2016','197.74');
INSERT INTO Historia_Precios (id_precio,id_alimento,id_promocion,inicio_vigencia,precio) VALUES (69,69,69,'11/08/2016','180.42');
INSERT INTO Historia_Precios (id_precio,id_alimento,id_promocion,inicio_vigencia,precio) VALUES (70,70,70,'12/02/2006','137.95');
INSERT INTO Historia_Precios (id_precio,id_alimento,id_promocion,inicio_vigencia,precio) VALUES (71,71,71,'29/04/2001','185.52');
INSERT INTO Historia_Precios (id_precio,id_alimento,id_promocion,inicio_vigencia,precio) VALUES (72,72,72,'01/11/2017','26.46');
INSERT INTO Historia_Precios (id_precio,id_alimento,id_promocion,inicio_vigencia,precio) VALUES (73,73,73,'29/12/2016','10.58');
INSERT INTO Historia_Precios (id_precio,id_alimento,id_promocion,inicio_vigencia,precio) VALUES (74,74,74,'10/01/2002','22.28');
INSERT INTO Historia_Precios (id_precio,id_alimento,id_promocion,inicio_vigencia,precio) VALUES (75,75,75,'10/07/2014','286.58');
INSERT INTO Historia_Precios (id_precio,id_alimento,id_promocion,inicio_vigencia,precio) VALUES (76,76,76,'10/04/2006','60.61');
INSERT INTO Historia_Precios (id_precio,id_alimento,id_promocion,inicio_vigencia,precio) VALUES (77,77,77,'09/08/2010','191.84');
INSERT INTO Historia_Precios (id_precio,id_alimento,id_promocion,inicio_vigencia,precio) VALUES (78,78,78,'02/12/2015','15.46');
INSERT INTO Historia_Precios (id_precio,id_alimento,id_promocion,inicio_vigencia,precio) VALUES (79,79,79,'24/05/2005','222.28');
INSERT INTO Historia_Precios (id_precio,id_alimento,id_promocion,inicio_vigencia,precio) VALUES (80,80,80,'02/07/2008','171.22');
INSERT INTO Historia_Precios (id_precio,id_alimento,id_promocion,inicio_vigencia,precio) VALUES (81,81,81,'02/01/2015','163.23');
INSERT INTO Historia_Precios (id_precio,id_alimento,id_promocion,inicio_vigencia,precio) VALUES (82,82,82,'21/11/2017','248.87');
INSERT INTO Historia_Precios (id_precio,id_alimento,id_promocion,inicio_vigencia,precio) VALUES (83,83,83,'17/08/2006','229.92');
INSERT INTO Historia_Precios (id_precio,id_alimento,id_promocion,inicio_vigencia,precio) VALUES (84,84,84,'01/01/2018','55.74');
INSERT INTO Historia_Precios (id_precio,id_alimento,id_promocion,inicio_vigencia,precio) VALUES (85,85,85,'08/12/2010','164.01');
INSERT INTO Historia_Precios (id_precio,id_alimento,id_promocion,inicio_vigencia,precio) VALUES (86,86,86,'17/01/2002','12.56');
INSERT INTO Historia_Precios (id_precio,id_alimento,id_promocion,inicio_vigencia,precio) VALUES (87,87,87,'08/08/2008','24.86');
INSERT INTO Historia_Precios (id_precio,id_alimento,id_promocion,inicio_vigencia,precio) VALUES (88,88,88,'10/12/2008','176.32');
INSERT INTO Historia_Precios (id_precio,id_alimento,id_promocion,inicio_vigencia,precio) VALUES (89,89,89,'06/04/2000','237.26');
INSERT INTO Historia_Precios (id_precio,id_alimento,id_promocion,inicio_vigencia,precio) VALUES (90,90,90,'07/10/2007','136.02');
INSERT INTO Historia_Precios (id_precio,id_alimento,id_promocion,inicio_vigencia,precio) VALUES (91,91,91,'01/08/2011','51.34');
INSERT INTO Historia_Precios (id_precio,id_alimento,id_promocion,inicio_vigencia,precio) VALUES (92,92,92,'22/08/2004','197.16');
INSERT INTO Historia_Precios (id_precio,id_alimento,id_promocion,inicio_vigencia,precio) VALUES (93,93,93,'30/07/2008','275.69');
INSERT INTO Historia_Precios (id_precio,id_alimento,id_promocion,inicio_vigencia,precio) VALUES (94,94,94,'04/12/2007','178.36');
INSERT INTO Historia_Precios (id_precio,id_alimento,id_promocion,inicio_vigencia,precio) VALUES (95,95,95,'10/09/2013','165.42');
INSERT INTO Historia_Precios (id_precio,id_alimento,id_promocion,inicio_vigencia,precio) VALUES (96,96,96,'10/05/2010','19.04');
INSERT INTO Historia_Precios (id_precio,id_alimento,id_promocion,inicio_vigencia,precio) VALUES (97,97,97,'01/12/2015','257.00');
INSERT INTO Historia_Precios (id_precio,id_alimento,id_promocion,inicio_vigencia,precio) VALUES (98,98,98,'09/01/2006','162.79');
INSERT INTO Historia_Precios (id_precio,id_alimento,id_promocion,inicio_vigencia,precio) VALUES (99,99,99,'06/07/2005','164.02');
INSERT INTO Historia_Precios (id_precio,id_alimento,id_promocion,inicio_vigencia,precio) VALUES (100,100,100,'30/06/2010','263.71');

INSERT INTO Horarios_Promociones (id_promocion,id_dia,hora_inicio,hora_fin) VALUES (1,1,TO_TIMESTAMP('10-SEP-02 06:03:42 123000','DD-Mon-RR HH24:MI:SS FF'),TO_TIMESTAMP('10-SEP-02 21:59:39 123000','DD-Mon-RR HH24:MI:SS FF'));
INSERT INTO Horarios_Promociones (id_promocion,id_dia,hora_inicio,hora_fin) VALUES (2,3,TO_TIMESTAMP('10-SEP-02 01:51:32 123000','DD-Mon-RR HH24:MI:SS FF'),TO_TIMESTAMP('10-SEP-02 02:13:38 123000','DD-Mon-RR HH24:MI:SS FF'));
INSERT INTO Horarios_Promociones (id_promocion,id_dia,hora_inicio,hora_fin) VALUES (3,3,TO_TIMESTAMP('10-SEP-02 14:41:19 123000','DD-Mon-RR HH24:MI:SS FF'),TO_TIMESTAMP('10-SEP-02 19:29:36 123000','DD-Mon-RR HH24:MI:SS FF'));
INSERT INTO Horarios_Promociones (id_promocion,id_dia,hora_inicio,hora_fin) VALUES (4,5,TO_TIMESTAMP('10-SEP-02 10:30:21 123000','DD-Mon-RR HH24:MI:SS FF'),TO_TIMESTAMP('10-SEP-02 10:48:27 123000','DD-Mon-RR HH24:MI:SS FF'));
INSERT INTO Horarios_Promociones (id_promocion,id_dia,hora_inicio,hora_fin) VALUES (5,1,TO_TIMESTAMP('10-SEP-02 00:03:37 123000','DD-Mon-RR HH24:MI:SS FF'),TO_TIMESTAMP('10-SEP-02 14:23:09 123000','DD-Mon-RR HH24:MI:SS FF'));
INSERT INTO Horarios_Promociones (id_promocion,id_dia,hora_inicio,hora_fin) VALUES (6,7,TO_TIMESTAMP('10-SEP-02 06:52:33 123000','DD-Mon-RR HH24:MI:SS FF'),TO_TIMESTAMP('10-SEP-02 17:27:04 123000','DD-Mon-RR HH24:MI:SS FF'));
INSERT INTO Horarios_Promociones (id_promocion,id_dia,hora_inicio,hora_fin) VALUES (7,4,TO_TIMESTAMP('10-SEP-02 04:00:56 123000','DD-Mon-RR HH24:MI:SS FF'),TO_TIMESTAMP('10-SEP-02 06:18:16 123000','DD-Mon-RR HH24:MI:SS FF'));
INSERT INTO Horarios_Promociones (id_promocion,id_dia,hora_inicio,hora_fin) VALUES (8,4,TO_TIMESTAMP('10-SEP-02 03:49:05 123000','DD-Mon-RR HH24:MI:SS FF'),TO_TIMESTAMP('10-SEP-02 04:06:15 123000','DD-Mon-RR HH24:MI:SS FF'));
INSERT INTO Horarios_Promociones (id_promocion,id_dia,hora_inicio,hora_fin) VALUES (9,3,TO_TIMESTAMP('10-SEP-02 01:39:27 123000','DD-Mon-RR HH24:MI:SS FF'),TO_TIMESTAMP('10-SEP-02 06:38:11 123000','DD-Mon-RR HH24:MI:SS FF'));
INSERT INTO Horarios_Promociones (id_promocion,id_dia,hora_inicio,hora_fin) VALUES (10,3,TO_TIMESTAMP('10-SEP-02 06:43:39 123000','DD-Mon-RR HH24:MI:SS FF'),TO_TIMESTAMP('10-SEP-02 18:34:15 123000','DD-Mon-RR HH24:MI:SS FF'));
INSERT INTO Horarios_Promociones (id_promocion,id_dia,hora_inicio,hora_fin) VALUES (11,3,TO_TIMESTAMP('10-SEP-02 07:17:52 123000','DD-Mon-RR HH24:MI:SS FF'),TO_TIMESTAMP('10-SEP-02 19:52:24 123000','DD-Mon-RR HH24:MI:SS FF'));
INSERT INTO Horarios_Promociones (id_promocion,id_dia,hora_inicio,hora_fin) VALUES (12,5,TO_TIMESTAMP('10-SEP-02 00:06:15 123000','DD-Mon-RR HH24:MI:SS FF'),TO_TIMESTAMP('10-SEP-02 15:45:29 123000','DD-Mon-RR HH24:MI:SS FF'));
INSERT INTO Horarios_Promociones (id_promocion,id_dia,hora_inicio,hora_fin) VALUES (13,4,TO_TIMESTAMP('10-SEP-02 03:54:43 123000','DD-Mon-RR HH24:MI:SS FF'),TO_TIMESTAMP('10-SEP-02 07:36:44 123000','DD-Mon-RR HH24:MI:SS FF'));
INSERT INTO Horarios_Promociones (id_promocion,id_dia,hora_inicio,hora_fin) VALUES (14,6,TO_TIMESTAMP('10-SEP-02 01:25:07 123000','DD-Mon-RR HH24:MI:SS FF'),TO_TIMESTAMP('10-SEP-02 08:57:09 123000','DD-Mon-RR HH24:MI:SS FF'));
INSERT INTO Horarios_Promociones (id_promocion,id_dia,hora_inicio,hora_fin) VALUES (15,7,TO_TIMESTAMP('10-SEP-02 07:52:09 123000','DD-Mon-RR HH24:MI:SS FF'),TO_TIMESTAMP('10-SEP-02 11:42:46 123000','DD-Mon-RR HH24:MI:SS FF'));
INSERT INTO Horarios_Promociones (id_promocion,id_dia,hora_inicio,hora_fin) VALUES (16,2,TO_TIMESTAMP('10-SEP-02 00:36:55 123000','DD-Mon-RR HH24:MI:SS FF'),TO_TIMESTAMP('10-SEP-02 14:11:34 123000','DD-Mon-RR HH24:MI:SS FF'));
INSERT INTO Horarios_Promociones (id_promocion,id_dia,hora_inicio,hora_fin) VALUES (17,5,TO_TIMESTAMP('10-SEP-02 00:55:09 123000','DD-Mon-RR HH24:MI:SS FF'),TO_TIMESTAMP('10-SEP-02 21:15:25 123000','DD-Mon-RR HH24:MI:SS FF'));
INSERT INTO Horarios_Promociones (id_promocion,id_dia,hora_inicio,hora_fin) VALUES (18,2,TO_TIMESTAMP('10-SEP-02 13:35:53 123000','DD-Mon-RR HH24:MI:SS FF'),TO_TIMESTAMP('10-SEP-02 23:04:19 123000','DD-Mon-RR HH24:MI:SS FF'));
INSERT INTO Horarios_Promociones (id_promocion,id_dia,hora_inicio,hora_fin) VALUES (19,2,TO_TIMESTAMP('10-SEP-02 07:53:57 123000','DD-Mon-RR HH24:MI:SS FF'),TO_TIMESTAMP('10-SEP-02 12:08:21 123000','DD-Mon-RR HH24:MI:SS FF'));
INSERT INTO Horarios_Promociones (id_promocion,id_dia,hora_inicio,hora_fin) VALUES (20,6,TO_TIMESTAMP('10-SEP-02 01:24:31 123000','DD-Mon-RR HH24:MI:SS FF'),TO_TIMESTAMP('10-SEP-02 03:43:43 123000','DD-Mon-RR HH24:MI:SS FF'));
INSERT INTO Horarios_Promociones (id_promocion,id_dia,hora_inicio,hora_fin) VALUES (21,5,TO_TIMESTAMP('10-SEP-02 04:29:59 123000','DD-Mon-RR HH24:MI:SS FF'),TO_TIMESTAMP('10-SEP-02 05:32:05 123000','DD-Mon-RR HH24:MI:SS FF'));
INSERT INTO Horarios_Promociones (id_promocion,id_dia,hora_inicio,hora_fin) VALUES (22,2,TO_TIMESTAMP('10-SEP-02 01:19:37 123000','DD-Mon-RR HH24:MI:SS FF'),TO_TIMESTAMP('10-SEP-02 15:53:11 123000','DD-Mon-RR HH24:MI:SS FF'));
INSERT INTO Horarios_Promociones (id_promocion,id_dia,hora_inicio,hora_fin) VALUES (23,4,TO_TIMESTAMP('10-SEP-02 10:40:24 123000','DD-Mon-RR HH24:MI:SS FF'),TO_TIMESTAMP('10-SEP-02 15:24:09 123000','DD-Mon-RR HH24:MI:SS FF'));
INSERT INTO Horarios_Promociones (id_promocion,id_dia,hora_inicio,hora_fin) VALUES (24,3,TO_TIMESTAMP('10-SEP-02 15:16:33 123000','DD-Mon-RR HH24:MI:SS FF'),TO_TIMESTAMP('10-SEP-02 23:32:11 123000','DD-Mon-RR HH24:MI:SS FF'));
INSERT INTO Horarios_Promociones (id_promocion,id_dia,hora_inicio,hora_fin) VALUES (25,6,TO_TIMESTAMP('10-SEP-02 03:24:16 123000','DD-Mon-RR HH24:MI:SS FF'),TO_TIMESTAMP('10-SEP-02 07:16:24 123000','DD-Mon-RR HH24:MI:SS FF'));
INSERT INTO Horarios_Promociones (id_promocion,id_dia,hora_inicio,hora_fin) VALUES (26,1,TO_TIMESTAMP('10-SEP-02 15:50:13 123000','DD-Mon-RR HH24:MI:SS FF'),TO_TIMESTAMP('10-SEP-02 21:02:53 123000','DD-Mon-RR HH24:MI:SS FF'));
INSERT INTO Horarios_Promociones (id_promocion,id_dia,hora_inicio,hora_fin) VALUES (27,4,TO_TIMESTAMP('10-SEP-02 07:33:45 123000','DD-Mon-RR HH24:MI:SS FF'),TO_TIMESTAMP('10-SEP-02 20:58:53 123000','DD-Mon-RR HH24:MI:SS FF'));
INSERT INTO Horarios_Promociones (id_promocion,id_dia,hora_inicio,hora_fin) VALUES (28,7,TO_TIMESTAMP('10-SEP-02 18:00:00 123000','DD-Mon-RR HH24:MI:SS FF'),TO_TIMESTAMP('10-SEP-02 19:24:01 123000','DD-Mon-RR HH24:MI:SS FF'));
INSERT INTO Horarios_Promociones (id_promocion,id_dia,hora_inicio,hora_fin) VALUES (29,4,TO_TIMESTAMP('10-SEP-02 00:25:34 123000','DD-Mon-RR HH24:MI:SS FF'),TO_TIMESTAMP('10-SEP-02 09:33:50 123000','DD-Mon-RR HH24:MI:SS FF'));
INSERT INTO Horarios_Promociones (id_promocion,id_dia,hora_inicio,hora_fin) VALUES (30,7,TO_TIMESTAMP('10-SEP-02 06:25:14 123000','DD-Mon-RR HH24:MI:SS FF'),TO_TIMESTAMP('10-SEP-02 09:42:46 123000','DD-Mon-RR HH24:MI:SS FF'));
INSERT INTO Horarios_Promociones (id_promocion,id_dia,hora_inicio,hora_fin) VALUES (31,1,TO_TIMESTAMP('10-SEP-02 11:33:13 123000','DD-Mon-RR HH24:MI:SS FF'),TO_TIMESTAMP('10-SEP-02 20:18:16 123000','DD-Mon-RR HH24:MI:SS FF'));
INSERT INTO Horarios_Promociones (id_promocion,id_dia,hora_inicio,hora_fin) VALUES (32,3,TO_TIMESTAMP('10-SEP-02 20:55:36 123000','DD-Mon-RR HH24:MI:SS FF'),TO_TIMESTAMP('10-SEP-02 22:11:01 123000','DD-Mon-RR HH24:MI:SS FF'));
INSERT INTO Horarios_Promociones (id_promocion,id_dia,hora_inicio,hora_fin) VALUES (33,7,TO_TIMESTAMP('10-SEP-02 10:39:59 123000','DD-Mon-RR HH24:MI:SS FF'),TO_TIMESTAMP('10-SEP-02 20:15:46 123000','DD-Mon-RR HH24:MI:SS FF'));
INSERT INTO Horarios_Promociones (id_promocion,id_dia,hora_inicio,hora_fin) VALUES (34,1,TO_TIMESTAMP('10-SEP-02 11:47:50 123000','DD-Mon-RR HH24:MI:SS FF'),TO_TIMESTAMP('10-SEP-02 22:49:01 123000','DD-Mon-RR HH24:MI:SS FF'));
INSERT INTO Horarios_Promociones (id_promocion,id_dia,hora_inicio,hora_fin) VALUES (35,2,TO_TIMESTAMP('10-SEP-02 06:21:44 123000','DD-Mon-RR HH24:MI:SS FF'),TO_TIMESTAMP('10-SEP-02 22:40:20 123000','DD-Mon-RR HH24:MI:SS FF'));
INSERT INTO Horarios_Promociones (id_promocion,id_dia,hora_inicio,hora_fin) VALUES (36,5,TO_TIMESTAMP('10-SEP-02 00:12:33 123000','DD-Mon-RR HH24:MI:SS FF'),TO_TIMESTAMP('10-SEP-02 18:58:11 123000','DD-Mon-RR HH24:MI:SS FF'));
INSERT INTO Horarios_Promociones (id_promocion,id_dia,hora_inicio,hora_fin) VALUES (37,3,TO_TIMESTAMP('10-SEP-02 11:25:50 123000','DD-Mon-RR HH24:MI:SS FF'),TO_TIMESTAMP('10-SEP-02 23:54:18 123000','DD-Mon-RR HH24:MI:SS FF'));
INSERT INTO Horarios_Promociones (id_promocion,id_dia,hora_inicio,hora_fin) VALUES (38,4,TO_TIMESTAMP('10-SEP-02 05:25:01 123000','DD-Mon-RR HH24:MI:SS FF'),TO_TIMESTAMP('10-SEP-02 16:35:53 123000','DD-Mon-RR HH24:MI:SS FF'));
INSERT INTO Horarios_Promociones (id_promocion,id_dia,hora_inicio,hora_fin) VALUES (39,1,TO_TIMESTAMP('10-SEP-02 00:25:32 123000','DD-Mon-RR HH24:MI:SS FF'),TO_TIMESTAMP('10-SEP-02 01:31:16 123000','DD-Mon-RR HH24:MI:SS FF'));
INSERT INTO Horarios_Promociones (id_promocion,id_dia,hora_inicio,hora_fin) VALUES (40,6,TO_TIMESTAMP('10-SEP-02 04:53:47 123000','DD-Mon-RR HH24:MI:SS FF'),TO_TIMESTAMP('10-SEP-02 09:31:48 123000','DD-Mon-RR HH24:MI:SS FF'));
INSERT INTO Horarios_Promociones (id_promocion,id_dia,hora_inicio,hora_fin) VALUES (41,1,TO_TIMESTAMP('10-SEP-02 21:06:28 123000','DD-Mon-RR HH24:MI:SS FF'),TO_TIMESTAMP('10-SEP-02 22:36:50 123000','DD-Mon-RR HH24:MI:SS FF'));
INSERT INTO Horarios_Promociones (id_promocion,id_dia,hora_inicio,hora_fin) VALUES (42,6,TO_TIMESTAMP('10-SEP-02 00:25:56 123000','DD-Mon-RR HH24:MI:SS FF'),TO_TIMESTAMP('10-SEP-02 17:10:45 123000','DD-Mon-RR HH24:MI:SS FF'));
INSERT INTO Horarios_Promociones (id_promocion,id_dia,hora_inicio,hora_fin) VALUES (43,1,TO_TIMESTAMP('10-SEP-02 05:07:59 123000','DD-Mon-RR HH24:MI:SS FF'),TO_TIMESTAMP('10-SEP-02 09:17:45 123000','DD-Mon-RR HH24:MI:SS FF'));
INSERT INTO Horarios_Promociones (id_promocion,id_dia,hora_inicio,hora_fin) VALUES (44,4,TO_TIMESTAMP('10-SEP-02 04:57:25 123000','DD-Mon-RR HH24:MI:SS FF'),TO_TIMESTAMP('10-SEP-02 10:26:09 123000','DD-Mon-RR HH24:MI:SS FF'));
INSERT INTO Horarios_Promociones (id_promocion,id_dia,hora_inicio,hora_fin) VALUES (45,6,TO_TIMESTAMP('10-SEP-02 06:04:21 123000','DD-Mon-RR HH24:MI:SS FF'),TO_TIMESTAMP('10-SEP-02 11:14:06 123000','DD-Mon-RR HH24:MI:SS FF'));
INSERT INTO Horarios_Promociones (id_promocion,id_dia,hora_inicio,hora_fin) VALUES (46,5,TO_TIMESTAMP('10-SEP-02 00:28:33 123000','DD-Mon-RR HH24:MI:SS FF'),TO_TIMESTAMP('10-SEP-02 11:19:43 123000','DD-Mon-RR HH24:MI:SS FF'));
INSERT INTO Horarios_Promociones (id_promocion,id_dia,hora_inicio,hora_fin) VALUES (47,6,TO_TIMESTAMP('10-SEP-02 15:29:35 123000','DD-Mon-RR HH24:MI:SS FF'),TO_TIMESTAMP('10-SEP-02 15:48:39 123000','DD-Mon-RR HH24:MI:SS FF'));
INSERT INTO Horarios_Promociones (id_promocion,id_dia,hora_inicio,hora_fin) VALUES (48,1,TO_TIMESTAMP('10-SEP-02 15:31:47 123000','DD-Mon-RR HH24:MI:SS FF'),TO_TIMESTAMP('10-SEP-02 18:54:19 123000','DD-Mon-RR HH24:MI:SS FF'));
INSERT INTO Horarios_Promociones (id_promocion,id_dia,hora_inicio,hora_fin) VALUES (49,5,TO_TIMESTAMP('10-SEP-02 16:13:21 123000','DD-Mon-RR HH24:MI:SS FF'),TO_TIMESTAMP('10-SEP-02 23:36:39 123000','DD-Mon-RR HH24:MI:SS FF'));
INSERT INTO Horarios_Promociones (id_promocion,id_dia,hora_inicio,hora_fin) VALUES (50,6,TO_TIMESTAMP('10-SEP-02 00:50:39 123000','DD-Mon-RR HH24:MI:SS FF'),TO_TIMESTAMP('10-SEP-02 19:21:03 123000','DD-Mon-RR HH24:MI:SS FF'));
INSERT INTO Horarios_Promociones (id_promocion,id_dia,hora_inicio,hora_fin) VALUES (51,5,TO_TIMESTAMP('10-SEP-02 00:04:50 123000','DD-Mon-RR HH24:MI:SS FF'),TO_TIMESTAMP('10-SEP-02 01:28:02 123000','DD-Mon-RR HH24:MI:SS FF'));
INSERT INTO Horarios_Promociones (id_promocion,id_dia,hora_inicio,hora_fin) VALUES (52,5,TO_TIMESTAMP('10-SEP-02 08:19:24 123000','DD-Mon-RR HH24:MI:SS FF'),TO_TIMESTAMP('10-SEP-02 17:45:23 123000','DD-Mon-RR HH24:MI:SS FF'));
INSERT INTO Horarios_Promociones (id_promocion,id_dia,hora_inicio,hora_fin) VALUES (53,3,TO_TIMESTAMP('10-SEP-02 12:35:59 123000','DD-Mon-RR HH24:MI:SS FF'),TO_TIMESTAMP('10-SEP-02 23:08:43 123000','DD-Mon-RR HH24:MI:SS FF'));
INSERT INTO Horarios_Promociones (id_promocion,id_dia,hora_inicio,hora_fin) VALUES (54,3,TO_TIMESTAMP('10-SEP-02 04:30:52 123000','DD-Mon-RR HH24:MI:SS FF'),TO_TIMESTAMP('10-SEP-02 10:37:21 123000','DD-Mon-RR HH24:MI:SS FF'));
INSERT INTO Horarios_Promociones (id_promocion,id_dia,hora_inicio,hora_fin) VALUES (55,6,TO_TIMESTAMP('10-SEP-02 05:14:57 123000','DD-Mon-RR HH24:MI:SS FF'),TO_TIMESTAMP('10-SEP-02 12:08:50 123000','DD-Mon-RR HH24:MI:SS FF'));
INSERT INTO Horarios_Promociones (id_promocion,id_dia,hora_inicio,hora_fin) VALUES (56,2,TO_TIMESTAMP('10-SEP-02 12:52:42 123000','DD-Mon-RR HH24:MI:SS FF'),TO_TIMESTAMP('10-SEP-02 16:19:25 123000','DD-Mon-RR HH24:MI:SS FF'));
INSERT INTO Horarios_Promociones (id_promocion,id_dia,hora_inicio,hora_fin) VALUES (57,1,TO_TIMESTAMP('10-SEP-02 03:15:22 123000','DD-Mon-RR HH24:MI:SS FF'),TO_TIMESTAMP('10-SEP-02 20:07:54 123000','DD-Mon-RR HH24:MI:SS FF'));
INSERT INTO Horarios_Promociones (id_promocion,id_dia,hora_inicio,hora_fin) VALUES (58,5,TO_TIMESTAMP('10-SEP-02 11:28:38 123000','DD-Mon-RR HH24:MI:SS FF'),TO_TIMESTAMP('10-SEP-02 12:45:31 123000','DD-Mon-RR HH24:MI:SS FF'));
INSERT INTO Horarios_Promociones (id_promocion,id_dia,hora_inicio,hora_fin) VALUES (59,5,TO_TIMESTAMP('10-SEP-02 02:23:15 123000','DD-Mon-RR HH24:MI:SS FF'),TO_TIMESTAMP('10-SEP-02 13:29:21 123000','DD-Mon-RR HH24:MI:SS FF'));
INSERT INTO Horarios_Promociones (id_promocion,id_dia,hora_inicio,hora_fin) VALUES (60,4,TO_TIMESTAMP('10-SEP-02 10:42:25 123000','DD-Mon-RR HH24:MI:SS FF'),TO_TIMESTAMP('10-SEP-02 19:46:47 123000','DD-Mon-RR HH24:MI:SS FF'));
INSERT INTO Horarios_Promociones (id_promocion,id_dia,hora_inicio,hora_fin) VALUES (61,7,TO_TIMESTAMP('10-SEP-02 11:14:55 123000','DD-Mon-RR HH24:MI:SS FF'),TO_TIMESTAMP('10-SEP-02 13:59:25 123000','DD-Mon-RR HH24:MI:SS FF'));
INSERT INTO Horarios_Promociones (id_promocion,id_dia,hora_inicio,hora_fin) VALUES (62,6,TO_TIMESTAMP('10-SEP-02 03:07:43 123000','DD-Mon-RR HH24:MI:SS FF'),TO_TIMESTAMP('10-SEP-02 14:45:44 123000','DD-Mon-RR HH24:MI:SS FF'));
INSERT INTO Horarios_Promociones (id_promocion,id_dia,hora_inicio,hora_fin) VALUES (63,2,TO_TIMESTAMP('10-SEP-02 04:43:21 123000','DD-Mon-RR HH24:MI:SS FF'),TO_TIMESTAMP('10-SEP-02 09:25:19 123000','DD-Mon-RR HH24:MI:SS FF'));
INSERT INTO Horarios_Promociones (id_promocion,id_dia,hora_inicio,hora_fin) VALUES (64,2,TO_TIMESTAMP('10-SEP-02 08:43:52 123000','DD-Mon-RR HH24:MI:SS FF'),TO_TIMESTAMP('10-SEP-02 12:55:56 123000','DD-Mon-RR HH24:MI:SS FF'));
INSERT INTO Horarios_Promociones (id_promocion,id_dia,hora_inicio,hora_fin) VALUES (65,3,TO_TIMESTAMP('10-SEP-02 05:15:02 123000','DD-Mon-RR HH24:MI:SS FF'),TO_TIMESTAMP('10-SEP-02 21:50:36 123000','DD-Mon-RR HH24:MI:SS FF'));
INSERT INTO Horarios_Promociones (id_promocion,id_dia,hora_inicio,hora_fin) VALUES (66,7,TO_TIMESTAMP('10-SEP-02 01:39:13 123000','DD-Mon-RR HH24:MI:SS FF'),TO_TIMESTAMP('10-SEP-02 06:09:13 123000','DD-Mon-RR HH24:MI:SS FF'));
INSERT INTO Horarios_Promociones (id_promocion,id_dia,hora_inicio,hora_fin) VALUES (67,5,TO_TIMESTAMP('10-SEP-02 01:47:34 123000','DD-Mon-RR HH24:MI:SS FF'),TO_TIMESTAMP('10-SEP-02 03:09:10 123000','DD-Mon-RR HH24:MI:SS FF'));
INSERT INTO Horarios_Promociones (id_promocion,id_dia,hora_inicio,hora_fin) VALUES (68,7,TO_TIMESTAMP('10-SEP-02 00:33:51 123000','DD-Mon-RR HH24:MI:SS FF'),TO_TIMESTAMP('10-SEP-02 14:59:41 123000','DD-Mon-RR HH24:MI:SS FF'));
INSERT INTO Horarios_Promociones (id_promocion,id_dia,hora_inicio,hora_fin) VALUES (69,7,TO_TIMESTAMP('10-SEP-02 17:33:00 123000','DD-Mon-RR HH24:MI:SS FF'),TO_TIMESTAMP('10-SEP-02 21:57:23 123000','DD-Mon-RR HH24:MI:SS FF'));
INSERT INTO Horarios_Promociones (id_promocion,id_dia,hora_inicio,hora_fin) VALUES (70,6,TO_TIMESTAMP('10-SEP-02 06:41:30 123000','DD-Mon-RR HH24:MI:SS FF'),TO_TIMESTAMP('10-SEP-02 06:46:20 123000','DD-Mon-RR HH24:MI:SS FF'));
INSERT INTO Horarios_Promociones (id_promocion,id_dia,hora_inicio,hora_fin) VALUES (71,2,TO_TIMESTAMP('10-SEP-02 02:49:42 123000','DD-Mon-RR HH24:MI:SS FF'),TO_TIMESTAMP('10-SEP-02 10:39:14 123000','DD-Mon-RR HH24:MI:SS FF'));
INSERT INTO Horarios_Promociones (id_promocion,id_dia,hora_inicio,hora_fin) VALUES (72,5,TO_TIMESTAMP('10-SEP-02 03:55:21 123000','DD-Mon-RR HH24:MI:SS FF'),TO_TIMESTAMP('10-SEP-02 18:59:41 123000','DD-Mon-RR HH24:MI:SS FF'));
INSERT INTO Horarios_Promociones (id_promocion,id_dia,hora_inicio,hora_fin) VALUES (73,6,TO_TIMESTAMP('10-SEP-02 17:27:36 123000','DD-Mon-RR HH24:MI:SS FF'),TO_TIMESTAMP('10-SEP-02 23:02:41 123000','DD-Mon-RR HH24:MI:SS FF'));
INSERT INTO Horarios_Promociones (id_promocion,id_dia,hora_inicio,hora_fin) VALUES (74,5,TO_TIMESTAMP('10-SEP-02 00:17:35 123000','DD-Mon-RR HH24:MI:SS FF'),TO_TIMESTAMP('10-SEP-02 14:28:54 123000','DD-Mon-RR HH24:MI:SS FF'));
INSERT INTO Horarios_Promociones (id_promocion,id_dia,hora_inicio,hora_fin) VALUES (75,4,TO_TIMESTAMP('10-SEP-02 03:00:10 123000','DD-Mon-RR HH24:MI:SS FF'),TO_TIMESTAMP('10-SEP-02 04:34:20 123000','DD-Mon-RR HH24:MI:SS FF'));
INSERT INTO Horarios_Promociones (id_promocion,id_dia,hora_inicio,hora_fin) VALUES (76,2,TO_TIMESTAMP('10-SEP-02 04:56:29 123000','DD-Mon-RR HH24:MI:SS FF'),TO_TIMESTAMP('10-SEP-02 13:56:14 123000','DD-Mon-RR HH24:MI:SS FF'));
INSERT INTO Horarios_Promociones (id_promocion,id_dia,hora_inicio,hora_fin) VALUES (77,6,TO_TIMESTAMP('10-SEP-02 11:13:43 123000','DD-Mon-RR HH24:MI:SS FF'),TO_TIMESTAMP('10-SEP-02 17:07:17 123000','DD-Mon-RR HH24:MI:SS FF'));
INSERT INTO Horarios_Promociones (id_promocion,id_dia,hora_inicio,hora_fin) VALUES (78,5,TO_TIMESTAMP('10-SEP-02 02:24:50 123000','DD-Mon-RR HH24:MI:SS FF'),TO_TIMESTAMP('10-SEP-02 09:00:05 123000','DD-Mon-RR HH24:MI:SS FF'));
INSERT INTO Horarios_Promociones (id_promocion,id_dia,hora_inicio,hora_fin) VALUES (79,4,TO_TIMESTAMP('10-SEP-02 07:51:18 123000','DD-Mon-RR HH24:MI:SS FF'),TO_TIMESTAMP('10-SEP-02 12:13:12 123000','DD-Mon-RR HH24:MI:SS FF'));
INSERT INTO Horarios_Promociones (id_promocion,id_dia,hora_inicio,hora_fin) VALUES (80,7,TO_TIMESTAMP('10-SEP-02 00:24:48 123000','DD-Mon-RR HH24:MI:SS FF'),TO_TIMESTAMP('10-SEP-02 17:12:37 123000','DD-Mon-RR HH24:MI:SS FF'));
INSERT INTO Horarios_Promociones (id_promocion,id_dia,hora_inicio,hora_fin) VALUES (81,7,TO_TIMESTAMP('10-SEP-02 10:26:33 123000','DD-Mon-RR HH24:MI:SS FF'),TO_TIMESTAMP('10-SEP-02 14:29:12 123000','DD-Mon-RR HH24:MI:SS FF'));
INSERT INTO Horarios_Promociones (id_promocion,id_dia,hora_inicio,hora_fin) VALUES (82,7,TO_TIMESTAMP('10-SEP-02 23:16:30 123000','DD-Mon-RR HH24:MI:SS FF'),TO_TIMESTAMP('10-SEP-02 23:31:37 123000','DD-Mon-RR HH24:MI:SS FF'));
INSERT INTO Horarios_Promociones (id_promocion,id_dia,hora_inicio,hora_fin) VALUES (83,2,TO_TIMESTAMP('10-SEP-02 11:22:08 123000','DD-Mon-RR HH24:MI:SS FF'),TO_TIMESTAMP('10-SEP-02 20:07:40 123000','DD-Mon-RR HH24:MI:SS FF'));
INSERT INTO Horarios_Promociones (id_promocion,id_dia,hora_inicio,hora_fin) VALUES (84,5,TO_TIMESTAMP('10-SEP-02 06:08:00 123000','DD-Mon-RR HH24:MI:SS FF'),TO_TIMESTAMP('10-SEP-02 17:13:35 123000','DD-Mon-RR HH24:MI:SS FF'));
INSERT INTO Horarios_Promociones (id_promocion,id_dia,hora_inicio,hora_fin) VALUES (85,7,TO_TIMESTAMP('10-SEP-02 08:07:53 123000','DD-Mon-RR HH24:MI:SS FF'),TO_TIMESTAMP('10-SEP-02 20:24:54 123000','DD-Mon-RR HH24:MI:SS FF'));
INSERT INTO Horarios_Promociones (id_promocion,id_dia,hora_inicio,hora_fin) VALUES (86,1,TO_TIMESTAMP('10-SEP-02 00:48:25 123000','DD-Mon-RR HH24:MI:SS FF'),TO_TIMESTAMP('10-SEP-02 13:44:37 123000','DD-Mon-RR HH24:MI:SS FF'));
INSERT INTO Horarios_Promociones (id_promocion,id_dia,hora_inicio,hora_fin) VALUES (87,7,TO_TIMESTAMP('10-SEP-02 00:08:01 123000','DD-Mon-RR HH24:MI:SS FF'),TO_TIMESTAMP('10-SEP-02 19:43:18 123000','DD-Mon-RR HH24:MI:SS FF'));
INSERT INTO Horarios_Promociones (id_promocion,id_dia,hora_inicio,hora_fin) VALUES (88,7,TO_TIMESTAMP('10-SEP-02 02:56:27 123000','DD-Mon-RR HH24:MI:SS FF'),TO_TIMESTAMP('10-SEP-02 04:34:19 123000','DD-Mon-RR HH24:MI:SS FF'));
INSERT INTO Horarios_Promociones (id_promocion,id_dia,hora_inicio,hora_fin) VALUES (89,2,TO_TIMESTAMP('10-SEP-02 08:40:24 123000','DD-Mon-RR HH24:MI:SS FF'),TO_TIMESTAMP('10-SEP-02 19:42:46 123000','DD-Mon-RR HH24:MI:SS FF'));
INSERT INTO Horarios_Promociones (id_promocion,id_dia,hora_inicio,hora_fin) VALUES (90,1,TO_TIMESTAMP('10-SEP-02 04:21:51 123000','DD-Mon-RR HH24:MI:SS FF'),TO_TIMESTAMP('10-SEP-02 05:18:07 123000','DD-Mon-RR HH24:MI:SS FF'));
INSERT INTO Horarios_Promociones (id_promocion,id_dia,hora_inicio,hora_fin) VALUES (91,6,TO_TIMESTAMP('10-SEP-02 00:32:31 123000','DD-Mon-RR HH24:MI:SS FF'),TO_TIMESTAMP('10-SEP-02 23:02:53 123000','DD-Mon-RR HH24:MI:SS FF'));
INSERT INTO Horarios_Promociones (id_promocion,id_dia,hora_inicio,hora_fin) VALUES (92,7,TO_TIMESTAMP('10-SEP-02 09:38:49 123000','DD-Mon-RR HH24:MI:SS FF'),TO_TIMESTAMP('10-SEP-02 16:29:16 123000','DD-Mon-RR HH24:MI:SS FF'));
INSERT INTO Horarios_Promociones (id_promocion,id_dia,hora_inicio,hora_fin) VALUES (93,7,TO_TIMESTAMP('10-SEP-02 07:19:29 123000','DD-Mon-RR HH24:MI:SS FF'),TO_TIMESTAMP('10-SEP-02 10:23:05 123000','DD-Mon-RR HH24:MI:SS FF'));
INSERT INTO Horarios_Promociones (id_promocion,id_dia,hora_inicio,hora_fin) VALUES (94,5,TO_TIMESTAMP('10-SEP-02 05:01:04 123000','DD-Mon-RR HH24:MI:SS FF'),TO_TIMESTAMP('10-SEP-02 07:14:04 123000','DD-Mon-RR HH24:MI:SS FF'));
INSERT INTO Horarios_Promociones (id_promocion,id_dia,hora_inicio,hora_fin) VALUES (95,3,TO_TIMESTAMP('10-SEP-02 10:25:41 123000','DD-Mon-RR HH24:MI:SS FF'),TO_TIMESTAMP('10-SEP-02 14:31:12 123000','DD-Mon-RR HH24:MI:SS FF'));
INSERT INTO Horarios_Promociones (id_promocion,id_dia,hora_inicio,hora_fin) VALUES (96,5,TO_TIMESTAMP('10-SEP-02 08:24:44 123000','DD-Mon-RR HH24:MI:SS FF'),TO_TIMESTAMP('10-SEP-02 18:00:14 123000','DD-Mon-RR HH24:MI:SS FF'));
INSERT INTO Horarios_Promociones (id_promocion,id_dia,hora_inicio,hora_fin) VALUES (97,7,TO_TIMESTAMP('10-SEP-02 21:03:28 123000','DD-Mon-RR HH24:MI:SS FF'),TO_TIMESTAMP('10-SEP-02 22:31:46 123000','DD-Mon-RR HH24:MI:SS FF'));
INSERT INTO Horarios_Promociones (id_promocion,id_dia,hora_inicio,hora_fin) VALUES (98,1,TO_TIMESTAMP('10-SEP-02 02:40:58 123000','DD-Mon-RR HH24:MI:SS FF'),TO_TIMESTAMP('10-SEP-02 16:19:40 123000','DD-Mon-RR HH24:MI:SS FF'));
INSERT INTO Horarios_Promociones (id_promocion,id_dia,hora_inicio,hora_fin) VALUES (99,5,TO_TIMESTAMP('10-SEP-02 00:50:14 123000','DD-Mon-RR HH24:MI:SS FF'),TO_TIMESTAMP('10-SEP-02 20:21:51 123000','DD-Mon-RR HH24:MI:SS FF'));
INSERT INTO Horarios_Promociones (id_promocion,id_dia,hora_inicio,hora_fin) VALUES (100,6,TO_TIMESTAMP('10-SEP-02 18:10:55 123000','DD-Mon-RR HH24:MI:SS FF'),TO_TIMESTAMP('10-SEP-02 19:59:57 123000','DD-Mon-RR HH24:MI:SS FF'));

INSERT INTO Orden (id,id_sucursal,cliente,fecha,total,total_promo) VALUES (1,28,'tellus.eu.augue@vitaealiquet.com','18/07/2013','513.96','644.04');
INSERT INTO Orden (id,id_sucursal,cliente,fecha,total,total_promo) VALUES (2,46,'Proin.sed.turpis@cursusnonegestas.org','03/06/2013','660.64','518.78');
INSERT INTO Orden (id,id_sucursal,cliente,fecha,total,total_promo) VALUES (3,3,'euismod@a.org','17/11/2008','985.65','880.58');
INSERT INTO Orden (id,id_sucursal,cliente,fecha,total,total_promo) VALUES (4,22,'orci.sem@Duis.com','11/08/2016','248.34','512.15');
INSERT INTO Orden (id,id_sucursal,cliente,fecha,total,total_promo) VALUES (5,41,'malesuada.vel@consequatlectussit.edu','19/10/2014','315.76','261.85');
INSERT INTO Orden (id,id_sucursal,cliente,fecha,total,total_promo) VALUES (6,23,'adipiscing@imperdietornareIn.org','04/03/2014','127.99','236.33');
INSERT INTO Orden (id,id_sucursal,cliente,fecha,total,total_promo) VALUES (7,38,'dolor@dolor.co.uk','21/10/2012','189.98','111.25');
INSERT INTO Orden (id,id_sucursal,cliente,fecha,total,total_promo) VALUES (8,45,'magna.et@musAeneaneget.org','20/07/2001','414.33','838.03');
INSERT INTO Orden (id,id_sucursal,cliente,fecha,total,total_promo) VALUES (9,40,'ut@eleifendCras.net','12/05/2008','892.00','375.90');
INSERT INTO Orden (id,id_sucursal,cliente,fecha,total,total_promo) VALUES (10,3,'hendrerit@magnisdisparturient.edu','07/12/2002','803.83','188.25');
INSERT INTO Orden (id,id_sucursal,cliente,fecha,total,total_promo) VALUES (11,35,'nibh@sapienNunc.com','13/10/2014','171.92','610.89');
INSERT INTO Orden (id,id_sucursal,cliente,fecha,total,total_promo) VALUES (12,32,'ut.eros.non@nonantebibendum.com','10/04/2017','873.10','960.33');
INSERT INTO Orden (id,id_sucursal,cliente,fecha,total,total_promo) VALUES (13,9,'accumsan.laoreet@pede.edu','09/05/2012','682.82','430.13');
INSERT INTO Orden (id,id_sucursal,cliente,fecha,total,total_promo) VALUES (14,42,'Suspendisse.non.leo@blandit.org','18/11/2011','235.37','519.47');
INSERT INTO Orden (id,id_sucursal,cliente,fecha,total,total_promo) VALUES (15,37,'Donec@quistristiqueac.co.uk','17/08/2010','464.53','347.08');
INSERT INTO Orden (id,id_sucursal,cliente,fecha,total,total_promo) VALUES (16,11,'mauris.Suspendisse@Suspendissecommodo.net','19/08/2006','191.88','412.12');
INSERT INTO Orden (id,id_sucursal,cliente,fecha,total,total_promo) VALUES (17,39,'quis.pede@molestiesodalesMauris.com','03/12/2017','274.02','865.17');
INSERT INTO Orden (id,id_sucursal,cliente,fecha,total,total_promo) VALUES (18,16,'parturient.montes.nascetur@dolordolortempus.org','24/12/2015','885.57','740.30');
INSERT INTO Orden (id,id_sucursal,cliente,fecha,total,total_promo) VALUES (19,17,'sociis@Quisquenonummy.com','05/12/2000','622.28','805.75');
INSERT INTO Orden (id,id_sucursal,cliente,fecha,total,total_promo) VALUES (20,2,'enim.mi@nonsapien.ca','08/04/2010','151.55','351.54');
INSERT INTO Orden (id,id_sucursal,cliente,fecha,total,total_promo) VALUES (21,1,'eget.tincidunt@diam.edu','21/10/2012','681.60','247.29');
INSERT INTO Orden (id,id_sucursal,cliente,fecha,total,total_promo) VALUES (22,23,'arcu@arcuvelquam.ca','07/11/2016','911.30','887.72');
INSERT INTO Orden (id,id_sucursal,cliente,fecha,total,total_promo) VALUES (23,49,'Nunc.quis.arcu@at.org','18/11/2013','813.90','390.04');
INSERT INTO Orden (id,id_sucursal,cliente,fecha,total,total_promo) VALUES (24,22,'convallis@Sed.org','21/11/2003','363.80','443.43');
INSERT INTO Orden (id,id_sucursal,cliente,fecha,total,total_promo) VALUES (25,44,'gravida@ornare.com','04/06/2006','858.88','267.04');
INSERT INTO Orden (id,id_sucursal,cliente,fecha,total,total_promo) VALUES (26,6,'ultricies@tincidunt.com','10/01/2002','623.95','224.94');
INSERT INTO Orden (id,id_sucursal,cliente,fecha,total,total_promo) VALUES (27,6,'Aliquam.ultrices.iaculis@idantedictum.edu','30/06/2011','796.82','765.03');
INSERT INTO Orden (id,id_sucursal,cliente,fecha,total,total_promo) VALUES (28,6,'orci@sagittislobortismauris.ca','06/04/2005','857.75','676.22');
INSERT INTO Orden (id,id_sucursal,cliente,fecha,total,total_promo) VALUES (29,37,'Mauris.quis@euodiotristique.co.uk','12/10/2013','466.98','594.91');
INSERT INTO Orden (id,id_sucursal,cliente,fecha,total,total_promo) VALUES (30,44,'Proin@Quisqueporttitor.edu','23/01/2009','855.91','697.96');
INSERT INTO Orden (id,id_sucursal,cliente,fecha,total,total_promo) VALUES (31,21,'in@quistristiqueac.ca','08/11/2003','817.37','789.33');
INSERT INTO Orden (id,id_sucursal,cliente,fecha,total,total_promo) VALUES (32,27,'ultricies@odiosempercursus.ca','01/01/2017','733.67','231.20');
INSERT INTO Orden (id,id_sucursal,cliente,fecha,total,total_promo) VALUES (33,44,'inceptos.hymenaeos@tellusPhaselluselit.org','31/08/2009','874.98','439.86');
INSERT INTO Orden (id,id_sucursal,cliente,fecha,total,total_promo) VALUES (34,35,'mattis.velit@imperdiet.net','07/05/2010','671.96','295.13');
INSERT INTO Orden (id,id_sucursal,cliente,fecha,total,total_promo) VALUES (35,23,'risus.Duis.a@sociis.net','26/10/2012','936.85','564.34');
INSERT INTO Orden (id,id_sucursal,cliente,fecha,total,total_promo) VALUES (36,3,'non.lobortis@dictumauguemalesuada.ca','14/05/2006','595.13','468.92');
INSERT INTO Orden (id,id_sucursal,cliente,fecha,total,total_promo) VALUES (37,32,'sed@Maurisvestibulum.com','23/08/2012','553.35','519.43');
INSERT INTO Orden (id,id_sucursal,cliente,fecha,total,total_promo) VALUES (38,6,'erat.in.consectetuer@nibhenimgravida.co.uk','07/12/2010','166.97','260.35');
INSERT INTO Orden (id,id_sucursal,cliente,fecha,total,total_promo) VALUES (39,33,'Mauris.ut.quam@Aliquamvulputateullamcorper.ca','01/09/2013','991.70','231.60');
INSERT INTO Orden (id,id_sucursal,cliente,fecha,total,total_promo) VALUES (40,48,'tellus@acarcu.org','05/05/2001','975.12','487.83');
INSERT INTO Orden (id,id_sucursal,cliente,fecha,total,total_promo) VALUES (41,37,'risus.Donec@nonnisi.co.uk','20/10/2017','484.56','420.97');
INSERT INTO Orden (id,id_sucursal,cliente,fecha,total,total_promo) VALUES (42,46,'natoque@egetmetuseu.co.uk','20/10/2012','166.40','409.57');
INSERT INTO Orden (id,id_sucursal,cliente,fecha,total,total_promo) VALUES (43,43,'In.scelerisque@acfermentum.net','04/04/2014','610.88','267.39');
INSERT INTO Orden (id,id_sucursal,cliente,fecha,total,total_promo) VALUES (44,21,'lectus.pede@pedeblanditcongue.co.uk','12/05/2001','223.67','912.79');
INSERT INTO Orden (id,id_sucursal,cliente,fecha,total,total_promo) VALUES (45,46,'aliquet.lobortis@egetipsumSuspendisse.com','15/02/2008','267.65','964.27');
INSERT INTO Orden (id,id_sucursal,cliente,fecha,total,total_promo) VALUES (46,47,'accumsan.laoreet@elit.co.uk','26/06/2015','149.93','884.85');
INSERT INTO Orden (id,id_sucursal,cliente,fecha,total,total_promo) VALUES (47,29,'ac.nulla.In@nonummy.net','13/03/2008','321.11','763.58');
INSERT INTO Orden (id,id_sucursal,cliente,fecha,total,total_promo) VALUES (48,2,'Nunc.lectus.pede@dapibusrutrumjusto.edu','22/04/2008','874.79','927.32');
INSERT INTO Orden (id,id_sucursal,cliente,fecha,total,total_promo) VALUES (49,38,'laoreet.posuere.enim@congueIn.org','19/09/2014','714.63','675.02');
INSERT INTO Orden (id,id_sucursal,cliente,fecha,total,total_promo) VALUES (50,46,'dictum@nuncsed.org','18/04/2012','169.91','456.67');
INSERT INTO Orden (id,id_sucursal,cliente,fecha,total,total_promo) VALUES (51,20,'pharetra@eu.ca','27/09/2005','308.66','249.11');
INSERT INTO Orden (id,id_sucursal,cliente,fecha,total,total_promo) VALUES (52,15,'primis.in@necligula.ca','29/03/2008','769.65','793.58');
INSERT INTO Orden (id,id_sucursal,cliente,fecha,total,total_promo) VALUES (53,12,'Duis@eu.co.uk','21/04/2008','779.31','589.83');
INSERT INTO Orden (id,id_sucursal,cliente,fecha,total,total_promo) VALUES (54,36,'nunc.sit.amet@eleifendvitaeerat.edu','26/07/2011','983.29','494.43');
INSERT INTO Orden (id,id_sucursal,cliente,fecha,total,total_promo) VALUES (55,32,'egestas@nostraper.edu','15/03/2009','912.07','696.32');
INSERT INTO Orden (id,id_sucursal,cliente,fecha,total,total_promo) VALUES (56,10,'turpis@elitelitfermentum.ca','18/12/2017','521.41','330.14');
INSERT INTO Orden (id,id_sucursal,cliente,fecha,total,total_promo) VALUES (57,44,'vulputate.ullamcorper@felis.co.uk','13/10/2005','531.99','490.34');
INSERT INTO Orden (id,id_sucursal,cliente,fecha,total,total_promo) VALUES (58,44,'turpis@risusatfringilla.org','22/06/2014','961.64','438.37');
INSERT INTO Orden (id,id_sucursal,cliente,fecha,total,total_promo) VALUES (59,50,'mattis.semper.dui@cubiliaCuraeDonec.co.uk','28/09/2007','404.87','379.37');
INSERT INTO Orden (id,id_sucursal,cliente,fecha,total,total_promo) VALUES (60,28,'leo@primisin.net','21/02/2001','358.41','820.35');
INSERT INTO Orden (id,id_sucursal,cliente,fecha,total,total_promo) VALUES (61,41,'gravida.Aliquam@liberomaurisaliquam.ca','19/01/2012','243.75','344.71');
INSERT INTO Orden (id,id_sucursal,cliente,fecha,total,total_promo) VALUES (62,16,'pede.nonummy.ut@Mauris.org','17/07/2005','802.73','429.40');
INSERT INTO Orden (id,id_sucursal,cliente,fecha,total,total_promo) VALUES (63,44,'libero.Morbi@acsem.com','31/01/2009','353.59','160.81');
INSERT INTO Orden (id,id_sucursal,cliente,fecha,total,total_promo) VALUES (64,38,'velit.Quisque.varius@pharetraNamac.ca','24/11/2017','524.96','233.51');
INSERT INTO Orden (id,id_sucursal,cliente,fecha,total,total_promo) VALUES (65,29,'consectetuer@ultriciesdignissimlacus.com','09/09/2004','263.88','876.09');
INSERT INTO Orden (id,id_sucursal,cliente,fecha,total,total_promo) VALUES (66,17,'fames@Aeneaneget.ca','15/08/2011','591.87','983.18');
INSERT INTO Orden (id,id_sucursal,cliente,fecha,total,total_promo) VALUES (67,38,'faucibus@Donecsollicitudinadipiscing.ca','27/07/2006','122.08','982.13');
INSERT INTO Orden (id,id_sucursal,cliente,fecha,total,total_promo) VALUES (68,36,'sit.amet.risus@dignissimmagnaa.org','22/09/2016','649.95','671.82');
INSERT INTO Orden (id,id_sucursal,cliente,fecha,total,total_promo) VALUES (69,27,'lorem@ametconsectetueradipiscing.co.uk','12/11/2000','190.34','813.83');
INSERT INTO Orden (id,id_sucursal,cliente,fecha,total,total_promo) VALUES (70,36,'turpis.In.condimentum@urna.com','29/12/2005','111.45','753.70');
INSERT INTO Orden (id,id_sucursal,cliente,fecha,total,total_promo) VALUES (71,26,'ac@nonummyacfeugiat.ca','04/12/2013','316.06','353.00');
INSERT INTO Orden (id,id_sucursal,cliente,fecha,total,total_promo) VALUES (72,20,'Nunc.ullamcorper@estvitae.ca','30/12/2006','567.74','456.62');
INSERT INTO Orden (id,id_sucursal,cliente,fecha,total,total_promo) VALUES (73,26,'mus@Nam.ca','20/03/2000','355.89','697.92');
INSERT INTO Orden (id,id_sucursal,cliente,fecha,total,total_promo) VALUES (74,36,'lorem.lorem@afeugiat.ca','05/03/2013','663.71','101.17');
INSERT INTO Orden (id,id_sucursal,cliente,fecha,total,total_promo) VALUES (75,50,'molestie@Nunc.edu','03/08/2000','116.13','890.93');
INSERT INTO Orden (id,id_sucursal,cliente,fecha,total,total_promo) VALUES (76,49,'Fusce@ante.edu','20/02/2013','379.57','550.34');
INSERT INTO Orden (id,id_sucursal,cliente,fecha,total,total_promo) VALUES (77,32,'velit@eu.ca','25/04/2015','694.99','467.36');
INSERT INTO Orden (id,id_sucursal,cliente,fecha,total,total_promo) VALUES (78,38,'dui@atpedeCras.net','30/12/2006','545.46','995.77');
INSERT INTO Orden (id,id_sucursal,cliente,fecha,total,total_promo) VALUES (79,5,'volutpat.ornare@diamnuncullamcorper.org','13/06/2002','744.05','173.19');
INSERT INTO Orden (id,id_sucursal,cliente,fecha,total,total_promo) VALUES (80,30,'tristique.pharetra@volutpat.co.uk','16/10/2009','124.45','972.16');
INSERT INTO Orden (id,id_sucursal,cliente,fecha,total,total_promo) VALUES (81,48,'vel@euarcu.net','23/05/2005','881.42','228.31');
INSERT INTO Orden (id,id_sucursal,cliente,fecha,total,total_promo) VALUES (82,50,'ultricies@Proinegetodio.co.uk','21/05/2013','999.68','265.13');
INSERT INTO Orden (id,id_sucursal,cliente,fecha,total,total_promo) VALUES (83,22,'convallis@tempusscelerisque.ca','02/08/2015','881.88','364.56');
INSERT INTO Orden (id,id_sucursal,cliente,fecha,total,total_promo) VALUES (84,31,'ultrices@Nuncpulvinar.ca','31/03/2017','194.26','403.89');
INSERT INTO Orden (id,id_sucursal,cliente,fecha,total,total_promo) VALUES (85,29,'erat@ultrices.edu','10/05/2012','389.97','942.55');
INSERT INTO Orden (id,id_sucursal,cliente,fecha,total,total_promo) VALUES (86,6,'urna@arcuVestibulum.net','15/04/2004','593.88','774.95');
INSERT INTO Orden (id,id_sucursal,cliente,fecha,total,total_promo) VALUES (87,25,'mus@nectempus.co.uk','15/08/2000','132.80','967.46');
INSERT INTO Orden (id,id_sucursal,cliente,fecha,total,total_promo) VALUES (88,21,'malesuada.malesuada@nequevenenatislacus.net','08/08/2012','715.68','445.28');
INSERT INTO Orden (id,id_sucursal,cliente,fecha,total,total_promo) VALUES (89,6,'In.nec.orci@euismodenimEtiam.co.uk','29/04/2016','290.66','631.06');
INSERT INTO Orden (id,id_sucursal,cliente,fecha,total,total_promo) VALUES (90,11,'ullamcorper@libero.edu','03/03/2015','510.36','740.72');
INSERT INTO Orden (id,id_sucursal,cliente,fecha,total,total_promo) VALUES (91,48,'ornare.lectus.ante@Maecenasmi.org','29/03/2015','255.28','576.97');
INSERT INTO Orden (id,id_sucursal,cliente,fecha,total,total_promo) VALUES (92,14,'et.malesuada@ipsum.edu','02/04/2002','874.82','132.14');
INSERT INTO Orden (id,id_sucursal,cliente,fecha,total,total_promo) VALUES (93,7,'amet@Sedegetlacus.com','07/10/2007','147.04','922.19');
INSERT INTO Orden (id,id_sucursal,cliente,fecha,total,total_promo) VALUES (94,40,'posuere@rutrumnon.ca','09/04/2001','232.72','935.45');
INSERT INTO Orden (id,id_sucursal,cliente,fecha,total,total_promo) VALUES (95,4,'Cras.interdum.Nunc@Nullam.net','05/12/2007','762.52','210.34');
INSERT INTO Orden (id,id_sucursal,cliente,fecha,total,total_promo) VALUES (96,45,'vulputate.posuere@nisl.edu','17/05/2015','649.02','430.61');
INSERT INTO Orden (id,id_sucursal,cliente,fecha,total,total_promo) VALUES (97,26,'feugiat.non.lobortis@neceleifend.com','26/08/2010','916.89','330.04');
INSERT INTO Orden (id,id_sucursal,cliente,fecha,total,total_promo) VALUES (98,35,'eget.ipsum@laoreetposuereenim.co.uk','11/10/2016','981.85','970.93');
INSERT INTO Orden (id,id_sucursal,cliente,fecha,total,total_promo) VALUES (99,2,'vel.arcu@risusQuisque.co.uk','10/01/2001','704.49','584.79');
INSERT INTO Orden (id,id_sucursal,cliente,fecha,total,total_promo) VALUES (100,42,'ac.nulla@amet.ca','29/10/2002','623.11','576.19');
INSERT INTO Orden (id,id_sucursal,cliente,fecha,total,total_promo) VALUES (101,36,'odio@aenim.org','07/08/2001','727.25','949.17');
INSERT INTO Orden (id,id_sucursal,cliente,fecha,total,total_promo) VALUES (102,49,'Aenean@acnullaIn.co.uk','29/11/2000','683.10','902.03');
INSERT INTO Orden (id,id_sucursal,cliente,fecha,total,total_promo) VALUES (103,33,'semper.cursus@Aliquam.net','15/12/2010','936.04','940.81');
INSERT INTO Orden (id,id_sucursal,cliente,fecha,total,total_promo) VALUES (104,43,'Sed.et.libero@orcilobortisaugue.co.uk','22/03/2001','970.94','587.35');
INSERT INTO Orden (id,id_sucursal,cliente,fecha,total,total_promo) VALUES (105,21,'at.egestas@Phasellusataugue.co.uk','11/09/2017','298.60','273.69');
INSERT INTO Orden (id,id_sucursal,cliente,fecha,total,total_promo) VALUES (106,44,'bibendum@egestasFuscealiquet.net','20/01/2002','388.75','169.59');
INSERT INTO Orden (id,id_sucursal,cliente,fecha,total,total_promo) VALUES (107,35,'commodo@lectusjustoeu.ca','18/03/2010','926.95','613.38');
INSERT INTO Orden (id,id_sucursal,cliente,fecha,total,total_promo) VALUES (108,25,'neque@necimperdietnec.com','07/03/2002','871.92','857.75');
INSERT INTO Orden (id,id_sucursal,cliente,fecha,total,total_promo) VALUES (109,4,'amet.consectetuer.adipiscing@Donec.net','10/02/2013','339.32','933.49');
INSERT INTO Orden (id,id_sucursal,cliente,fecha,total,total_promo) VALUES (110,25,'dis.parturient@ultricesVivamusrhoncus.org','02/09/2004','419.06','268.22');
INSERT INTO Orden (id,id_sucursal,cliente,fecha,total,total_promo) VALUES (111,37,'erat@enimMauris.org','13/08/2000','300.72','578.21');
INSERT INTO Orden (id,id_sucursal,cliente,fecha,total,total_promo) VALUES (112,5,'Curabitur.sed.tortor@aliquamarcu.com','23/05/2008','607.43','691.73');
INSERT INTO Orden (id,id_sucursal,cliente,fecha,total,total_promo) VALUES (113,1,'natoque.penatibus@nibhAliquamornare.ca','25/12/2017','958.58','983.06');
INSERT INTO Orden (id,id_sucursal,cliente,fecha,total,total_promo) VALUES (114,49,'in.dolor.Fusce@pellentesque.edu','15/12/2001','600.54','469.15');
INSERT INTO Orden (id,id_sucursal,cliente,fecha,total,total_promo) VALUES (115,25,'blandit@velitAliquamnisl.co.uk','31/07/2014','552.71','744.63');
INSERT INTO Orden (id,id_sucursal,cliente,fecha,total,total_promo) VALUES (116,17,'amet@lectusasollicitudin.com','26/02/2014','114.53','713.59');
INSERT INTO Orden (id,id_sucursal,cliente,fecha,total,total_promo) VALUES (117,35,'ipsum.sodales.purus@luctussit.co.uk','12/06/2017','322.52','739.04');
INSERT INTO Orden (id,id_sucursal,cliente,fecha,total,total_promo) VALUES (118,37,'diam@utnisi.com','29/03/2008','179.07','612.20');
INSERT INTO Orden (id,id_sucursal,cliente,fecha,total,total_promo) VALUES (119,2,'consectetuer@Mauris.net','30/08/2001','546.95','185.38');
INSERT INTO Orden (id,id_sucursal,cliente,fecha,total,total_promo) VALUES (120,48,'fermentum@iaculisaliquet.net','23/02/2014','768.80','999.50');
INSERT INTO Orden (id,id_sucursal,cliente,fecha,total,total_promo) VALUES (121,44,'viverra@eu.edu','21/02/2001','663.79','647.76');
INSERT INTO Orden (id,id_sucursal,cliente,fecha,total,total_promo) VALUES (122,24,'justo@mauriserateget.edu','17/01/2004','656.03','621.37');
INSERT INTO Orden (id,id_sucursal,cliente,fecha,total,total_promo) VALUES (123,26,'Aenean.gravida@justo.com','21/09/2017','852.76','918.29');
INSERT INTO Orden (id,id_sucursal,cliente,fecha,total,total_promo) VALUES (124,40,'eu.dolor.egestas@senectusetnetus.net','05/04/2002','155.40','481.35');
INSERT INTO Orden (id,id_sucursal,cliente,fecha,total,total_promo) VALUES (125,21,'Vestibulum.accumsan@Phaselluslibero.edu','03/05/2004','830.56','468.93');
INSERT INTO Orden (id,id_sucursal,cliente,fecha,total,total_promo) VALUES (126,38,'interdum.feugiat.Sed@ametdiam.ca','12/08/2011','786.64','927.69');
INSERT INTO Orden (id,id_sucursal,cliente,fecha,total,total_promo) VALUES (127,12,'blandit@noncursus.edu','27/06/2015','338.46','480.11');
INSERT INTO Orden (id,id_sucursal,cliente,fecha,total,total_promo) VALUES (128,15,'dui.nec.urna@estac.ca','28/06/2012','444.68','306.05');
INSERT INTO Orden (id,id_sucursal,cliente,fecha,total,total_promo) VALUES (129,36,'aliquam.eros@urnaNunc.org','03/11/2014','345.54','287.95');
INSERT INTO Orden (id,id_sucursal,cliente,fecha,total,total_promo) VALUES (130,49,'justo@eudui.co.uk','01/02/2015','451.56','998.90');
INSERT INTO Orden (id,id_sucursal,cliente,fecha,total,total_promo) VALUES (131,6,'commodo.auctor@laoreet.org','11/02/2017','501.11','506.07');
INSERT INTO Orden (id,id_sucursal,cliente,fecha,total,total_promo) VALUES (132,32,'libero.nec.ligula@sociosquadlitora.co.uk','26/08/2005','405.13','706.95');
INSERT INTO Orden (id,id_sucursal,cliente,fecha,total,total_promo) VALUES (133,4,'non.dui@estvitaesodales.com','07/01/2014','758.35','535.17');
INSERT INTO Orden (id,id_sucursal,cliente,fecha,total,total_promo) VALUES (134,42,'Duis.risus.odio@diamPellentesque.net','25/11/2002','854.14','980.08');
INSERT INTO Orden (id,id_sucursal,cliente,fecha,total,total_promo) VALUES (135,2,'Sed@eleifend.com','01/02/2010','743.23','943.58');
INSERT INTO Orden (id,id_sucursal,cliente,fecha,total,total_promo) VALUES (136,22,'non@vitaeerat.org','04/12/2012','438.17','975.60');
INSERT INTO Orden (id,id_sucursal,cliente,fecha,total,total_promo) VALUES (137,6,'turpis.nec@Craseu.com','19/01/2001','446.42','151.76');
INSERT INTO Orden (id,id_sucursal,cliente,fecha,total,total_promo) VALUES (138,9,'magna.a@egetmassa.com','28/12/2002','683.72','683.58');
INSERT INTO Orden (id,id_sucursal,cliente,fecha,total,total_promo) VALUES (139,11,'nonummy.ultricies@cursusNunc.co.uk','22/07/2009','865.46','968.62');
INSERT INTO Orden (id,id_sucursal,cliente,fecha,total,total_promo) VALUES (140,23,'faucibus@nuncQuisqueornare.edu','25/07/2014','334.69','918.91');
INSERT INTO Orden (id,id_sucursal,cliente,fecha,total,total_promo) VALUES (141,8,'accumsan.interdum.libero@euaugue.edu','28/06/2010','409.57','985.46');
INSERT INTO Orden (id,id_sucursal,cliente,fecha,total,total_promo) VALUES (142,40,'eu.dolor@enimEtiamimperdiet.com','14/06/2015','829.71','541.12');
INSERT INTO Orden (id,id_sucursal,cliente,fecha,total,total_promo) VALUES (143,15,'aliquam@ipsum.com','01/09/2000','307.08','402.25');
INSERT INTO Orden (id,id_sucursal,cliente,fecha,total,total_promo) VALUES (144,50,'mollis@id.co.uk','26/05/2003','928.49','340.23');
INSERT INTO Orden (id,id_sucursal,cliente,fecha,total,total_promo) VALUES (145,44,'at.velit@iaculisnec.ca','28/12/2001','409.12','785.27');
INSERT INTO Orden (id,id_sucursal,cliente,fecha,total,total_promo) VALUES (146,5,'sagittis.Nullam@maurisMorbi.co.uk','22/11/2017','122.89','738.84');
INSERT INTO Orden (id,id_sucursal,cliente,fecha,total,total_promo) VALUES (147,11,'quam.vel.sapien@vellectusCum.edu','11/07/2012','191.20','146.21');
INSERT INTO Orden (id,id_sucursal,cliente,fecha,total,total_promo) VALUES (148,28,'sed.sapien.Nunc@bibendumullamcorperDuis.net','10/02/2008','594.18','759.29');
INSERT INTO Orden (id,id_sucursal,cliente,fecha,total,total_promo) VALUES (149,31,'Aenean.gravida.nunc@tempor.edu','19/05/2000','898.35','660.43');
INSERT INTO Orden (id,id_sucursal,cliente,fecha,total,total_promo) VALUES (150,5,'libero@malesuadafringillaest.com','26/03/2014','240.40','754.46');
INSERT INTO Orden (id,id_sucursal,cliente,fecha,total,total_promo) VALUES (151,18,'augue.porttitor@sed.com','20/05/2010','595.78','731.32');
INSERT INTO Orden (id,id_sucursal,cliente,fecha,total,total_promo) VALUES (152,15,'vel.mauris@convallisconvallis.co.uk','27/02/2016','595.36','255.99');
INSERT INTO Orden (id,id_sucursal,cliente,fecha,total,total_promo) VALUES (153,3,'neque.pellentesque@atvelitPellentesque.co.uk','20/06/2012','104.64','518.26');
INSERT INTO Orden (id,id_sucursal,cliente,fecha,total,total_promo) VALUES (154,15,'urna.et@acmattis.co.uk','11/07/2010','665.45','465.14');
INSERT INTO Orden (id,id_sucursal,cliente,fecha,total,total_promo) VALUES (155,28,'ipsum.nunc@risus.org','11/04/2006','304.82','838.08');
INSERT INTO Orden (id,id_sucursal,cliente,fecha,total,total_promo) VALUES (156,24,'facilisis.vitae.orci@netuset.net','13/02/2016','737.65','332.73');
INSERT INTO Orden (id,id_sucursal,cliente,fecha,total,total_promo) VALUES (157,42,'magna@risusMorbimetus.net','03/03/2000','284.75','222.36');
INSERT INTO Orden (id,id_sucursal,cliente,fecha,total,total_promo) VALUES (158,15,'Donec.tempor@est.co.uk','20/12/2002','360.93','109.32');
INSERT INTO Orden (id,id_sucursal,cliente,fecha,total,total_promo) VALUES (159,18,'Duis@etmagnisdis.edu','06/11/2014','612.05','937.35');
INSERT INTO Orden (id,id_sucursal,cliente,fecha,total,total_promo) VALUES (160,1,'ante.lectus@loremluctusut.net','21/01/2013','297.94','354.38');
INSERT INTO Orden (id,id_sucursal,cliente,fecha,total,total_promo) VALUES (161,50,'et.euismod@Proinvel.com','26/03/2013','402.13','684.99');
INSERT INTO Orden (id,id_sucursal,cliente,fecha,total,total_promo) VALUES (162,13,'ornare.lectus@nequenon.edu','21/06/2014','289.75','492.09');
INSERT INTO Orden (id,id_sucursal,cliente,fecha,total,total_promo) VALUES (163,20,'odio.sagittis.semper@Maurisnondui.com','12/03/2002','767.59','440.48');
INSERT INTO Orden (id,id_sucursal,cliente,fecha,total,total_promo) VALUES (164,38,'Integer@accumsan.org','22/11/2017','642.20','811.02');
INSERT INTO Orden (id,id_sucursal,cliente,fecha,total,total_promo) VALUES (165,5,'In.at@temporloremeget.edu','16/02/2006','521.55','870.33');
INSERT INTO Orden (id,id_sucursal,cliente,fecha,total,total_promo) VALUES (166,20,'pede.blandit.congue@massaSuspendisseeleifend.net','03/10/2006','455.97','185.03');
INSERT INTO Orden (id,id_sucursal,cliente,fecha,total,total_promo) VALUES (167,50,'et@feugiattellus.co.uk','19/12/2006','880.70','168.94');
INSERT INTO Orden (id,id_sucursal,cliente,fecha,total,total_promo) VALUES (168,9,'orci@vitaeodio.edu','24/03/2011','259.76','294.37');
INSERT INTO Orden (id,id_sucursal,cliente,fecha,total,total_promo) VALUES (169,17,'aliquam@nasceturridiculusmus.com','04/06/2003','993.77','757.39');
INSERT INTO Orden (id,id_sucursal,cliente,fecha,total,total_promo) VALUES (170,41,'netus@erosProinultrices.ca','16/08/2014','440.90','749.28');
INSERT INTO Orden (id,id_sucursal,cliente,fecha,total,total_promo) VALUES (171,15,'Mauris.ut@mauris.edu','05/03/2007','180.05','352.92');
INSERT INTO Orden (id,id_sucursal,cliente,fecha,total,total_promo) VALUES (172,32,'tempor@Maecenas.org','19/12/2005','301.59','345.02');
INSERT INTO Orden (id,id_sucursal,cliente,fecha,total,total_promo) VALUES (173,12,'a@ullamcorpereueuismod.co.uk','07/12/2005','283.40','663.58');
INSERT INTO Orden (id,id_sucursal,cliente,fecha,total,total_promo) VALUES (174,9,'mattis@Vivamusnibhdolor.com','24/09/2014','125.48','776.35');
INSERT INTO Orden (id,id_sucursal,cliente,fecha,total,total_promo) VALUES (175,14,'mauris.aliquam@gravidasit.org','05/05/2015','106.53','501.74');
INSERT INTO Orden (id,id_sucursal,cliente,fecha,total,total_promo) VALUES (176,32,'nunc@miloremvehicula.ca','25/11/2012','109.02','813.16');
INSERT INTO Orden (id,id_sucursal,cliente,fecha,total,total_promo) VALUES (177,26,'eros.turpis.non@sit.net','16/05/2002','551.32','803.45');
INSERT INTO Orden (id,id_sucursal,cliente,fecha,total,total_promo) VALUES (178,4,'risus.Quisque.libero@magnatellusfaucibus.net','15/10/2013','261.44','515.87');
INSERT INTO Orden (id,id_sucursal,cliente,fecha,total,total_promo) VALUES (179,8,'vitae.risus@auctor.edu','09/01/2004','276.72','894.28');
INSERT INTO Orden (id,id_sucursal,cliente,fecha,total,total_promo) VALUES (180,26,'commodo.at@tortor.co.uk','19/04/2011','416.57','504.29');
INSERT INTO Orden (id,id_sucursal,cliente,fecha,total,total_promo) VALUES (181,3,'neque.In@ullamcorpernislarcu.net','03/12/2009','724.34','621.50');
INSERT INTO Orden (id,id_sucursal,cliente,fecha,total,total_promo) VALUES (182,42,'Proin.vel.nisl@posuere.net','02/01/2007','394.90','709.37');
INSERT INTO Orden (id,id_sucursal,cliente,fecha,total,total_promo) VALUES (183,23,'a.ultricies@semmolestiesodales.com','16/09/2005','309.38','238.60');
INSERT INTO Orden (id,id_sucursal,cliente,fecha,total,total_promo) VALUES (184,42,'montes.nascetur.ridiculus@tellusPhasellus.net','09/03/2002','869.71','358.93');
INSERT INTO Orden (id,id_sucursal,cliente,fecha,total,total_promo) VALUES (185,32,'Fusce@Duissitamet.edu','03/02/2006','823.63','518.35');
INSERT INTO Orden (id,id_sucursal,cliente,fecha,total,total_promo) VALUES (186,38,'dui.semper@Craseutellus.co.uk','13/07/2005','538.38','693.76');
INSERT INTO Orden (id,id_sucursal,cliente,fecha,total,total_promo) VALUES (187,21,'et@nibh.net','14/04/2003','122.44','538.75');
INSERT INTO Orden (id,id_sucursal,cliente,fecha,total,total_promo) VALUES (188,1,'arcu@CuraePhasellus.net','12/09/2012','197.92','766.04');
INSERT INTO Orden (id,id_sucursal,cliente,fecha,total,total_promo) VALUES (189,39,'ornare.lectus@venenatislacus.org','13/08/2011','484.94','543.30');
INSERT INTO Orden (id,id_sucursal,cliente,fecha,total,total_promo) VALUES (190,50,'facilisis.lorem.tristique@magnaSuspendisse.com','07/12/2012','439.05','652.82');
INSERT INTO Orden (id,id_sucursal,cliente,fecha,total,total_promo) VALUES (191,18,'velit.in.aliquet@velitdui.net','07/09/2000','332.00','501.88');
INSERT INTO Orden (id,id_sucursal,cliente,fecha,total,total_promo) VALUES (192,21,'ante.Nunc@velitQuisque.net','23/11/2001','375.06','941.53');
INSERT INTO Orden (id,id_sucursal,cliente,fecha,total,total_promo) VALUES (193,31,'Donec.nibh.enim@placeratorci.net','15/09/2008','392.35','296.19');
INSERT INTO Orden (id,id_sucursal,cliente,fecha,total,total_promo) VALUES (194,49,'nunc.sed@sempererat.com','28/02/2013','583.59','980.64');
INSERT INTO Orden (id,id_sucursal,cliente,fecha,total,total_promo) VALUES (195,32,'Fusce.fermentum.fermentum@massanonante.edu','03/03/2013','294.77','989.22');
INSERT INTO Orden (id,id_sucursal,cliente,fecha,total,total_promo) VALUES (196,28,'quis.diam@nondapibus.org','16/10/2003','675.51','255.14');
INSERT INTO Orden (id,id_sucursal,cliente,fecha,total,total_promo) VALUES (197,48,'molestie.Sed.id@Pellentesque.co.uk','09/07/2006','775.30','280.50');
INSERT INTO Orden (id,id_sucursal,cliente,fecha,total,total_promo) VALUES (198,13,'Praesent.eu@justoeu.net','29/01/2016','691.36','760.44');
INSERT INTO Orden (id,id_sucursal,cliente,fecha,total,total_promo) VALUES (199,10,'lacus.vestibulum.lorem@egestaslaciniaSed.co.uk','03/10/2011','855.58','387.33');
INSERT INTO Orden (id,id_sucursal,cliente,fecha,total,total_promo) VALUES (200,39,'ligula.consectetuer@consectetuermauris.ca','28/07/2017','928.07','602.39');

INSERT INTO Pagos (id_orden,RFC_cobrador,hora_pago,tipo_de_pago) VALUES (1,'JIKN688858SKF','09:52:15',' Tarjeta de debito');
INSERT INTO Pagos (id_orden,RFC_cobrador,hora_pago,tipo_de_pago) VALUES (2,'REXX216653YZE','07:08:08',' Tarjeta de debito');
INSERT INTO Pagos (id_orden,RFC_cobrador,hora_pago,tipo_de_pago) VALUES (3,'BNBU168161DDD','14:17:55','Efectivo');
INSERT INTO Pagos (id_orden,RFC_cobrador,hora_pago,tipo_de_pago) VALUES (4,'AIYS454938YDY','10:14:08','Efectivo');
INSERT INTO Pagos (id_orden,RFC_cobrador,hora_pago,tipo_de_pago) VALUES (5,'SQUT824875AZW','15:43:48',' Tarjeta de debito');
INSERT INTO Pagos (id_orden,RFC_cobrador,hora_pago,tipo_de_pago) VALUES (6,'GEAG110589SXE','09:51:09','Tarjeta de credito');
INSERT INTO Pagos (id_orden,RFC_cobrador,hora_pago,tipo_de_pago) VALUES (7,'PKBE929253GWC','11:54:11',' Tarjeta de debito');
INSERT INTO Pagos (id_orden,RFC_cobrador,hora_pago,tipo_de_pago) VALUES (8,'HZMI535543SDW','04:22:00','Vales');
INSERT INTO Pagos (id_orden,RFC_cobrador,hora_pago,tipo_de_pago) VALUES (9,'FCTC655267ZMN','08:48:02',' Tarjeta de debito');
INSERT INTO Pagos (id_orden,RFC_cobrador,hora_pago,tipo_de_pago) VALUES (10,'ZMJK334326EVQ','16:20:55',' Tarjeta de debito');
INSERT INTO Pagos (id_orden,RFC_cobrador,hora_pago,tipo_de_pago) VALUES (11,'MKGU358495ULY','14:46:16',' Tarjeta de debito');
INSERT INTO Pagos (id_orden,RFC_cobrador,hora_pago,tipo_de_pago) VALUES (12,'EIXE767366XIT','16:42:06',' Tarjeta de debito');
INSERT INTO Pagos (id_orden,RFC_cobrador,hora_pago,tipo_de_pago) VALUES (13,'DYTE167676SFH','17:19:40','Efectivo');
INSERT INTO Pagos (id_orden,RFC_cobrador,hora_pago,tipo_de_pago) VALUES (14,'IOPI227162UVD','16:02:18','Vales');
INSERT INTO Pagos (id_orden,RFC_cobrador,hora_pago,tipo_de_pago) VALUES (15,'YRDZ966473MOA','06:48:59','Tarjeta de credito');
INSERT INTO Pagos (id_orden,RFC_cobrador,hora_pago,tipo_de_pago) VALUES (16,'VRWA637374NRX','21:15:15',' Tarjeta de debito');
INSERT INTO Pagos (id_orden,RFC_cobrador,hora_pago,tipo_de_pago) VALUES (17,'MXEX587841YZN','04:31:50','Cheque');
INSERT INTO Pagos (id_orden,RFC_cobrador,hora_pago,tipo_de_pago) VALUES (18,'RYHF243197YKN','21:17:48','Vales');
INSERT INTO Pagos (id_orden,RFC_cobrador,hora_pago,tipo_de_pago) VALUES (19,'KQBZ955354TCN','12:53:12','Vales');
INSERT INTO Pagos (id_orden,RFC_cobrador,hora_pago,tipo_de_pago) VALUES (20,'MPAO573674HCS','11:03:05','Tarjeta de credito');
INSERT INTO Pagos (id_orden,RFC_cobrador,hora_pago,tipo_de_pago) VALUES (21,'VZBB526587RCY','16:37:21','Vales');
INSERT INTO Pagos (id_orden,RFC_cobrador,hora_pago,tipo_de_pago) VALUES (22,'MALK173962AAZ','09:38:38',' Tarjeta de debito');
INSERT INTO Pagos (id_orden,RFC_cobrador,hora_pago,tipo_de_pago) VALUES (23,'QICJ613191WFN','08:48:12','Tarjeta de credito');
INSERT INTO Pagos (id_orden,RFC_cobrador,hora_pago,tipo_de_pago) VALUES (24,'OXBR137683AGH','18:34:59','Cheque');
INSERT INTO Pagos (id_orden,RFC_cobrador,hora_pago,tipo_de_pago) VALUES (25,'SASD185179KEN','18:36:45','Cheque');
INSERT INTO Pagos (id_orden,RFC_cobrador,hora_pago,tipo_de_pago) VALUES (26,'QMWT461242LRL','02:21:08','Vales');
INSERT INTO Pagos (id_orden,RFC_cobrador,hora_pago,tipo_de_pago) VALUES (27,'WSHV169461AKN','06:10:00','Cheque');
INSERT INTO Pagos (id_orden,RFC_cobrador,hora_pago,tipo_de_pago) VALUES (28,'RFWF055438AAG','20:24:21','Efectivo');
INSERT INTO Pagos (id_orden,RFC_cobrador,hora_pago,tipo_de_pago) VALUES (29,'KKOI212499XWL','07:12:11',' Tarjeta de debito');
INSERT INTO Pagos (id_orden,RFC_cobrador,hora_pago,tipo_de_pago) VALUES (30,'ZGKV943611RHB','07:47:04','Vales');
INSERT INTO Pagos (id_orden,RFC_cobrador,hora_pago,tipo_de_pago) VALUES (31,'QETC818656HJW','14:04:08',' Tarjeta de debito');
INSERT INTO Pagos (id_orden,RFC_cobrador,hora_pago,tipo_de_pago) VALUES (32,'DHUJ638298UQW','06:41:36','Cheque');
INSERT INTO Pagos (id_orden,RFC_cobrador,hora_pago,tipo_de_pago) VALUES (33,'DJYR283136RHC','02:31:03','Tarjeta de credito');
INSERT INTO Pagos (id_orden,RFC_cobrador,hora_pago,tipo_de_pago) VALUES (34,'VNKH570643EEA','17:53:06','Cheque');
INSERT INTO Pagos (id_orden,RFC_cobrador,hora_pago,tipo_de_pago) VALUES (35,'LXYG218684ZSU','01:25:55',' Tarjeta de debito');
INSERT INTO Pagos (id_orden,RFC_cobrador,hora_pago,tipo_de_pago) VALUES (36,'QDQU527293KXL','12:04:16',' Tarjeta de debito');
INSERT INTO Pagos (id_orden,RFC_cobrador,hora_pago,tipo_de_pago) VALUES (37,'XTIL078523OTE','11:02:03','Tarjeta de credito');
INSERT INTO Pagos (id_orden,RFC_cobrador,hora_pago,tipo_de_pago) VALUES (38,'ZHXA193287TTA','16:25:27','Cheque');
INSERT INTO Pagos (id_orden,RFC_cobrador,hora_pago,tipo_de_pago) VALUES (39,'QRJM249879QTX','00:56:29','Tarjeta de credito');
INSERT INTO Pagos (id_orden,RFC_cobrador,hora_pago,tipo_de_pago) VALUES (40,'DMZX766974BYC','21:48:43','Vales');
INSERT INTO Pagos (id_orden,RFC_cobrador,hora_pago,tipo_de_pago) VALUES (41,'LHEU625114SZC','07:15:57',' Tarjeta de debito');
INSERT INTO Pagos (id_orden,RFC_cobrador,hora_pago,tipo_de_pago) VALUES (42,'LEEN549824UDA','01:27:41','Cheque');
INSERT INTO Pagos (id_orden,RFC_cobrador,hora_pago,tipo_de_pago) VALUES (43,'BQMV017895VNK','09:30:22',' Tarjeta de debito');
INSERT INTO Pagos (id_orden,RFC_cobrador,hora_pago,tipo_de_pago) VALUES (44,'HWFC133912CSG','05:48:01','Efectivo');
INSERT INTO Pagos (id_orden,RFC_cobrador,hora_pago,tipo_de_pago) VALUES (45,'KVKF511251TFT','03:42:15',' Tarjeta de debito');
INSERT INTO Pagos (id_orden,RFC_cobrador,hora_pago,tipo_de_pago) VALUES (46,'YROS249396YLG','13:47:11','Cheque');
INSERT INTO Pagos (id_orden,RFC_cobrador,hora_pago,tipo_de_pago) VALUES (47,'LSYC312846AHG','20:54:58',' Tarjeta de debito');
INSERT INTO Pagos (id_orden,RFC_cobrador,hora_pago,tipo_de_pago) VALUES (48,'GAMR658369QFQ','02:54:37','Tarjeta de credito');
INSERT INTO Pagos (id_orden,RFC_cobrador,hora_pago,tipo_de_pago) VALUES (49,'DHBW980322XEE','11:35:35','Tarjeta de credito');
INSERT INTO Pagos (id_orden,RFC_cobrador,hora_pago,tipo_de_pago) VALUES (50,'OOJA137285VPG','15:51:51','Vales');
INSERT INTO Pagos (id_orden,RFC_cobrador,hora_pago,tipo_de_pago) VALUES (51,'STWY822866BJY','17:03:03','Vales');
INSERT INTO Pagos (id_orden,RFC_cobrador,hora_pago,tipo_de_pago) VALUES (52,'PBMY185848LVU','20:57:06','Cheque');
INSERT INTO Pagos (id_orden,RFC_cobrador,hora_pago,tipo_de_pago) VALUES (53,'LJZT744648YNW','20:46:42',' Tarjeta de debito');
INSERT INTO Pagos (id_orden,RFC_cobrador,hora_pago,tipo_de_pago) VALUES (54,'TIIL295332FKS','05:17:57','Tarjeta de credito');
INSERT INTO Pagos (id_orden,RFC_cobrador,hora_pago,tipo_de_pago) VALUES (55,'JTAL612751GVR','23:50:19','Tarjeta de credito');
INSERT INTO Pagos (id_orden,RFC_cobrador,hora_pago,tipo_de_pago) VALUES (56,'LAOG460926XPJ','16:23:48','Efectivo');
INSERT INTO Pagos (id_orden,RFC_cobrador,hora_pago,tipo_de_pago) VALUES (57,'UBRW398663RMY','13:50:44','Efectivo');
INSERT INTO Pagos (id_orden,RFC_cobrador,hora_pago,tipo_de_pago) VALUES (58,'SSXX581811EJJ','01:04:13',' Tarjeta de debito');
INSERT INTO Pagos (id_orden,RFC_cobrador,hora_pago,tipo_de_pago) VALUES (59,'ZZWW626373DTO','01:12:19',' Tarjeta de debito');
INSERT INTO Pagos (id_orden,RFC_cobrador,hora_pago,tipo_de_pago) VALUES (60,'UDJH830641NEX','17:01:04','Tarjeta de credito');
INSERT INTO Pagos (id_orden,RFC_cobrador,hora_pago,tipo_de_pago) VALUES (61,'XFUE294721ZRY','07:34:28','Cheque');
INSERT INTO Pagos (id_orden,RFC_cobrador,hora_pago,tipo_de_pago) VALUES (62,'WRNO222896GDV','08:13:37',' Tarjeta de debito');
INSERT INTO Pagos (id_orden,RFC_cobrador,hora_pago,tipo_de_pago) VALUES (63,'QFWP268632GSM','01:30:50','Vales');
INSERT INTO Pagos (id_orden,RFC_cobrador,hora_pago,tipo_de_pago) VALUES (64,'WVUZ638487MLA','03:06:40','Tarjeta de credito');
INSERT INTO Pagos (id_orden,RFC_cobrador,hora_pago,tipo_de_pago) VALUES (65,'STTG363733EME','06:20:49','Vales');
INSERT INTO Pagos (id_orden,RFC_cobrador,hora_pago,tipo_de_pago) VALUES (66,'WQGD373143BOV','13:12:33',' Tarjeta de debito');
INSERT INTO Pagos (id_orden,RFC_cobrador,hora_pago,tipo_de_pago) VALUES (67,'OVFT298534HSS','04:27:57','Tarjeta de credito');
INSERT INTO Pagos (id_orden,RFC_cobrador,hora_pago,tipo_de_pago) VALUES (68,'KMIN410747XRY','09:08:07','Efectivo');
INSERT INTO Pagos (id_orden,RFC_cobrador,hora_pago,tipo_de_pago) VALUES (69,'YUIH080798MQK','23:03:31','Cheque');
INSERT INTO Pagos (id_orden,RFC_cobrador,hora_pago,tipo_de_pago) VALUES (70,'QRIX964348DIZ','12:57:04','Efectivo');
INSERT INTO Pagos (id_orden,RFC_cobrador,hora_pago,tipo_de_pago) VALUES (71,'QOCU557656ORJ','17:41:01','Cheque');
INSERT INTO Pagos (id_orden,RFC_cobrador,hora_pago,tipo_de_pago) VALUES (72,'IDFC566355EQX','11:55:43','Tarjeta de credito');
INSERT INTO Pagos (id_orden,RFC_cobrador,hora_pago,tipo_de_pago) VALUES (73,'ZBSO686174LAC','13:02:51','Efectivo');
INSERT INTO Pagos (id_orden,RFC_cobrador,hora_pago,tipo_de_pago) VALUES (74,'GVXX989194WLU','16:48:02','Efectivo');
INSERT INTO Pagos (id_orden,RFC_cobrador,hora_pago,tipo_de_pago) VALUES (75,'IELV210992RNI','08:00:11','Tarjeta de credito');
INSERT INTO Pagos (id_orden,RFC_cobrador,hora_pago,tipo_de_pago) VALUES (76,'HYLM030647ZKJ','09:57:04','Tarjeta de credito');
INSERT INTO Pagos (id_orden,RFC_cobrador,hora_pago,tipo_de_pago) VALUES (77,'WYPT214571JZN','17:12:28','Tarjeta de credito');
INSERT INTO Pagos (id_orden,RFC_cobrador,hora_pago,tipo_de_pago) VALUES (78,'DYUS581612EHX','22:49:55',' Tarjeta de debito');
INSERT INTO Pagos (id_orden,RFC_cobrador,hora_pago,tipo_de_pago) VALUES (79,'XYSP730393ARJ','20:48:35','Cheque');
INSERT INTO Pagos (id_orden,RFC_cobrador,hora_pago,tipo_de_pago) VALUES (80,'AHIT536978NNN','15:08:55','Tarjeta de credito');
INSERT INTO Pagos (id_orden,RFC_cobrador,hora_pago,tipo_de_pago) VALUES (81,'QBSU245669EKC','06:56:49','Vales');
INSERT INTO Pagos (id_orden,RFC_cobrador,hora_pago,tipo_de_pago) VALUES (82,'LSDS021279XFD','20:03:48',' Tarjeta de debito');
INSERT INTO Pagos (id_orden,RFC_cobrador,hora_pago,tipo_de_pago) VALUES (83,'HLEX116181WOX','19:20:21',' Tarjeta de debito');
INSERT INTO Pagos (id_orden,RFC_cobrador,hora_pago,tipo_de_pago) VALUES (84,'SHVD271758APJ','10:12:38',' Tarjeta de debito');
INSERT INTO Pagos (id_orden,RFC_cobrador,hora_pago,tipo_de_pago) VALUES (85,'TWTH792413NLV','22:01:57','Cheque');
INSERT INTO Pagos (id_orden,RFC_cobrador,hora_pago,tipo_de_pago) VALUES (86,'DNNR773978OLH','02:00:31','Tarjeta de credito');
INSERT INTO Pagos (id_orden,RFC_cobrador,hora_pago,tipo_de_pago) VALUES (87,'KOCL742633PPF','06:45:34','Vales');
INSERT INTO Pagos (id_orden,RFC_cobrador,hora_pago,tipo_de_pago) VALUES (88,'CQAM120729SDH','20:44:04','Vales');
INSERT INTO Pagos (id_orden,RFC_cobrador,hora_pago,tipo_de_pago) VALUES (89,'GPSP951114ZPC','14:55:18','Cheque');
INSERT INTO Pagos (id_orden,RFC_cobrador,hora_pago,tipo_de_pago) VALUES (90,'GLQE760752GQG','22:21:30',' Tarjeta de debito');
INSERT INTO Pagos (id_orden,RFC_cobrador,hora_pago,tipo_de_pago) VALUES (91,'QAGC052281NES','01:55:57',' Tarjeta de debito');
INSERT INTO Pagos (id_orden,RFC_cobrador,hora_pago,tipo_de_pago) VALUES (92,'SSKV394649GSI','10:29:38','Tarjeta de credito');
INSERT INTO Pagos (id_orden,RFC_cobrador,hora_pago,tipo_de_pago) VALUES (93,'UXEI731115TTE','07:02:04','Cheque');
INSERT INTO Pagos (id_orden,RFC_cobrador,hora_pago,tipo_de_pago) VALUES (94,'QMSI210677HQE','00:52:11','Vales');
INSERT INTO Pagos (id_orden,RFC_cobrador,hora_pago,tipo_de_pago) VALUES (95,'YNLB459925IBO','12:32:35','Tarjeta de credito');
INSERT INTO Pagos (id_orden,RFC_cobrador,hora_pago,tipo_de_pago) VALUES (96,'KPBQ346124SCA','10:11:06','Vales');
INSERT INTO Pagos (id_orden,RFC_cobrador,hora_pago,tipo_de_pago) VALUES (97,'REYJ324728FIK','15:28:57','Efectivo');
INSERT INTO Pagos (id_orden,RFC_cobrador,hora_pago,tipo_de_pago) VALUES (98,'IYEA930326GNG','23:47:53','Efectivo');
INSERT INTO Pagos (id_orden,RFC_cobrador,hora_pago,tipo_de_pago) VALUES (99,'RXUZ145255YPL','04:29:06',' Tarjeta de debito');
INSERT INTO Pagos (id_orden,RFC_cobrador,hora_pago,tipo_de_pago) VALUES (100,'WWCQ630836YXY','04:28:15',' Tarjeta de debito');
INSERT INTO Pagos (id_orden,RFC_cobrador,hora_pago,tipo_de_pago) VALUES (101,'GQPA468567KXA','02:12:49','Tarjeta de credito');
INSERT INTO Pagos (id_orden,RFC_cobrador,hora_pago,tipo_de_pago) VALUES (102,'WYVC286375IOA','09:35:26','Cheque');
INSERT INTO Pagos (id_orden,RFC_cobrador,hora_pago,tipo_de_pago) VALUES (103,'HQCZ098316ZRY','14:15:34','Efectivo');
INSERT INTO Pagos (id_orden,RFC_cobrador,hora_pago,tipo_de_pago) VALUES (104,'NQPI625836OYI','21:30:07','Cheque');
INSERT INTO Pagos (id_orden,RFC_cobrador,hora_pago,tipo_de_pago) VALUES (105,'LJAO729462HAM','14:26:46','Cheque');
INSERT INTO Pagos (id_orden,RFC_cobrador,hora_pago,tipo_de_pago) VALUES (106,'TENL825117PFF','20:13:42','Vales');
INSERT INTO Pagos (id_orden,RFC_cobrador,hora_pago,tipo_de_pago) VALUES (107,'KGJG043354UNM','10:17:25','Vales');
INSERT INTO Pagos (id_orden,RFC_cobrador,hora_pago,tipo_de_pago) VALUES (108,'BDZN073735JQL','08:16:09','Vales');
INSERT INTO Pagos (id_orden,RFC_cobrador,hora_pago,tipo_de_pago) VALUES (109,'LVXX980134OPU','12:34:41','Cheque');
INSERT INTO Pagos (id_orden,RFC_cobrador,hora_pago,tipo_de_pago) VALUES (110,'ZLKL879845RAK','17:47:30','Cheque');
INSERT INTO Pagos (id_orden,RFC_cobrador,hora_pago,tipo_de_pago) VALUES (111,'RQZQ469794BXU','22:15:09','Tarjeta de credito');
INSERT INTO Pagos (id_orden,RFC_cobrador,hora_pago,tipo_de_pago) VALUES (112,'YYRK691724OKK','11:11:06',' Tarjeta de debito');
INSERT INTO Pagos (id_orden,RFC_cobrador,hora_pago,tipo_de_pago) VALUES (113,'EBZP762395TVW','05:17:56',' Tarjeta de debito');
INSERT INTO Pagos (id_orden,RFC_cobrador,hora_pago,tipo_de_pago) VALUES (114,'BXJV915442MNK','18:01:38','Tarjeta de credito');
INSERT INTO Pagos (id_orden,RFC_cobrador,hora_pago,tipo_de_pago) VALUES (115,'FRAD673142MMO','09:26:54','Cheque');
INSERT INTO Pagos (id_orden,RFC_cobrador,hora_pago,tipo_de_pago) VALUES (116,'UGIO082995TYC','14:24:51','Cheque');
INSERT INTO Pagos (id_orden,RFC_cobrador,hora_pago,tipo_de_pago) VALUES (117,'FGDJ966191PVQ','21:18:53','Tarjeta de credito');
INSERT INTO Pagos (id_orden,RFC_cobrador,hora_pago,tipo_de_pago) VALUES (118,'XRJV133948FFQ','00:03:06',' Tarjeta de debito');
INSERT INTO Pagos (id_orden,RFC_cobrador,hora_pago,tipo_de_pago) VALUES (119,'BKHH927948MIX','13:40:50','Vales');
INSERT INTO Pagos (id_orden,RFC_cobrador,hora_pago,tipo_de_pago) VALUES (120,'VQSZ886169SIZ','21:05:09','Cheque');
INSERT INTO Pagos (id_orden,RFC_cobrador,hora_pago,tipo_de_pago) VALUES (121,'IUBY438331BCR','21:51:01','Cheque');
INSERT INTO Pagos (id_orden,RFC_cobrador,hora_pago,tipo_de_pago) VALUES (122,'YJRD743949GXU','10:39:05','Tarjeta de credito');
INSERT INTO Pagos (id_orden,RFC_cobrador,hora_pago,tipo_de_pago) VALUES (123,'IIJS283543TXO','10:17:22','Tarjeta de credito');
INSERT INTO Pagos (id_orden,RFC_cobrador,hora_pago,tipo_de_pago) VALUES (124,'PNOJ950252BTD','07:45:24',' Tarjeta de debito');
INSERT INTO Pagos (id_orden,RFC_cobrador,hora_pago,tipo_de_pago) VALUES (125,'BGOM325215NIO','14:58:52','Tarjeta de credito');
INSERT INTO Pagos (id_orden,RFC_cobrador,hora_pago,tipo_de_pago) VALUES (126,'VJTQ536946ZDC','12:45:41','Vales');
INSERT INTO Pagos (id_orden,RFC_cobrador,hora_pago,tipo_de_pago) VALUES (127,'EOEV167771ZND','16:20:40','Tarjeta de credito');
INSERT INTO Pagos (id_orden,RFC_cobrador,hora_pago,tipo_de_pago) VALUES (128,'WTXW847175YGB','07:55:04','Cheque');
INSERT INTO Pagos (id_orden,RFC_cobrador,hora_pago,tipo_de_pago) VALUES (129,'NUZU566569ITR','12:46:33','Vales');
INSERT INTO Pagos (id_orden,RFC_cobrador,hora_pago,tipo_de_pago) VALUES (130,'GHGJ391673KDC','17:54:06','Efectivo');
INSERT INTO Pagos (id_orden,RFC_cobrador,hora_pago,tipo_de_pago) VALUES (131,'ZCCS578278CWP','11:33:40','Cheque');
INSERT INTO Pagos (id_orden,RFC_cobrador,hora_pago,tipo_de_pago) VALUES (132,'CXIZ973513VEU','13:52:01','Cheque');
INSERT INTO Pagos (id_orden,RFC_cobrador,hora_pago,tipo_de_pago) VALUES (133,'ZMYK193164IPM','21:37:25',' Tarjeta de debito');
INSERT INTO Pagos (id_orden,RFC_cobrador,hora_pago,tipo_de_pago) VALUES (134,'MMMR973929WVG','12:07:32','Cheque');
INSERT INTO Pagos (id_orden,RFC_cobrador,hora_pago,tipo_de_pago) VALUES (135,'GVCD420633DRH','00:17:35','Cheque');
INSERT INTO Pagos (id_orden,RFC_cobrador,hora_pago,tipo_de_pago) VALUES (136,'NTEJ329366ZYB','09:47:01','Tarjeta de credito');
INSERT INTO Pagos (id_orden,RFC_cobrador,hora_pago,tipo_de_pago) VALUES (137,'PSQT614797WHG','16:45:38','Vales');
INSERT INTO Pagos (id_orden,RFC_cobrador,hora_pago,tipo_de_pago) VALUES (138,'JJGE967225BTL','03:48:35',' Tarjeta de debito');
INSERT INTO Pagos (id_orden,RFC_cobrador,hora_pago,tipo_de_pago) VALUES (139,'YLBD020396XBF','16:13:05','Vales');
INSERT INTO Pagos (id_orden,RFC_cobrador,hora_pago,tipo_de_pago) VALUES (140,'WVUA769661MQH','04:15:51','Vales');
INSERT INTO Pagos (id_orden,RFC_cobrador,hora_pago,tipo_de_pago) VALUES (141,'NLNA219989FDL','23:47:56',' Tarjeta de debito');
INSERT INTO Pagos (id_orden,RFC_cobrador,hora_pago,tipo_de_pago) VALUES (142,'HUSN667242HMY','15:53:57','Efectivo');
INSERT INTO Pagos (id_orden,RFC_cobrador,hora_pago,tipo_de_pago) VALUES (143,'YVDX072371YMO','19:29:01',' Tarjeta de debito');
INSERT INTO Pagos (id_orden,RFC_cobrador,hora_pago,tipo_de_pago) VALUES (144,'OIFE569266SGQ','21:35:58','Vales');
INSERT INTO Pagos (id_orden,RFC_cobrador,hora_pago,tipo_de_pago) VALUES (145,'PVCR651915JHT','18:37:00',' Tarjeta de debito');
INSERT INTO Pagos (id_orden,RFC_cobrador,hora_pago,tipo_de_pago) VALUES (146,'JMOB122725CAH','14:23:52','Efectivo');
INSERT INTO Pagos (id_orden,RFC_cobrador,hora_pago,tipo_de_pago) VALUES (147,'SFUM429991ENR','14:19:55','Cheque');
INSERT INTO Pagos (id_orden,RFC_cobrador,hora_pago,tipo_de_pago) VALUES (148,'OKNH862859JWZ','03:13:57','Efectivo');
INSERT INTO Pagos (id_orden,RFC_cobrador,hora_pago,tipo_de_pago) VALUES (149,'ERJG356742DJU','19:16:27','Efectivo');
INSERT INTO Pagos (id_orden,RFC_cobrador,hora_pago,tipo_de_pago) VALUES (150,'ULBI260467VEK','00:45:12','Cheque');
INSERT INTO Pagos (id_orden,RFC_cobrador,hora_pago,tipo_de_pago) VALUES (151,'JIKN688858SKF','09:55:55',' Tarjeta de debito');
INSERT INTO Pagos (id_orden,RFC_cobrador,hora_pago,tipo_de_pago) VALUES (152,'REXX216653YZE','16:00:17','Tarjeta de credito');
INSERT INTO Pagos (id_orden,RFC_cobrador,hora_pago,tipo_de_pago) VALUES (153,'BNBU168161DDD','09:46:15','Efectivo');
INSERT INTO Pagos (id_orden,RFC_cobrador,hora_pago,tipo_de_pago) VALUES (154,'AIYS454938YDY','08:36:54','Efectivo');
INSERT INTO Pagos (id_orden,RFC_cobrador,hora_pago,tipo_de_pago) VALUES (155,'SQUT824875AZW','11:45:27','Efectivo');
INSERT INTO Pagos (id_orden,RFC_cobrador,hora_pago,tipo_de_pago) VALUES (156,'GEAG110589SXE','18:29:58','Tarjeta de credito');
INSERT INTO Pagos (id_orden,RFC_cobrador,hora_pago,tipo_de_pago) VALUES (157,'PKBE929253GWC','23:47:35','Vales');
INSERT INTO Pagos (id_orden,RFC_cobrador,hora_pago,tipo_de_pago) VALUES (158,'HZMI535543SDW','06:38:07','Tarjeta de credito');
INSERT INTO Pagos (id_orden,RFC_cobrador,hora_pago,tipo_de_pago) VALUES (159,'FCTC655267ZMN','06:38:43','Tarjeta de credito');
INSERT INTO Pagos (id_orden,RFC_cobrador,hora_pago,tipo_de_pago) VALUES (160,'ZMJK334326EVQ','19:31:14','Tarjeta de credito');
INSERT INTO Pagos (id_orden,RFC_cobrador,hora_pago,tipo_de_pago) VALUES (161,'MKGU358495ULY','00:59:10','Tarjeta de credito');
INSERT INTO Pagos (id_orden,RFC_cobrador,hora_pago,tipo_de_pago) VALUES (162,'EIXE767366XIT','21:16:06','Efectivo');
INSERT INTO Pagos (id_orden,RFC_cobrador,hora_pago,tipo_de_pago) VALUES (163,'DYTE167676SFH','17:55:15','Vales');
INSERT INTO Pagos (id_orden,RFC_cobrador,hora_pago,tipo_de_pago) VALUES (164,'IOPI227162UVD','02:11:43',' Tarjeta de debito');
INSERT INTO Pagos (id_orden,RFC_cobrador,hora_pago,tipo_de_pago) VALUES (165,'YRDZ966473MOA','05:12:44',' Tarjeta de debito');
INSERT INTO Pagos (id_orden,RFC_cobrador,hora_pago,tipo_de_pago) VALUES (166,'VRWA637374NRX','21:12:50','Cheque');
INSERT INTO Pagos (id_orden,RFC_cobrador,hora_pago,tipo_de_pago) VALUES (167,'MXEX587841YZN','13:41:54','Cheque');
INSERT INTO Pagos (id_orden,RFC_cobrador,hora_pago,tipo_de_pago) VALUES (168,'RYHF243197YKN','10:50:25','Cheque');
INSERT INTO Pagos (id_orden,RFC_cobrador,hora_pago,tipo_de_pago) VALUES (169,'KQBZ955354TCN','16:42:11','Cheque');
INSERT INTO Pagos (id_orden,RFC_cobrador,hora_pago,tipo_de_pago) VALUES (170,'MPAO573674HCS','16:12:41',' Tarjeta de debito');
INSERT INTO Pagos (id_orden,RFC_cobrador,hora_pago,tipo_de_pago) VALUES (171,'VZBB526587RCY','19:46:40','Cheque');
INSERT INTO Pagos (id_orden,RFC_cobrador,hora_pago,tipo_de_pago) VALUES (172,'MALK173962AAZ','13:49:43','Vales');
INSERT INTO Pagos (id_orden,RFC_cobrador,hora_pago,tipo_de_pago) VALUES (173,'QICJ613191WFN','16:48:25','Tarjeta de credito');
INSERT INTO Pagos (id_orden,RFC_cobrador,hora_pago,tipo_de_pago) VALUES (174,'OXBR137683AGH','23:28:04','Efectivo');
INSERT INTO Pagos (id_orden,RFC_cobrador,hora_pago,tipo_de_pago) VALUES (175,'SASD185179KEN','23:04:58','Tarjeta de credito');
INSERT INTO Pagos (id_orden,RFC_cobrador,hora_pago,tipo_de_pago) VALUES (176,'QMWT461242LRL','03:33:27','Tarjeta de credito');
INSERT INTO Pagos (id_orden,RFC_cobrador,hora_pago,tipo_de_pago) VALUES (177,'WSHV169461AKN','19:09:08','Cheque');
INSERT INTO Pagos (id_orden,RFC_cobrador,hora_pago,tipo_de_pago) VALUES (178,'RFWF055438AAG','01:56:54','Tarjeta de credito');
INSERT INTO Pagos (id_orden,RFC_cobrador,hora_pago,tipo_de_pago) VALUES (179,'KKOI212499XWL','11:54:00','Tarjeta de credito');
INSERT INTO Pagos (id_orden,RFC_cobrador,hora_pago,tipo_de_pago) VALUES (180,'ZGKV943611RHB','22:07:25',' Tarjeta de debito');
INSERT INTO Pagos (id_orden,RFC_cobrador,hora_pago,tipo_de_pago) VALUES (181,'QETC818656HJW','22:36:32','Cheque');
INSERT INTO Pagos (id_orden,RFC_cobrador,hora_pago,tipo_de_pago) VALUES (182,'DHUJ638298UQW','22:54:50','Tarjeta de credito');
INSERT INTO Pagos (id_orden,RFC_cobrador,hora_pago,tipo_de_pago) VALUES (183,'DJYR283136RHC','00:48:56','Tarjeta de credito');
INSERT INTO Pagos (id_orden,RFC_cobrador,hora_pago,tipo_de_pago) VALUES (184,'VNKH570643EEA','08:20:21','Tarjeta de credito');
INSERT INTO Pagos (id_orden,RFC_cobrador,hora_pago,tipo_de_pago) VALUES (185,'LXYG218684ZSU','21:20:44','Efectivo');
INSERT INTO Pagos (id_orden,RFC_cobrador,hora_pago,tipo_de_pago) VALUES (186,'QDQU527293KXL','19:35:37','Tarjeta de credito');
INSERT INTO Pagos (id_orden,RFC_cobrador,hora_pago,tipo_de_pago) VALUES (187,'XTIL078523OTE','12:44:07','Cheque');
INSERT INTO Pagos (id_orden,RFC_cobrador,hora_pago,tipo_de_pago) VALUES (188,'ZHXA193287TTA','04:27:43','Cheque');
INSERT INTO Pagos (id_orden,RFC_cobrador,hora_pago,tipo_de_pago) VALUES (189,'QRJM249879QTX','22:46:01','Cheque');
INSERT INTO Pagos (id_orden,RFC_cobrador,hora_pago,tipo_de_pago) VALUES (190,'DMZX766974BYC','20:19:37','Efectivo');
INSERT INTO Pagos (id_orden,RFC_cobrador,hora_pago,tipo_de_pago) VALUES (191,'LHEU625114SZC','18:54:37','Vales');
INSERT INTO Pagos (id_orden,RFC_cobrador,hora_pago,tipo_de_pago) VALUES (192,'LEEN549824UDA','08:20:39','Vales');
INSERT INTO Pagos (id_orden,RFC_cobrador,hora_pago,tipo_de_pago) VALUES (193,'BQMV017895VNK','21:06:45',' Tarjeta de debito');
INSERT INTO Pagos (id_orden,RFC_cobrador,hora_pago,tipo_de_pago) VALUES (194,'HWFC133912CSG','12:27:56',' Tarjeta de debito');
INSERT INTO Pagos (id_orden,RFC_cobrador,hora_pago,tipo_de_pago) VALUES (195,'KVKF511251TFT','19:50:16','Vales');
INSERT INTO Pagos (id_orden,RFC_cobrador,hora_pago,tipo_de_pago) VALUES (196,'YROS249396YLG','08:15:31','Efectivo');
INSERT INTO Pagos (id_orden,RFC_cobrador,hora_pago,tipo_de_pago) VALUES (197,'LSYC312846AHG','01:19:50','Vales');
INSERT INTO Pagos (id_orden,RFC_cobrador,hora_pago,tipo_de_pago) VALUES (198,'GAMR658369QFQ','17:40:30','Vales');
INSERT INTO Pagos (id_orden,RFC_cobrador,hora_pago,tipo_de_pago) VALUES (199,'DHBW980322XEE','20:13:40','Vales');
INSERT INTO Pagos (id_orden,RFC_cobrador,hora_pago,tipo_de_pago) VALUES (200,'OOJA137285VPG','22:06:05','Efectivo');

INSERT INTO En_Sucursal (id_orden,RFC_atendio,mesa) VALUES (1,'JIKN688858SKF',5);
INSERT INTO En_Sucursal (id_orden,RFC_atendio,mesa) VALUES (2,'REXX216653YZE',0);
INSERT INTO En_Sucursal (id_orden,RFC_atendio,mesa) VALUES (3,'BNBU168161DDD',5);
INSERT INTO En_Sucursal (id_orden,RFC_atendio,mesa) VALUES (4,'AIYS454938YDY',3);
INSERT INTO En_Sucursal (id_orden,RFC_atendio,mesa) VALUES (5,'SQUT824875AZW',3);
INSERT INTO En_Sucursal (id_orden,RFC_atendio,mesa) VALUES (6,'GEAG110589SXE',7);
INSERT INTO En_Sucursal (id_orden,RFC_atendio,mesa) VALUES (7,'PKBE929253GWC',3);
INSERT INTO En_Sucursal (id_orden,RFC_atendio,mesa) VALUES (8,'HZMI535543SDW',1);
INSERT INTO En_Sucursal (id_orden,RFC_atendio,mesa) VALUES (9,'FCTC655267ZMN',6);
INSERT INTO En_Sucursal (id_orden,RFC_atendio,mesa) VALUES (10,'ZMJK334326EVQ',2);
INSERT INTO En_Sucursal (id_orden,RFC_atendio,mesa) VALUES (11,'MKGU358495ULY',2);
INSERT INTO En_Sucursal (id_orden,RFC_atendio,mesa) VALUES (12,'EIXE767366XIT',6);
INSERT INTO En_Sucursal (id_orden,RFC_atendio,mesa) VALUES (13,'DYTE167676SFH',5);
INSERT INTO En_Sucursal (id_orden,RFC_atendio,mesa) VALUES (14,'IOPI227162UVD',6);
INSERT INTO En_Sucursal (id_orden,RFC_atendio,mesa) VALUES (15,'YRDZ966473MOA',1);
INSERT INTO En_Sucursal (id_orden,RFC_atendio,mesa) VALUES (16,'VRWA637374NRX',5);
INSERT INTO En_Sucursal (id_orden,RFC_atendio,mesa) VALUES (17,'MXEX587841YZN',10);
INSERT INTO En_Sucursal (id_orden,RFC_atendio,mesa) VALUES (18,'RYHF243197YKN',10);
INSERT INTO En_Sucursal (id_orden,RFC_atendio,mesa) VALUES (19,'KQBZ955354TCN',6);
INSERT INTO En_Sucursal (id_orden,RFC_atendio,mesa) VALUES (20,'MPAO573674HCS',4);
INSERT INTO En_Sucursal (id_orden,RFC_atendio,mesa) VALUES (21,'VZBB526587RCY',1);
INSERT INTO En_Sucursal (id_orden,RFC_atendio,mesa) VALUES (22,'MALK173962AAZ',1);
INSERT INTO En_Sucursal (id_orden,RFC_atendio,mesa) VALUES (23,'QICJ613191WFN',2);
INSERT INTO En_Sucursal (id_orden,RFC_atendio,mesa) VALUES (24,'OXBR137683AGH',6);
INSERT INTO En_Sucursal (id_orden,RFC_atendio,mesa) VALUES (25,'SASD185179KEN',0);
INSERT INTO En_Sucursal (id_orden,RFC_atendio,mesa) VALUES (26,'QMWT461242LRL',1);
INSERT INTO En_Sucursal (id_orden,RFC_atendio,mesa) VALUES (27,'WSHV169461AKN',9);
INSERT INTO En_Sucursal (id_orden,RFC_atendio,mesa) VALUES (28,'RFWF055438AAG',8);
INSERT INTO En_Sucursal (id_orden,RFC_atendio,mesa) VALUES (29,'KKOI212499XWL',8);
INSERT INTO En_Sucursal (id_orden,RFC_atendio,mesa) VALUES (30,'ZGKV943611RHB',5);
INSERT INTO En_Sucursal (id_orden,RFC_atendio,mesa) VALUES (31,'QETC818656HJW',9);
INSERT INTO En_Sucursal (id_orden,RFC_atendio,mesa) VALUES (32,'DHUJ638298UQW',2);
INSERT INTO En_Sucursal (id_orden,RFC_atendio,mesa) VALUES (33,'DJYR283136RHC',9);
INSERT INTO En_Sucursal (id_orden,RFC_atendio,mesa) VALUES (34,'VNKH570643EEA',0);
INSERT INTO En_Sucursal (id_orden,RFC_atendio,mesa) VALUES (35,'LXYG218684ZSU',7);
INSERT INTO En_Sucursal (id_orden,RFC_atendio,mesa) VALUES (36,'QDQU527293KXL',2);
INSERT INTO En_Sucursal (id_orden,RFC_atendio,mesa) VALUES (37,'XTIL078523OTE',4);
INSERT INTO En_Sucursal (id_orden,RFC_atendio,mesa) VALUES (38,'ZHXA193287TTA',6);
INSERT INTO En_Sucursal (id_orden,RFC_atendio,mesa) VALUES (39,'QRJM249879QTX',5);
INSERT INTO En_Sucursal (id_orden,RFC_atendio,mesa) VALUES (40,'DMZX766974BYC',1);
INSERT INTO En_Sucursal (id_orden,RFC_atendio,mesa) VALUES (41,'LHEU625114SZC',3);
INSERT INTO En_Sucursal (id_orden,RFC_atendio,mesa) VALUES (42,'LEEN549824UDA',0);
INSERT INTO En_Sucursal (id_orden,RFC_atendio,mesa) VALUES (43,'BQMV017895VNK',8);
INSERT INTO En_Sucursal (id_orden,RFC_atendio,mesa) VALUES (44,'HWFC133912CSG',7);
INSERT INTO En_Sucursal (id_orden,RFC_atendio,mesa) VALUES (45,'KVKF511251TFT',3);
INSERT INTO En_Sucursal (id_orden,RFC_atendio,mesa) VALUES (46,'YROS249396YLG',5);
INSERT INTO En_Sucursal (id_orden,RFC_atendio,mesa) VALUES (47,'LSYC312846AHG',9);
INSERT INTO En_Sucursal (id_orden,RFC_atendio,mesa) VALUES (48,'GAMR658369QFQ',5);
INSERT INTO En_Sucursal (id_orden,RFC_atendio,mesa) VALUES (49,'DHBW980322XEE',1);
INSERT INTO En_Sucursal (id_orden,RFC_atendio,mesa) VALUES (50,'OOJA137285VPG',4);
INSERT INTO En_Sucursal (id_orden,RFC_atendio,mesa) VALUES (51,'STWY822866BJY',0);
INSERT INTO En_Sucursal (id_orden,RFC_atendio,mesa) VALUES (52,'PBMY185848LVU',4);
INSERT INTO En_Sucursal (id_orden,RFC_atendio,mesa) VALUES (53,'LJZT744648YNW',6);
INSERT INTO En_Sucursal (id_orden,RFC_atendio,mesa) VALUES (54,'TIIL295332FKS',4);
INSERT INTO En_Sucursal (id_orden,RFC_atendio,mesa) VALUES (55,'JTAL612751GVR',7);
INSERT INTO En_Sucursal (id_orden,RFC_atendio,mesa) VALUES (56,'LAOG460926XPJ',1);
INSERT INTO En_Sucursal (id_orden,RFC_atendio,mesa) VALUES (57,'UBRW398663RMY',4);
INSERT INTO En_Sucursal (id_orden,RFC_atendio,mesa) VALUES (58,'SSXX581811EJJ',4);
INSERT INTO En_Sucursal (id_orden,RFC_atendio,mesa) VALUES (59,'ZZWW626373DTO',3);
INSERT INTO En_Sucursal (id_orden,RFC_atendio,mesa) VALUES (60,'UDJH830641NEX',1);
INSERT INTO En_Sucursal (id_orden,RFC_atendio,mesa) VALUES (61,'XFUE294721ZRY',7);
INSERT INTO En_Sucursal (id_orden,RFC_atendio,mesa) VALUES (62,'WRNO222896GDV',3);
INSERT INTO En_Sucursal (id_orden,RFC_atendio,mesa) VALUES (63,'QFWP268632GSM',0);
INSERT INTO En_Sucursal (id_orden,RFC_atendio,mesa) VALUES (64,'WVUZ638487MLA',9);
INSERT INTO En_Sucursal (id_orden,RFC_atendio,mesa) VALUES (65,'STTG363733EME',3);
INSERT INTO En_Sucursal (id_orden,RFC_atendio,mesa) VALUES (66,'WQGD373143BOV',9);
INSERT INTO En_Sucursal (id_orden,RFC_atendio,mesa) VALUES (67,'OVFT298534HSS',4);
INSERT INTO En_Sucursal (id_orden,RFC_atendio,mesa) VALUES (68,'KMIN410747XRY',8);
INSERT INTO En_Sucursal (id_orden,RFC_atendio,mesa) VALUES (69,'YUIH080798MQK',10);
INSERT INTO En_Sucursal (id_orden,RFC_atendio,mesa) VALUES (70,'QRIX964348DIZ',4);
INSERT INTO En_Sucursal (id_orden,RFC_atendio,mesa) VALUES (71,'QOCU557656ORJ',3);
INSERT INTO En_Sucursal (id_orden,RFC_atendio,mesa) VALUES (72,'IDFC566355EQX',8);
INSERT INTO En_Sucursal (id_orden,RFC_atendio,mesa) VALUES (73,'ZBSO686174LAC',1);
INSERT INTO En_Sucursal (id_orden,RFC_atendio,mesa) VALUES (74,'GVXX989194WLU',4);
INSERT INTO En_Sucursal (id_orden,RFC_atendio,mesa) VALUES (75,'IELV210992RNI',0);
INSERT INTO En_Sucursal (id_orden,RFC_atendio,mesa) VALUES (76,'HYLM030647ZKJ',0);
INSERT INTO En_Sucursal (id_orden,RFC_atendio,mesa) VALUES (77,'WYPT214571JZN',8);
INSERT INTO En_Sucursal (id_orden,RFC_atendio,mesa) VALUES (78,'DYUS581612EHX',9);
INSERT INTO En_Sucursal (id_orden,RFC_atendio,mesa) VALUES (79,'XYSP730393ARJ',3);
INSERT INTO En_Sucursal (id_orden,RFC_atendio,mesa) VALUES (80,'AHIT536978NNN',8);
INSERT INTO En_Sucursal (id_orden,RFC_atendio,mesa) VALUES (81,'QBSU245669EKC',7);
INSERT INTO En_Sucursal (id_orden,RFC_atendio,mesa) VALUES (82,'LSDS021279XFD',1);
INSERT INTO En_Sucursal (id_orden,RFC_atendio,mesa) VALUES (83,'HLEX116181WOX',2);
INSERT INTO En_Sucursal (id_orden,RFC_atendio,mesa) VALUES (84,'SHVD271758APJ',0);
INSERT INTO En_Sucursal (id_orden,RFC_atendio,mesa) VALUES (85,'TWTH792413NLV',3);
INSERT INTO En_Sucursal (id_orden,RFC_atendio,mesa) VALUES (86,'DNNR773978OLH',9);
INSERT INTO En_Sucursal (id_orden,RFC_atendio,mesa) VALUES (87,'KOCL742633PPF',10);
INSERT INTO En_Sucursal (id_orden,RFC_atendio,mesa) VALUES (88,'CQAM120729SDH',9);
INSERT INTO En_Sucursal (id_orden,RFC_atendio,mesa) VALUES (89,'GPSP951114ZPC',7);
INSERT INTO En_Sucursal (id_orden,RFC_atendio,mesa) VALUES (90,'GLQE760752GQG',10);
INSERT INTO En_Sucursal (id_orden,RFC_atendio,mesa) VALUES (91,'QAGC052281NES',0);
INSERT INTO En_Sucursal (id_orden,RFC_atendio,mesa) VALUES (92,'SSKV394649GSI',3);
INSERT INTO En_Sucursal (id_orden,RFC_atendio,mesa) VALUES (93,'UXEI731115TTE',2);
INSERT INTO En_Sucursal (id_orden,RFC_atendio,mesa) VALUES (94,'QMSI210677HQE',0);
INSERT INTO En_Sucursal (id_orden,RFC_atendio,mesa) VALUES (95,'YNLB459925IBO',6);
INSERT INTO En_Sucursal (id_orden,RFC_atendio,mesa) VALUES (96,'KPBQ346124SCA',5);
INSERT INTO En_Sucursal (id_orden,RFC_atendio,mesa) VALUES (97,'REYJ324728FIK',5);
INSERT INTO En_Sucursal (id_orden,RFC_atendio,mesa) VALUES (98,'IYEA930326GNG',0);
INSERT INTO En_Sucursal (id_orden,RFC_atendio,mesa) VALUES (99,'RXUZ145255YPL',8);
INSERT INTO En_Sucursal (id_orden,RFC_atendio,mesa) VALUES (100,'WWCQ630836YXY',5);

INSERT INTO Reparto (id_orden,RFC_Repartidor,hora_salida,entregado) VALUES (1,'BNBU168161DDD',TO_TIMESTAMP('10-SEP-02 08:47:00 123000','DD-Mon-RR HH24:MI:SS FF'),0);
INSERT INTO Reparto (id_orden,RFC_Repartidor,hora_salida,entregado) VALUES (2,'PKBE929253GWC',TO_TIMESTAMP('10-SEP-02 11:37:00 123000','DD-Mon-RR HH24:MI:SS FF'),0);
INSERT INTO Reparto (id_orden,RFC_Repartidor,hora_salida,entregado) VALUES (3,'FCTC655267ZMN',TO_TIMESTAMP('10-SEP-02 18:24:00 123000','DD-Mon-RR HH24:MI:SS FF'),1);
INSERT INTO Reparto (id_orden,RFC_Repartidor,hora_salida,entregado) VALUES (4,'VRWA637374NRX',TO_TIMESTAMP('10-SEP-02 00:11:00 123000','DD-Mon-RR HH24:MI:SS FF'),0);
INSERT INTO Reparto (id_orden,RFC_Repartidor,hora_salida,entregado) VALUES (5,'MPAO573674HCS',TO_TIMESTAMP('10-SEP-02 00:40:00 123000','DD-Mon-RR HH24:MI:SS FF'),0);
INSERT INTO Reparto (id_orden,RFC_Repartidor,hora_salida,entregado) VALUES (6,'RFWF055438AAG',TO_TIMESTAMP('10-SEP-02 03:15:00 123000','DD-Mon-RR HH24:MI:SS FF'),1);
INSERT INTO Reparto (id_orden,RFC_Repartidor,hora_salida,entregado) VALUES (7,'QETC818656HJW',TO_TIMESTAMP('10-SEP-02 10:50:00 123000','DD-Mon-RR HH24:MI:SS FF'),1);
INSERT INTO Reparto (id_orden,RFC_Repartidor,hora_salida,entregado) VALUES (8,'LXYG218684ZSU',TO_TIMESTAMP('10-SEP-02 19:24:00 123000','DD-Mon-RR HH24:MI:SS FF'),1);
INSERT INTO Reparto (id_orden,RFC_Repartidor,hora_salida,entregado) VALUES (9,'LEEN549824UDA',TO_TIMESTAMP('10-SEP-02 03:59:00 123000','DD-Mon-RR HH24:MI:SS FF'),0);
INSERT INTO Reparto (id_orden,RFC_Repartidor,hora_salida,entregado) VALUES (10,'BQMV017895VNK',TO_TIMESTAMP('10-SEP-02 16:39:00 123000','DD-Mon-RR HH24:MI:SS FF'),1);
INSERT INTO Reparto (id_orden,RFC_Repartidor,hora_salida,entregado) VALUES (11,'KVKF511251TFT',TO_TIMESTAMP('10-SEP-02 05:16:00 123000','DD-Mon-RR HH24:MI:SS FF'),0);
INSERT INTO Reparto (id_orden,RFC_Repartidor,hora_salida,entregado) VALUES (12,'GAMR658369QFQ',TO_TIMESTAMP('10-SEP-02 01:03:00 123000','DD-Mon-RR HH24:MI:SS FF'),0);
INSERT INTO Reparto (id_orden,RFC_Repartidor,hora_salida,entregado) VALUES (13,'JTAL612751GVR',TO_TIMESTAMP('10-SEP-02 22:54:00 123000','DD-Mon-RR HH24:MI:SS FF'),0);
INSERT INTO Reparto (id_orden,RFC_Repartidor,hora_salida,entregado) VALUES (14,'LAOG460926XPJ',TO_TIMESTAMP('10-SEP-02 17:52:00 123000','DD-Mon-RR HH24:MI:SS FF'),0);
INSERT INTO Reparto (id_orden,RFC_Repartidor,hora_salida,entregado) VALUES (15,'STTG363733EME',TO_TIMESTAMP('10-SEP-02 08:36:00 123000','DD-Mon-RR HH24:MI:SS FF'),0);
INSERT INTO Reparto (id_orden,RFC_Repartidor,hora_salida,entregado) VALUES (16,'GVXX989194WLU',TO_TIMESTAMP('10-SEP-02 18:45:00 123000','DD-Mon-RR HH24:MI:SS FF'),0);
INSERT INTO Reparto (id_orden,RFC_Repartidor,hora_salida,entregado) VALUES (17,'DYUS581612EHX',TO_TIMESTAMP('10-SEP-02 19:11:00 123000','DD-Mon-RR HH24:MI:SS FF'),1);
INSERT INTO Reparto (id_orden,RFC_Repartidor,hora_salida,entregado) VALUES (18,'CQAM120729SDH',TO_TIMESTAMP('10-SEP-02 14:37:00 123000','DD-Mon-RR HH24:MI:SS FF'),1);
INSERT INTO Reparto (id_orden,RFC_Repartidor,hora_salida,entregado) VALUES (19,'UXEI731115TTE',TO_TIMESTAMP('10-SEP-02 23:20:00 123000','DD-Mon-RR HH24:MI:SS FF'),1);
INSERT INTO Reparto (id_orden,RFC_Repartidor,hora_salida,entregado) VALUES (20,'BNBU168161DDD',TO_TIMESTAMP('10-SEP-02 01:35:00 123000','DD-Mon-RR HH24:MI:SS FF'),1);
INSERT INTO Reparto (id_orden,RFC_Repartidor,hora_salida,entregado) VALUES (21,'PKBE929253GWC',TO_TIMESTAMP('10-SEP-02 12:08:00 123000','DD-Mon-RR HH24:MI:SS FF'),1);
INSERT INTO Reparto (id_orden,RFC_Repartidor,hora_salida,entregado) VALUES (22,'FCTC655267ZMN',TO_TIMESTAMP('10-SEP-02 10:58:00 123000','DD-Mon-RR HH24:MI:SS FF'),1);
INSERT INTO Reparto (id_orden,RFC_Repartidor,hora_salida,entregado) VALUES (23,'VRWA637374NRX',TO_TIMESTAMP('10-SEP-02 05:45:00 123000','DD-Mon-RR HH24:MI:SS FF'),0);
INSERT INTO Reparto (id_orden,RFC_Repartidor,hora_salida,entregado) VALUES (24,'MPAO573674HCS',TO_TIMESTAMP('10-SEP-02 01:20:00 123000','DD-Mon-RR HH24:MI:SS FF'),0);
INSERT INTO Reparto (id_orden,RFC_Repartidor,hora_salida,entregado) VALUES (25,'RFWF055438AAG',TO_TIMESTAMP('10-SEP-02 15:14:00 123000','DD-Mon-RR HH24:MI:SS FF'),0);
INSERT INTO Reparto (id_orden,RFC_Repartidor,hora_salida,entregado) VALUES (26,'QETC818656HJW',TO_TIMESTAMP('10-SEP-02 02:59:00 123000','DD-Mon-RR HH24:MI:SS FF'),0);
INSERT INTO Reparto (id_orden,RFC_Repartidor,hora_salida,entregado) VALUES (27,'LXYG218684ZSU',TO_TIMESTAMP('10-SEP-02 19:44:00 123000','DD-Mon-RR HH24:MI:SS FF'),1);
INSERT INTO Reparto (id_orden,RFC_Repartidor,hora_salida,entregado) VALUES (28,'LEEN549824UDA',TO_TIMESTAMP('10-SEP-02 08:53:00 123000','DD-Mon-RR HH24:MI:SS FF'),1);
INSERT INTO Reparto (id_orden,RFC_Repartidor,hora_salida,entregado) VALUES (29,'BQMV017895VNK',TO_TIMESTAMP('10-SEP-02 03:35:00 123000','DD-Mon-RR HH24:MI:SS FF'),1);
INSERT INTO Reparto (id_orden,RFC_Repartidor,hora_salida,entregado) VALUES (30,'KVKF511251TFT',TO_TIMESTAMP('10-SEP-02 20:40:00 123000','DD-Mon-RR HH24:MI:SS FF'),1);
INSERT INTO Reparto (id_orden,RFC_Repartidor,hora_salida,entregado) VALUES (31,'GAMR658369QFQ',TO_TIMESTAMP('10-SEP-02 19:17:00 123000','DD-Mon-RR HH24:MI:SS FF'),0);
INSERT INTO Reparto (id_orden,RFC_Repartidor,hora_salida,entregado) VALUES (32,'JTAL612751GVR',TO_TIMESTAMP('10-SEP-02 07:04:00 123000','DD-Mon-RR HH24:MI:SS FF'),0);
INSERT INTO Reparto (id_orden,RFC_Repartidor,hora_salida,entregado) VALUES (33,'LAOG460926XPJ',TO_TIMESTAMP('10-SEP-02 12:23:00 123000','DD-Mon-RR HH24:MI:SS FF'),1);
INSERT INTO Reparto (id_orden,RFC_Repartidor,hora_salida,entregado) VALUES (34,'STTG363733EME',TO_TIMESTAMP('10-SEP-02 06:22:00 123000','DD-Mon-RR HH24:MI:SS FF'),1);
INSERT INTO Reparto (id_orden,RFC_Repartidor,hora_salida,entregado) VALUES (35,'GVXX989194WLU',TO_TIMESTAMP('10-SEP-02 00:54:00 123000','DD-Mon-RR HH24:MI:SS FF'),1);
INSERT INTO Reparto (id_orden,RFC_Repartidor,hora_salida,entregado) VALUES (36,'DYUS581612EHX',TO_TIMESTAMP('10-SEP-02 14:34:00 123000','DD-Mon-RR HH24:MI:SS FF'),0);
INSERT INTO Reparto (id_orden,RFC_Repartidor,hora_salida,entregado) VALUES (37,'CQAM120729SDH',TO_TIMESTAMP('10-SEP-02 17:45:00 123000','DD-Mon-RR HH24:MI:SS FF'),0);
INSERT INTO Reparto (id_orden,RFC_Repartidor,hora_salida,entregado) VALUES (38,'UXEI731115TTE',TO_TIMESTAMP('10-SEP-02 13:47:00 123000','DD-Mon-RR HH24:MI:SS FF'),0);
INSERT INTO Reparto (id_orden,RFC_Repartidor,hora_salida,entregado) VALUES (39,'BNBU168161DDD',TO_TIMESTAMP('10-SEP-02 21:43:00 123000','DD-Mon-RR HH24:MI:SS FF'),0);
INSERT INTO Reparto (id_orden,RFC_Repartidor,hora_salida,entregado) VALUES (40,'PKBE929253GWC',TO_TIMESTAMP('10-SEP-02 02:47:00 123000','DD-Mon-RR HH24:MI:SS FF'),0);
INSERT INTO Reparto (id_orden,RFC_Repartidor,hora_salida,entregado) VALUES (41,'FCTC655267ZMN',TO_TIMESTAMP('10-SEP-02 23:08:00 123000','DD-Mon-RR HH24:MI:SS FF'),0);
INSERT INTO Reparto (id_orden,RFC_Repartidor,hora_salida,entregado) VALUES (42,'VRWA637374NRX',TO_TIMESTAMP('10-SEP-02 23:35:00 123000','DD-Mon-RR HH24:MI:SS FF'),0);
INSERT INTO Reparto (id_orden,RFC_Repartidor,hora_salida,entregado) VALUES (43,'MPAO573674HCS',TO_TIMESTAMP('10-SEP-02 06:48:00 123000','DD-Mon-RR HH24:MI:SS FF'),1);
INSERT INTO Reparto (id_orden,RFC_Repartidor,hora_salida,entregado) VALUES (44,'RFWF055438AAG',TO_TIMESTAMP('10-SEP-02 23:53:00 123000','DD-Mon-RR HH24:MI:SS FF'),0);
INSERT INTO Reparto (id_orden,RFC_Repartidor,hora_salida,entregado) VALUES (45,'QETC818656HJW',TO_TIMESTAMP('10-SEP-02 20:20:00 123000','DD-Mon-RR HH24:MI:SS FF'),0);
INSERT INTO Reparto (id_orden,RFC_Repartidor,hora_salida,entregado) VALUES (46,'LXYG218684ZSU',TO_TIMESTAMP('10-SEP-02 09:41:00 123000','DD-Mon-RR HH24:MI:SS FF'),1);
INSERT INTO Reparto (id_orden,RFC_Repartidor,hora_salida,entregado) VALUES (47,'LEEN549824UDA',TO_TIMESTAMP('10-SEP-02 16:50:00 123000','DD-Mon-RR HH24:MI:SS FF'),0);
INSERT INTO Reparto (id_orden,RFC_Repartidor,hora_salida,entregado) VALUES (48,'BQMV017895VNK',TO_TIMESTAMP('10-SEP-02 03:21:00 123000','DD-Mon-RR HH24:MI:SS FF'),0);
INSERT INTO Reparto (id_orden,RFC_Repartidor,hora_salida,entregado) VALUES (49,'KVKF511251TFT',TO_TIMESTAMP('10-SEP-02 05:47:00 123000','DD-Mon-RR HH24:MI:SS FF'),1);
INSERT INTO Reparto (id_orden,RFC_Repartidor,hora_salida,entregado) VALUES (50,'GAMR658369QFQ',TO_TIMESTAMP('10-SEP-02 09:27:00 123000','DD-Mon-RR HH24:MI:SS FF'),1);
INSERT INTO Reparto (id_orden,RFC_Repartidor,hora_salida,entregado) VALUES (51,'JTAL612751GVR',TO_TIMESTAMP('10-SEP-02 17:15:00 123000','DD-Mon-RR HH24:MI:SS FF'),1);
INSERT INTO Reparto (id_orden,RFC_Repartidor,hora_salida,entregado) VALUES (52,'LAOG460926XPJ',TO_TIMESTAMP('10-SEP-02 02:01:00 123000','DD-Mon-RR HH24:MI:SS FF'),1);
INSERT INTO Reparto (id_orden,RFC_Repartidor,hora_salida,entregado) VALUES (53,'STTG363733EME',TO_TIMESTAMP('10-SEP-02 13:11:00 123000','DD-Mon-RR HH24:MI:SS FF'),1);
INSERT INTO Reparto (id_orden,RFC_Repartidor,hora_salida,entregado) VALUES (54,'GVXX989194WLU',TO_TIMESTAMP('10-SEP-02 10:42:00 123000','DD-Mon-RR HH24:MI:SS FF'),1);
INSERT INTO Reparto (id_orden,RFC_Repartidor,hora_salida,entregado) VALUES (55,'DYUS581612EHX',TO_TIMESTAMP('10-SEP-02 22:20:00 123000','DD-Mon-RR HH24:MI:SS FF'),0);
INSERT INTO Reparto (id_orden,RFC_Repartidor,hora_salida,entregado) VALUES (56,'CQAM120729SDH',TO_TIMESTAMP('10-SEP-02 02:57:00 123000','DD-Mon-RR HH24:MI:SS FF'),1);
INSERT INTO Reparto (id_orden,RFC_Repartidor,hora_salida,entregado) VALUES (57,'UXEI731115TTE',TO_TIMESTAMP('10-SEP-02 15:44:00 123000','DD-Mon-RR HH24:MI:SS FF'),0);
INSERT INTO Reparto (id_orden,RFC_Repartidor,hora_salida,entregado) VALUES (58,'BNBU168161DDD',TO_TIMESTAMP('10-SEP-02 05:50:00 123000','DD-Mon-RR HH24:MI:SS FF'),1);
INSERT INTO Reparto (id_orden,RFC_Repartidor,hora_salida,entregado) VALUES (59,'PKBE929253GWC',TO_TIMESTAMP('10-SEP-02 11:31:00 123000','DD-Mon-RR HH24:MI:SS FF'),1);
INSERT INTO Reparto (id_orden,RFC_Repartidor,hora_salida,entregado) VALUES (60,'FCTC655267ZMN',TO_TIMESTAMP('10-SEP-02 20:31:00 123000','DD-Mon-RR HH24:MI:SS FF'),1);
INSERT INTO Reparto (id_orden,RFC_Repartidor,hora_salida,entregado) VALUES (61,'VRWA637374NRX',TO_TIMESTAMP('10-SEP-02 15:14:00 123000','DD-Mon-RR HH24:MI:SS FF'),0);
INSERT INTO Reparto (id_orden,RFC_Repartidor,hora_salida,entregado) VALUES (62,'MPAO573674HCS',TO_TIMESTAMP('10-SEP-02 19:54:00 123000','DD-Mon-RR HH24:MI:SS FF'),0);
INSERT INTO Reparto (id_orden,RFC_Repartidor,hora_salida,entregado) VALUES (63,'RFWF055438AAG',TO_TIMESTAMP('10-SEP-02 17:32:00 123000','DD-Mon-RR HH24:MI:SS FF'),0);
INSERT INTO Reparto (id_orden,RFC_Repartidor,hora_salida,entregado) VALUES (64,'QETC818656HJW',TO_TIMESTAMP('10-SEP-02 04:47:00 123000','DD-Mon-RR HH24:MI:SS FF'),0);
INSERT INTO Reparto (id_orden,RFC_Repartidor,hora_salida,entregado) VALUES (65,'LXYG218684ZSU',TO_TIMESTAMP('10-SEP-02 22:56:00 123000','DD-Mon-RR HH24:MI:SS FF'),1);
INSERT INTO Reparto (id_orden,RFC_Repartidor,hora_salida,entregado) VALUES (66,'LEEN549824UDA',TO_TIMESTAMP('10-SEP-02 15:36:00 123000','DD-Mon-RR HH24:MI:SS FF'),0);
INSERT INTO Reparto (id_orden,RFC_Repartidor,hora_salida,entregado) VALUES (67,'BQMV017895VNK',TO_TIMESTAMP('10-SEP-02 04:37:00 123000','DD-Mon-RR HH24:MI:SS FF'),1);
INSERT INTO Reparto (id_orden,RFC_Repartidor,hora_salida,entregado) VALUES (68,'KVKF511251TFT',TO_TIMESTAMP('10-SEP-02 21:00:00 123000','DD-Mon-RR HH24:MI:SS FF'),1);
INSERT INTO Reparto (id_orden,RFC_Repartidor,hora_salida,entregado) VALUES (69,'GAMR658369QFQ',TO_TIMESTAMP('10-SEP-02 08:24:00 123000','DD-Mon-RR HH24:MI:SS FF'),1);
INSERT INTO Reparto (id_orden,RFC_Repartidor,hora_salida,entregado) VALUES (70,'JTAL612751GVR',TO_TIMESTAMP('10-SEP-02 08:33:00 123000','DD-Mon-RR HH24:MI:SS FF'),1);
INSERT INTO Reparto (id_orden,RFC_Repartidor,hora_salida,entregado) VALUES (71,'LAOG460926XPJ',TO_TIMESTAMP('10-SEP-02 22:49:00 123000','DD-Mon-RR HH24:MI:SS FF'),0);
INSERT INTO Reparto (id_orden,RFC_Repartidor,hora_salida,entregado) VALUES (72,'STTG363733EME',TO_TIMESTAMP('10-SEP-02 10:04:00 123000','DD-Mon-RR HH24:MI:SS FF'),0);
INSERT INTO Reparto (id_orden,RFC_Repartidor,hora_salida,entregado) VALUES (73,'GVXX989194WLU',TO_TIMESTAMP('10-SEP-02 16:41:00 123000','DD-Mon-RR HH24:MI:SS FF'),1);
INSERT INTO Reparto (id_orden,RFC_Repartidor,hora_salida,entregado) VALUES (74,'DYUS581612EHX',TO_TIMESTAMP('10-SEP-02 03:13:00 123000','DD-Mon-RR HH24:MI:SS FF'),1);
INSERT INTO Reparto (id_orden,RFC_Repartidor,hora_salida,entregado) VALUES (75,'CQAM120729SDH',TO_TIMESTAMP('10-SEP-02 05:23:00 123000','DD-Mon-RR HH24:MI:SS FF'),1);
INSERT INTO Reparto (id_orden,RFC_Repartidor,hora_salida,entregado) VALUES (76,'UXEI731115TTE',TO_TIMESTAMP('10-SEP-02 04:50:00 123000','DD-Mon-RR HH24:MI:SS FF'),0);
INSERT INTO Reparto (id_orden,RFC_Repartidor,hora_salida,entregado) VALUES (77,'BNBU168161DDD',TO_TIMESTAMP('10-SEP-02 11:38:00 123000','DD-Mon-RR HH24:MI:SS FF'),0);
INSERT INTO Reparto (id_orden,RFC_Repartidor,hora_salida,entregado) VALUES (78,'PKBE929253GWC',TO_TIMESTAMP('10-SEP-02 09:44:00 123000','DD-Mon-RR HH24:MI:SS FF'),1);
INSERT INTO Reparto (id_orden,RFC_Repartidor,hora_salida,entregado) VALUES (79,'FCTC655267ZMN',TO_TIMESTAMP('10-SEP-02 16:04:00 123000','DD-Mon-RR HH24:MI:SS FF'),1);
INSERT INTO Reparto (id_orden,RFC_Repartidor,hora_salida,entregado) VALUES (80,'VRWA637374NRX',TO_TIMESTAMP('10-SEP-02 12:50:00 123000','DD-Mon-RR HH24:MI:SS FF'),1);
INSERT INTO Reparto (id_orden,RFC_Repartidor,hora_salida,entregado) VALUES (81,'MPAO573674HCS',TO_TIMESTAMP('10-SEP-02 23:43:00 123000','DD-Mon-RR HH24:MI:SS FF'),0);
INSERT INTO Reparto (id_orden,RFC_Repartidor,hora_salida,entregado) VALUES (82,'RFWF055438AAG',TO_TIMESTAMP('10-SEP-02 20:52:00 123000','DD-Mon-RR HH24:MI:SS FF'),0);
INSERT INTO Reparto (id_orden,RFC_Repartidor,hora_salida,entregado) VALUES (83,'QETC818656HJW',TO_TIMESTAMP('10-SEP-02 02:58:00 123000','DD-Mon-RR HH24:MI:SS FF'),0);
INSERT INTO Reparto (id_orden,RFC_Repartidor,hora_salida,entregado) VALUES (84,'LXYG218684ZSU',TO_TIMESTAMP('10-SEP-02 03:37:00 123000','DD-Mon-RR HH24:MI:SS FF'),0);
INSERT INTO Reparto (id_orden,RFC_Repartidor,hora_salida,entregado) VALUES (85,'LEEN549824UDA',TO_TIMESTAMP('10-SEP-02 03:27:00 123000','DD-Mon-RR HH24:MI:SS FF'),1);
INSERT INTO Reparto (id_orden,RFC_Repartidor,hora_salida,entregado) VALUES (86,'BQMV017895VNK',TO_TIMESTAMP('10-SEP-02 18:17:00 123000','DD-Mon-RR HH24:MI:SS FF'),1);
INSERT INTO Reparto (id_orden,RFC_Repartidor,hora_salida,entregado) VALUES (87,'KVKF511251TFT',TO_TIMESTAMP('10-SEP-02 08:47:00 123000','DD-Mon-RR HH24:MI:SS FF'),0);
INSERT INTO Reparto (id_orden,RFC_Repartidor,hora_salida,entregado) VALUES (88,'GAMR658369QFQ',TO_TIMESTAMP('10-SEP-02 00:32:00 123000','DD-Mon-RR HH24:MI:SS FF'),0);
INSERT INTO Reparto (id_orden,RFC_Repartidor,hora_salida,entregado) VALUES (89,'JTAL612751GVR',TO_TIMESTAMP('10-SEP-02 11:14:00 123000','DD-Mon-RR HH24:MI:SS FF'),0);
INSERT INTO Reparto (id_orden,RFC_Repartidor,hora_salida,entregado) VALUES (90,'LAOG460926XPJ',TO_TIMESTAMP('10-SEP-02 14:32:00 123000','DD-Mon-RR HH24:MI:SS FF'),0);
INSERT INTO Reparto (id_orden,RFC_Repartidor,hora_salida,entregado) VALUES (91,'STTG363733EME',TO_TIMESTAMP('10-SEP-02 20:08:00 123000','DD-Mon-RR HH24:MI:SS FF'),1);
INSERT INTO Reparto (id_orden,RFC_Repartidor,hora_salida,entregado) VALUES (92,'GVXX989194WLU',TO_TIMESTAMP('10-SEP-02 02:47:00 123000','DD-Mon-RR HH24:MI:SS FF'),1);
INSERT INTO Reparto (id_orden,RFC_Repartidor,hora_salida,entregado) VALUES (93,'DYUS581612EHX',TO_TIMESTAMP('10-SEP-02 14:33:00 123000','DD-Mon-RR HH24:MI:SS FF'),1);
INSERT INTO Reparto (id_orden,RFC_Repartidor,hora_salida,entregado) VALUES (94,'CQAM120729SDH',TO_TIMESTAMP('10-SEP-02 04:02:00 123000','DD-Mon-RR HH24:MI:SS FF'),0);
INSERT INTO Reparto (id_orden,RFC_Repartidor,hora_salida,entregado) VALUES (95,'UXEI731115TTE',TO_TIMESTAMP('10-SEP-02 19:02:00 123000','DD-Mon-RR HH24:MI:SS FF'),1);
INSERT INTO Reparto (id_orden,RFC_Repartidor,hora_salida,entregado) VALUES (96,'BNBU168161DDD',TO_TIMESTAMP('10-SEP-02 23:09:00 123000','DD-Mon-RR HH24:MI:SS FF'),1);
INSERT INTO Reparto (id_orden,RFC_Repartidor,hora_salida,entregado) VALUES (97,'PKBE929253GWC',TO_TIMESTAMP('10-SEP-02 18:26:00 123000','DD-Mon-RR HH24:MI:SS FF'),0);
INSERT INTO Reparto (id_orden,RFC_Repartidor,hora_salida,entregado) VALUES (98,'FCTC655267ZMN',TO_TIMESTAMP('10-SEP-02 14:34:00 123000','DD-Mon-RR HH24:MI:SS FF'),1);
INSERT INTO Reparto (id_orden,RFC_Repartidor,hora_salida,entregado) VALUES (99,'VRWA637374NRX',TO_TIMESTAMP('10-SEP-02 23:52:00 123000','DD-Mon-RR HH24:MI:SS FF'),1);
INSERT INTO Reparto (id_orden,RFC_Repartidor,hora_salida,entregado) VALUES (100,'MPAO573674HCS',TO_TIMESTAMP('10-SEP-02 07:00:00 123000','DD-Mon-RR HH24:MI:SS FF'),1)

INSERT INTO Restricciones_Alimentos (id_sucursal,id_alimento,fecha_restriccion) VALUES (1,48,'11/11/2017');
INSERT INTO Restricciones_Alimentos (id_sucursal,id_alimento,fecha_restriccion) VALUES (2,37,'21/08/2017');
INSERT INTO Restricciones_Alimentos (id_sucursal,id_alimento,fecha_restriccion) VALUES (3,39,'26/04/2017');
INSERT INTO Restricciones_Alimentos (id_sucursal,id_alimento,fecha_restriccion) VALUES (4,93,'06/09/2017');
INSERT INTO Restricciones_Alimentos (id_sucursal,id_alimento,fecha_restriccion) VALUES (5,20,'14/06/2018');
INSERT INTO Restricciones_Alimentos (id_sucursal,id_alimento,fecha_restriccion) VALUES (6,15,'22/11/2018');
INSERT INTO Restricciones_Alimentos (id_sucursal,id_alimento,fecha_restriccion) VALUES (7,31,'20/07/2018');
INSERT INTO Restricciones_Alimentos (id_sucursal,id_alimento,fecha_restriccion) VALUES (8,10,'08/12/2017');
INSERT INTO Restricciones_Alimentos (id_sucursal,id_alimento,fecha_restriccion) VALUES (9,99,'19/11/2017');
INSERT INTO Restricciones_Alimentos (id_sucursal,id_alimento,fecha_restriccion) VALUES (10,81,'25/08/2017');
INSERT INTO Restricciones_Alimentos (id_sucursal,id_alimento,fecha_restriccion) VALUES (11,17,'11/06/2018');
INSERT INTO Restricciones_Alimentos (id_sucursal,id_alimento,fecha_restriccion) VALUES (12,44,'07/07/2018');
INSERT INTO Restricciones_Alimentos (id_sucursal,id_alimento,fecha_restriccion) VALUES (13,29,'17/08/2017');
INSERT INTO Restricciones_Alimentos (id_sucursal,id_alimento,fecha_restriccion) VALUES (14,17,'28/08/2018');
INSERT INTO Restricciones_Alimentos (id_sucursal,id_alimento,fecha_restriccion) VALUES (15,75,'02/02/2017');
INSERT INTO Restricciones_Alimentos (id_sucursal,id_alimento,fecha_restriccion) VALUES (16,85,'27/09/2018');
INSERT INTO Restricciones_Alimentos (id_sucursal,id_alimento,fecha_restriccion) VALUES (17,30,'22/01/2017');
INSERT INTO Restricciones_Alimentos (id_sucursal,id_alimento,fecha_restriccion) VALUES (18,16,'16/01/2018');
INSERT INTO Restricciones_Alimentos (id_sucursal,id_alimento,fecha_restriccion) VALUES (19,16,'17/06/2018');
INSERT INTO Restricciones_Alimentos (id_sucursal,id_alimento,fecha_restriccion) VALUES (20,47,'25/07/2017');
INSERT INTO Restricciones_Alimentos (id_sucursal,id_alimento,fecha_restriccion) VALUES (21,49,'30/11/2017');
INSERT INTO Restricciones_Alimentos (id_sucursal,id_alimento,fecha_restriccion) VALUES (22,88,'16/06/2017');
INSERT INTO Restricciones_Alimentos (id_sucursal,id_alimento,fecha_restriccion) VALUES (23,93,'12/05/2018');
INSERT INTO Restricciones_Alimentos (id_sucursal,id_alimento,fecha_restriccion) VALUES (24,89,'26/09/2018');
INSERT INTO Restricciones_Alimentos (id_sucursal,id_alimento,fecha_restriccion) VALUES (25,53,'09/11/2017');
INSERT INTO Restricciones_Alimentos (id_sucursal,id_alimento,fecha_restriccion) VALUES (26,2,'19/11/2018');
INSERT INTO Restricciones_Alimentos (id_sucursal,id_alimento,fecha_restriccion) VALUES (27,25,'02/06/2017');
INSERT INTO Restricciones_Alimentos (id_sucursal,id_alimento,fecha_restriccion) VALUES (28,36,'10/06/2018');
INSERT INTO Restricciones_Alimentos (id_sucursal,id_alimento,fecha_restriccion) VALUES (29,29,'18/08/2018');
INSERT INTO Restricciones_Alimentos (id_sucursal,id_alimento,fecha_restriccion) VALUES (30,67,'04/04/2017');
INSERT INTO Restricciones_Alimentos (id_sucursal,id_alimento,fecha_restriccion) VALUES (31,97,'10/08/2018');
INSERT INTO Restricciones_Alimentos (id_sucursal,id_alimento,fecha_restriccion) VALUES (32,82,'27/04/2017');
INSERT INTO Restricciones_Alimentos (id_sucursal,id_alimento,fecha_restriccion) VALUES (33,34,'12/04/2017');
INSERT INTO Restricciones_Alimentos (id_sucursal,id_alimento,fecha_restriccion) VALUES (34,72,'04/09/2017');
INSERT INTO Restricciones_Alimentos (id_sucursal,id_alimento,fecha_restriccion) VALUES (35,19,'09/03/2018');
INSERT INTO Restricciones_Alimentos (id_sucursal,id_alimento,fecha_restriccion) VALUES (36,43,'22/02/2017');
INSERT INTO Restricciones_Alimentos (id_sucursal,id_alimento,fecha_restriccion) VALUES (37,89,'21/01/2017');
INSERT INTO Restricciones_Alimentos (id_sucursal,id_alimento,fecha_restriccion) VALUES (38,96,'28/09/2018');
INSERT INTO Restricciones_Alimentos (id_sucursal,id_alimento,fecha_restriccion) VALUES (39,99,'15/04/2018');
INSERT INTO Restricciones_Alimentos (id_sucursal,id_alimento,fecha_restriccion) VALUES (40,91,'18/08/2017');
INSERT INTO Restricciones_Alimentos (id_sucursal,id_alimento,fecha_restriccion) VALUES (41,88,'05/07/2018');
INSERT INTO Restricciones_Alimentos (id_sucursal,id_alimento,fecha_restriccion) VALUES (42,60,'15/03/2018');
INSERT INTO Restricciones_Alimentos (id_sucursal,id_alimento,fecha_restriccion) VALUES (43,67,'06/09/2018');
INSERT INTO Restricciones_Alimentos (id_sucursal,id_alimento,fecha_restriccion) VALUES (44,49,'16/05/2017');
INSERT INTO Restricciones_Alimentos (id_sucursal,id_alimento,fecha_restriccion) VALUES (45,16,'08/06/2017');
INSERT INTO Restricciones_Alimentos (id_sucursal,id_alimento,fecha_restriccion) VALUES (46,79,'27/05/2017');
INSERT INTO Restricciones_Alimentos (id_sucursal,id_alimento,fecha_restriccion) VALUES (47,72,'26/11/2018');
INSERT INTO Restricciones_Alimentos (id_sucursal,id_alimento,fecha_restriccion) VALUES (48,97,'27/01/2018');
INSERT INTO Restricciones_Alimentos (id_sucursal,id_alimento,fecha_restriccion) VALUES (49,17,'08/01/2018');
INSERT INTO Restricciones_Alimentos (id_sucursal,id_alimento,fecha_restriccion) VALUES (50,40,'22/11/2017');

INSERT INTO Pedido (id_pedido,id_orden,id_alimento,cantidad_alimento,unidad_alimento,subtotal) VALUES (101,101,86,6,'Litros','6155.74');
INSERT INTO Pedido (id_pedido,id_orden,id_alimento,cantidad_alimento,unidad_alimento,subtotal) VALUES (102,102,4,49,'Litros','9120.22');
INSERT INTO Pedido (id_pedido,id_orden,id_alimento,cantidad_alimento,unidad_alimento,subtotal) VALUES (103,103,62,7,'Litros','2236.34');
INSERT INTO Pedido (id_pedido,id_orden,id_alimento,cantidad_alimento,unidad_alimento,subtotal) VALUES (104,104,54,36,'Mililitro','3639.04');
INSERT INTO Pedido (id_pedido,id_orden,id_alimento,cantidad_alimento,unidad_alimento,subtotal) VALUES (105,105,41,57,'Miligramo','8200.40');
INSERT INTO Pedido (id_pedido,id_orden,id_alimento,cantidad_alimento,unidad_alimento,subtotal) VALUES (106,106,93,76,'Miligramo','7488.15');
INSERT INTO Pedido (id_pedido,id_orden,id_alimento,cantidad_alimento,unidad_alimento,subtotal) VALUES (107,107,64,19,'Litros','3320.42');
INSERT INTO Pedido (id_pedido,id_orden,id_alimento,cantidad_alimento,unidad_alimento,subtotal) VALUES (108,108,82,39,'Kilos','9248.98');
INSERT INTO Pedido (id_pedido,id_orden,id_alimento,cantidad_alimento,unidad_alimento,subtotal) VALUES (109,109,67,4,'Miligramo','2202.44');
INSERT INTO Pedido (id_pedido,id_orden,id_alimento,cantidad_alimento,unidad_alimento,subtotal) VALUES (110,110,39,32,'Litros','5751.24');
INSERT INTO Pedido (id_pedido,id_orden,id_alimento,cantidad_alimento,unidad_alimento,subtotal) VALUES (111,111,66,76,'Litros','2653.08');
INSERT INTO Pedido (id_pedido,id_orden,id_alimento,cantidad_alimento,unidad_alimento,subtotal) VALUES (112,112,81,87,'Miligramo','314.00');
INSERT INTO Pedido (id_pedido,id_orden,id_alimento,cantidad_alimento,unidad_alimento,subtotal) VALUES (113,113,56,76,'Mililitro','5318.37');
INSERT INTO Pedido (id_pedido,id_orden,id_alimento,cantidad_alimento,unidad_alimento,subtotal) VALUES (114,114,93,61,'Mililitro','291.42');
INSERT INTO Pedido (id_pedido,id_orden,id_alimento,cantidad_alimento,unidad_alimento,subtotal) VALUES (115,115,65,54,'Litros','9586.03');
INSERT INTO Pedido (id_pedido,id_orden,id_alimento,cantidad_alimento,unidad_alimento,subtotal) VALUES (116,116,50,64,'Miligramo','4604.11');
INSERT INTO Pedido (id_pedido,id_orden,id_alimento,cantidad_alimento,unidad_alimento,subtotal) VALUES (117,117,46,20,'Miligramo','2223.70');
INSERT INTO Pedido (id_pedido,id_orden,id_alimento,cantidad_alimento,unidad_alimento,subtotal) VALUES (118,118,4,22,'Mililitro','732.41');
INSERT INTO Pedido (id_pedido,id_orden,id_alimento,cantidad_alimento,unidad_alimento,subtotal) VALUES (119,119,4,9,'Mililitro','9467.78');
INSERT INTO Pedido (id_pedido,id_orden,id_alimento,cantidad_alimento,unidad_alimento,subtotal) VALUES (120,120,19,18,'Litros','4347.82');
INSERT INTO Pedido (id_pedido,id_orden,id_alimento,cantidad_alimento,unidad_alimento,subtotal) VALUES (121,121,24,13,'Kilos','8876.51');
INSERT INTO Pedido (id_pedido,id_orden,id_alimento,cantidad_alimento,unidad_alimento,subtotal) VALUES (122,122,46,39,'Litros','6354.36');
INSERT INTO Pedido (id_pedido,id_orden,id_alimento,cantidad_alimento,unidad_alimento,subtotal) VALUES (123,123,24,30,'Miligramo','6284.64');
INSERT INTO Pedido (id_pedido,id_orden,id_alimento,cantidad_alimento,unidad_alimento,subtotal) VALUES (124,124,46,33,'Miligramo','7048.31');
INSERT INTO Pedido (id_pedido,id_orden,id_alimento,cantidad_alimento,unidad_alimento,subtotal) VALUES (125,125,61,77,'Litros','4326.00');
INSERT INTO Pedido (id_pedido,id_orden,id_alimento,cantidad_alimento,unidad_alimento,subtotal) VALUES (126,126,62,65,'Mililitro','3351.48');
INSERT INTO Pedido (id_pedido,id_orden,id_alimento,cantidad_alimento,unidad_alimento,subtotal) VALUES (127,127,81,16,'Mililitro','2916.47');
INSERT INTO Pedido (id_pedido,id_orden,id_alimento,cantidad_alimento,unidad_alimento,subtotal) VALUES (128,128,87,3,'Miligramo','1349.60');
INSERT INTO Pedido (id_pedido,id_orden,id_alimento,cantidad_alimento,unidad_alimento,subtotal) VALUES (129,129,14,73,'Mililitro','2502.15');
INSERT INTO Pedido (id_pedido,id_orden,id_alimento,cantidad_alimento,unidad_alimento,subtotal) VALUES (130,130,58,8,'Litros','8903.15');
INSERT INTO Pedido (id_pedido,id_orden,id_alimento,cantidad_alimento,unidad_alimento,subtotal) VALUES (131,131,61,28,'Litros','335.70');
INSERT INTO Pedido (id_pedido,id_orden,id_alimento,cantidad_alimento,unidad_alimento,subtotal) VALUES (132,132,35,47,'Litros','7318.62');
INSERT INTO Pedido (id_pedido,id_orden,id_alimento,cantidad_alimento,unidad_alimento,subtotal) VALUES (133,133,30,54,'Litros','4492.41');
INSERT INTO Pedido (id_pedido,id_orden,id_alimento,cantidad_alimento,unidad_alimento,subtotal) VALUES (134,134,35,54,'Kilos','250.60');
INSERT INTO Pedido (id_pedido,id_orden,id_alimento,cantidad_alimento,unidad_alimento,subtotal) VALUES (135,135,37,62,'Miligramo','1253.83');
INSERT INTO Pedido (id_pedido,id_orden,id_alimento,cantidad_alimento,unidad_alimento,subtotal) VALUES (136,136,31,47,'Kilos','966.26');
INSERT INTO Pedido (id_pedido,id_orden,id_alimento,cantidad_alimento,unidad_alimento,subtotal) VALUES (137,137,85,80,'Kilos','5737.62');
INSERT INTO Pedido (id_pedido,id_orden,id_alimento,cantidad_alimento,unidad_alimento,subtotal) VALUES (138,138,90,19,'Mililitro','2718.16');
INSERT INTO Pedido (id_pedido,id_orden,id_alimento,cantidad_alimento,unidad_alimento,subtotal) VALUES (139,139,99,19,'Mililitro','1649.51');
INSERT INTO Pedido (id_pedido,id_orden,id_alimento,cantidad_alimento,unidad_alimento,subtotal) VALUES (140,140,90,8,'Mililitro','9947.42');
INSERT INTO Pedido (id_pedido,id_orden,id_alimento,cantidad_alimento,unidad_alimento,subtotal) VALUES (141,141,40,65,'Litros','3878.94');
INSERT INTO Pedido (id_pedido,id_orden,id_alimento,cantidad_alimento,unidad_alimento,subtotal) VALUES (142,142,11,27,'Kilos','8497.55');
INSERT INTO Pedido (id_pedido,id_orden,id_alimento,cantidad_alimento,unidad_alimento,subtotal) VALUES (143,143,42,11,'Miligramo','3294.28');
INSERT INTO Pedido (id_pedido,id_orden,id_alimento,cantidad_alimento,unidad_alimento,subtotal) VALUES (144,144,18,46,'Miligramo','2521.40');
INSERT INTO Pedido (id_pedido,id_orden,id_alimento,cantidad_alimento,unidad_alimento,subtotal) VALUES (145,145,54,85,'Kilos','7478.15');
INSERT INTO Pedido (id_pedido,id_orden,id_alimento,cantidad_alimento,unidad_alimento,subtotal) VALUES (146,146,54,70,'Mililitro','6492.58');
INSERT INTO Pedido (id_pedido,id_orden,id_alimento,cantidad_alimento,unidad_alimento,subtotal) VALUES (147,147,26,6,'Litros','9187.53');
INSERT INTO Pedido (id_pedido,id_orden,id_alimento,cantidad_alimento,unidad_alimento,subtotal) VALUES (148,148,68,36,'Miligramo','8555.41');
INSERT INTO Pedido (id_pedido,id_orden,id_alimento,cantidad_alimento,unidad_alimento,subtotal) VALUES (149,149,91,32,'Miligramo','8815.63');
INSERT INTO Pedido (id_pedido,id_orden,id_alimento,cantidad_alimento,unidad_alimento,subtotal) VALUES (150,150,51,75,'Litros','8259.80');
INSERT INTO Pedido (id_pedido,id_orden,id_alimento,cantidad_alimento,unidad_alimento,subtotal) VALUES (151,151,31,46,'Mililitro','4504.87');
INSERT INTO Pedido (id_pedido,id_orden,id_alimento,cantidad_alimento,unidad_alimento,subtotal) VALUES (152,152,72,5,'Miligramo','7362.36');
INSERT INTO Pedido (id_pedido,id_orden,id_alimento,cantidad_alimento,unidad_alimento,subtotal) VALUES (153,153,70,50,'Miligramo','9413.27');
INSERT INTO Pedido (id_pedido,id_orden,id_alimento,cantidad_alimento,unidad_alimento,subtotal) VALUES (154,154,34,42,'Kilos','766.46');
INSERT INTO Pedido (id_pedido,id_orden,id_alimento,cantidad_alimento,unidad_alimento,subtotal) VALUES (155,155,3,91,'Miligramo','5198.25');
INSERT INTO Pedido (id_pedido,id_orden,id_alimento,cantidad_alimento,unidad_alimento,subtotal) VALUES (156,156,14,20,'Litros','4232.09');
INSERT INTO Pedido (id_pedido,id_orden,id_alimento,cantidad_alimento,unidad_alimento,subtotal) VALUES (157,157,26,85,'Litros','7833.34');
INSERT INTO Pedido (id_pedido,id_orden,id_alimento,cantidad_alimento,unidad_alimento,subtotal) VALUES (158,158,25,94,'Mililitro','5031.59');
INSERT INTO Pedido (id_pedido,id_orden,id_alimento,cantidad_alimento,unidad_alimento,subtotal) VALUES (159,159,78,76,'Mililitro','4272.46');
INSERT INTO Pedido (id_pedido,id_orden,id_alimento,cantidad_alimento,unidad_alimento,subtotal) VALUES (160,160,93,30,'Mililitro','5516.65');
INSERT INTO Pedido (id_pedido,id_orden,id_alimento,cantidad_alimento,unidad_alimento,subtotal) VALUES (161,161,50,9,'Kilos','1887.79');
INSERT INTO Pedido (id_pedido,id_orden,id_alimento,cantidad_alimento,unidad_alimento,subtotal) VALUES (162,162,86,99,'Mililitro','8826.18');
INSERT INTO Pedido (id_pedido,id_orden,id_alimento,cantidad_alimento,unidad_alimento,subtotal) VALUES (163,163,6,100,'Litros','4755.63');
INSERT INTO Pedido (id_pedido,id_orden,id_alimento,cantidad_alimento,unidad_alimento,subtotal) VALUES (164,164,63,16,'Kilos','9194.32');
INSERT INTO Pedido (id_pedido,id_orden,id_alimento,cantidad_alimento,unidad_alimento,subtotal) VALUES (165,165,26,13,'Mililitro','8621.44');
INSERT INTO Pedido (id_pedido,id_orden,id_alimento,cantidad_alimento,unidad_alimento,subtotal) VALUES (166,166,47,21,'Mililitro','7422.46');
INSERT INTO Pedido (id_pedido,id_orden,id_alimento,cantidad_alimento,unidad_alimento,subtotal) VALUES (167,167,82,48,'Kilos','8765.37');
INSERT INTO Pedido (id_pedido,id_orden,id_alimento,cantidad_alimento,unidad_alimento,subtotal) VALUES (168,168,80,41,'Miligramo','380.15');
INSERT INTO Pedido (id_pedido,id_orden,id_alimento,cantidad_alimento,unidad_alimento,subtotal) VALUES (169,169,67,21,'Litros','6954.94');
INSERT INTO Pedido (id_pedido,id_orden,id_alimento,cantidad_alimento,unidad_alimento,subtotal) VALUES (170,170,11,10,'Kilos','9632.27');
INSERT INTO Pedido (id_pedido,id_orden,id_alimento,cantidad_alimento,unidad_alimento,subtotal) VALUES (171,171,39,97,'Miligramo','3135.14');
INSERT INTO Pedido (id_pedido,id_orden,id_alimento,cantidad_alimento,unidad_alimento,subtotal) VALUES (172,172,7,62,'Litros','3718.81');
INSERT INTO Pedido (id_pedido,id_orden,id_alimento,cantidad_alimento,unidad_alimento,subtotal) VALUES (173,173,1,97,'Mililitro','683.52');
INSERT INTO Pedido (id_pedido,id_orden,id_alimento,cantidad_alimento,unidad_alimento,subtotal) VALUES (174,174,9,9,'Mililitro','6501.66');
INSERT INTO Pedido (id_pedido,id_orden,id_alimento,cantidad_alimento,unidad_alimento,subtotal) VALUES (175,175,97,87,'Miligramo','4177.74');
INSERT INTO Pedido (id_pedido,id_orden,id_alimento,cantidad_alimento,unidad_alimento,subtotal) VALUES (176,176,71,3,'Litros','5928.36');
INSERT INTO Pedido (id_pedido,id_orden,id_alimento,cantidad_alimento,unidad_alimento,subtotal) VALUES (177,177,37,58,'Litros','984.67');
INSERT INTO Pedido (id_pedido,id_orden,id_alimento,cantidad_alimento,unidad_alimento,subtotal) VALUES (178,178,22,28,'Litros','8636.28');
INSERT INTO Pedido (id_pedido,id_orden,id_alimento,cantidad_alimento,unidad_alimento,subtotal) VALUES (179,179,38,44,'Litros','3474.44');
INSERT INTO Pedido (id_pedido,id_orden,id_alimento,cantidad_alimento,unidad_alimento,subtotal) VALUES (180,180,89,32,'Kilos','7548.37');
INSERT INTO Pedido (id_pedido,id_orden,id_alimento,cantidad_alimento,unidad_alimento,subtotal) VALUES (181,181,41,16,'Mililitro','9992.85');
INSERT INTO Pedido (id_pedido,id_orden,id_alimento,cantidad_alimento,unidad_alimento,subtotal) VALUES (182,182,23,54,'Miligramo','5893.61');
INSERT INTO Pedido (id_pedido,id_orden,id_alimento,cantidad_alimento,unidad_alimento,subtotal) VALUES (183,183,22,68,'Miligramo','4592.20');
INSERT INTO Pedido (id_pedido,id_orden,id_alimento,cantidad_alimento,unidad_alimento,subtotal) VALUES (184,184,4,29,'Litros','5405.42');
INSERT INTO Pedido (id_pedido,id_orden,id_alimento,cantidad_alimento,unidad_alimento,subtotal) VALUES (185,185,46,43,'Miligramo','2775.16');
INSERT INTO Pedido (id_pedido,id_orden,id_alimento,cantidad_alimento,unidad_alimento,subtotal) VALUES (186,186,48,72,'Litros','4415.40');
INSERT INTO Pedido (id_pedido,id_orden,id_alimento,cantidad_alimento,unidad_alimento,subtotal) VALUES (187,187,65,51,'Kilos','1323.96');
INSERT INTO Pedido (id_pedido,id_orden,id_alimento,cantidad_alimento,unidad_alimento,subtotal) VALUES (188,188,63,98,'Kilos','2105.10');
INSERT INTO Pedido (id_pedido,id_orden,id_alimento,cantidad_alimento,unidad_alimento,subtotal) VALUES (189,189,24,66,'Miligramo','8050.42');
INSERT INTO Pedido (id_pedido,id_orden,id_alimento,cantidad_alimento,unidad_alimento,subtotal) VALUES (190,190,97,52,'Miligramo','385.59');
INSERT INTO Pedido (id_pedido,id_orden,id_alimento,cantidad_alimento,unidad_alimento,subtotal) VALUES (191,191,3,71,'Litros','6386.41');
INSERT INTO Pedido (id_pedido,id_orden,id_alimento,cantidad_alimento,unidad_alimento,subtotal) VALUES (192,192,25,94,'Litros','6310.06');
INSERT INTO Pedido (id_pedido,id_orden,id_alimento,cantidad_alimento,unidad_alimento,subtotal) VALUES (193,193,67,55,'Litros','8335.13');
INSERT INTO Pedido (id_pedido,id_orden,id_alimento,cantidad_alimento,unidad_alimento,subtotal) VALUES (194,194,61,91,'Litros','8473.81');
INSERT INTO Pedido (id_pedido,id_orden,id_alimento,cantidad_alimento,unidad_alimento,subtotal) VALUES (195,195,11,57,'Litros','8745.54');
INSERT INTO Pedido (id_pedido,id_orden,id_alimento,cantidad_alimento,unidad_alimento,subtotal) VALUES (196,196,7,30,'Litros','2749.56');
INSERT INTO Pedido (id_pedido,id_orden,id_alimento,cantidad_alimento,unidad_alimento,subtotal) VALUES (197,197,52,66,'Miligramo','2958.44');
INSERT INTO Pedido (id_pedido,id_orden,id_alimento,cantidad_alimento,unidad_alimento,subtotal) VALUES (198,198,75,35,'Kilos','6693.74');
INSERT INTO Pedido (id_pedido,id_orden,id_alimento,cantidad_alimento,unidad_alimento,subtotal) VALUES (199,199,86,97,'Miligramo','1985.19');
INSERT INTO Pedido (id_pedido,id_orden,id_alimento,cantidad_alimento,unidad_alimento,subtotal) VALUES (200,200,2,38,'Mililitro','206.93');
